{
  "type": "FeatureCollection",
  "crs": {
    "type": "local-meters",
    "note": "coordinate [x, z] in metri, vedi coords.py"
  },
  "features": [
    {
      "type": "Feature",
      "id": 23360275,
      "geometry": {
        "type": "Polygon",
        "coordinates": [
          [
            [
              474.42,
              102.513
            ],
            [
              481.88,
              105.4
            ],
            [
              483.117,
              102.235
            ],
            [
              489.639,
              104.767
            ],
            [
              488.568,
              107.499
            ],
            [
              489.664,
              107.932
            ],
            [
              465.236,
              170.044
            ],
            [
              463.816,
              173.965
            ],
            [
              457.553,
              190.059
            ],
            [
              455.825,
              189.393
            ],
            [
              454.936,
              191.659
            ],
            [
              448.656,
              189.227
            ],
            [
              449.71,
              186.528
            ],
            [
              442.665,
              183.796
            ],
            [
              474.42,
              102.513
            ]
          ]
        ]
      },
      "properties": {
        "osm_id": 23360275,
        "name": "Palazzo dell'ENI",
        "building": "office",
        "height_m": 85.5,
        "levels": "22"
      }
    },
    {
      "type": "Feature",
      "id": 23528669,
      "geometry": {
        "type": "Polygon",
        "coordinates": [
          [
            [
              55.437,
              289.259
            ],
            [
              71.82,
              294.257
            ],
            [
              86.175,
              303.565
            ],
            [
              97.407,
              316.46
            ],
            [
              104.619,
              331.932
            ],
            [
              107.277,
              348.803
            ],
            [
              105.151,
              365.73
            ],
            [
              98.422,
              381.436
            ],
            [
              87.605,
              394.664
            ],
            [
              73.54,
              404.416
            ],
            [
              57.324,
              409.926
            ],
            [
              40.21,
              410.759
            ],
            [
              24.234,
              407.116
            ],
            [
              9.787,
              399.407
            ],
            [
              -2.094,
              388.167
            ],
            [
              -10.584,
              374.195
            ],
            [
              -15.062,
              358.489
            ],
            [
              -15.211,
              342.162
            ],
            [
              -11.033,
              326.379
            ],
            [
              -2.816,
              312.251
            ],
            [
              8.856,
              300.788
            ],
            [
              23.145,
              292.803
            ],
            [
              39.054,
              288.871
            ],
            [
              55.437,
              289.259
            ]
          ]
        ]
      },
      "properties": {
        "osm_id": 23528669,
        "name": "Palazzo dello Sport",
        "building": "arena",
        "height_m": 9.0,
        "levels": null
      }
    },
    {
      "type": "Feature",
      "id": 27237719,
      "geometry": {
        "type": "Polygon",
        "coordinates": [
          [
            [
              447.787,
              253.836
            ],
            [
              506.598,
              278.201
            ],
            [
              495.038,
              215.703
            ],
            [
              447.787,
              253.836
            ]
          ]
        ]
      },
      "properties": {
        "osm_id": 27237719,
        "name": "ENI",
        "building": "yes",
        "height_m": 3.0,
        "levels": "1"
      }
    },
    {
      "type": "Feature",
      "id": 44463657,
      "geometry": {
        "type": "Polygon",
        "coordinates": [
          [
            [
              163.683,
              -180.613
            ],
            [
              149.61,
              -185.899
            ],
            [
              162.104,
              -218.932
            ],
            [
              127.903,
              -231.771
            ],
            [
              133.286,
              -246.01
            ],
            [
              161.422,
              -235.437
            ],
            [
              171.182,
              -261.239
            ],
            [
              173.167,
              -266.492
            ],
            [
              175.784,
              -273.401
            ],
            [
              190.155,
              -268.003
            ],
            [
              178.775,
              -237.914
            ],
            [
              210.6,
              -225.964
            ],
            [
              205.425,
              -212.28
            ],
            [
              179.365,
              -222.064
            ],
            [
              163.683,
              -180.613
            ]
          ]
        ]
      },
      "properties": {
        "osm_id": 44463657,
        "name": "Poste Italiane",
        "building": "office",
        "height_m": 68.0,
        "levels": "18"
      }
    },
    {
      "type": "Feature",
      "id": 107314270,
      "geometry": {
        "type": "Polygon",
        "coordinates": [
          [
            [
              -406.863,
              85.112
            ],
            [
              -401.073,
              88.767
            ],
            [
              -391.029,
              91.811
            ],
            [
              -384.483,
              93.111
            ],
            [
              -378.069,
              82.67
            ],
            [
              -375.227,
              70.686
            ],
            [
              -386.658,
              64.243
            ],
            [
              -392.772,
              62.366
            ],
            [
              -399.651,
              61.955
            ],
            [
              -407.045,
              81.225
            ],
            [
              -406.863,
              85.112
            ]
          ]
        ]
      },
      "properties": {
        "osm_id": 107314270,
        "name": null,
        "building": "apartments",
        "height_m": 39.0,
        "levels": "13"
      }
    },
    {
      "type": "Feature",
      "id": 130871708,
      "geometry": {
        "type": "Polygon",
        "coordinates": [
          [
            [
              -453.936,
              -508.882
            ],
            [
              -434.117,
              -500.983
            ],
            [
              -445.009,
              -473.883
            ],
            [
              -464.828,
              -481.792
            ],
            [
              -453.936,
              -508.882
            ]
          ]
        ]
      },
      "properties": {
        "osm_id": 130871708,
        "name": null,
        "building": "apartments",
        "height_m": 9.0,
        "levels": null
      }
    },
    {
      "type": "Feature",
      "id": 149342830,
      "geometry": {
        "type": "Polygon",
        "coordinates": [
          [
            [
              484.549,
              -104.056
            ],
            [
              474.779,
              -107.887
            ],
            [
              468.235,
              -91.704
            ],
            [
              477.78,
              -87.961
            ],
            [
              496.438,
              -80.665
            ],
            [
              506.822,
              -76.601
            ],
            [
              513.168,
              -92.695
            ],
            [
              503.158,
              -96.671
            ],
            [
              484.549,
              -104.056
            ]
          ]
        ]
      },
      "properties": {
        "osm_id": 149342830,
        "name": null,
        "building": "yes",
        "height_m": 12.0,
        "levels": "4"
      }
    },
    {
      "type": "Feature",
      "id": 149342832,
      "geometry": {
        "type": "Polygon",
        "coordinates": [
          [
            [
              -491.008,
              -287.855
            ],
            [
              -512.153,
              -233.01
            ],
            [
              -533.041,
              -178.843
            ],
            [
              -553.16,
              -186.541
            ],
            [
              -511.118,
              -295.553
            ],
            [
              -491.008,
              -287.855
            ]
          ]
        ]
      },
      "properties": {
        "osm_id": 149342832,
        "name": null,
        "building": "office",
        "height_m": 27.0,
        "levels": "9"
      }
    },
    {
      "type": "Feature",
      "id": 149342834,
      "geometry": {
        "type": "Polygon",
        "coordinates": [
          [
            [
              396.931,
              -150.866
            ],
            [
              433.882,
              -136.263
            ],
            [
              428.3,
              -122.245
            ],
            [
              391.349,
              -136.838
            ],
            [
              396.931,
              -150.866
            ]
          ]
        ]
      },
      "properties": {
        "osm_id": 149342834,
        "name": null,
        "building": "office",
        "height_m": 67.3,
        "levels": "17"
      }
    },
    {
      "type": "Feature",
      "id": 149342844,
      "geometry": {
        "type": "Polygon",
        "coordinates": [
          [
            [
              361.543,
              -143.256
            ],
            [
              375.557,
              -137.77
            ],
            [
              360.93,
              -100.938
            ],
            [
              347.157,
              -106.247
            ],
            [
              361.543,
              -143.256
            ]
          ]
        ]
      },
      "properties": {
        "osm_id": 149342844,
        "name": null,
        "building": "yes",
        "height_m": 67.3,
        "levels": "17"
      }
    },
    {
      "type": "Feature",
      "id": 149342845,
      "geometry": {
        "type": "Polygon",
        "coordinates": [
          [
            [
              454.254,
              -76.875
            ],
            [
              470.678,
              -70.401
            ],
            [
              489.312,
              -63.049
            ],
            [
              509.574,
              -55.064
            ],
            [
              503.17,
              -38.937
            ],
            [
              447.942,
              -60.703
            ],
            [
              454.254,
              -76.875
            ]
          ]
        ]
      },
      "properties": {
        "osm_id": 149342845,
        "name": null,
        "building": "yes",
        "height_m": 21.0,
        "levels": "7"
      }
    },
    {
      "type": "Feature",
      "id": 149342851,
      "geometry": {
        "type": "Polygon",
        "coordinates": [
          [
            [
              452.022,
              -169.863
            ],
            [
              465.223,
              -164.71
            ],
            [
              429.209,
              -72.275
            ],
            [
              415.717,
              -77.361
            ],
            [
              452.022,
              -169.863
            ]
          ]
        ]
      },
      "properties": {
        "osm_id": 149342851,
        "name": null,
        "building": "yes",
        "height_m": 18.0,
        "levels": "4"
      }
    },
    {
      "type": "Feature",
      "id": 149342852,
      "geometry": {
        "type": "Polygon",
        "coordinates": [
          [
            [
              -523.587,
              -72.503
            ],
            [
              -522.391,
              -71.282
            ],
            [
              -502.038,
              -63.072
            ],
            [
              -501.424,
              -65.193
            ],
            [
              -499.48,
              -64.749
            ],
            [
              -504.074,
              -52.932
            ],
            [
              -506.825,
              -45.734
            ],
            [
              -508.86,
              -43.191
            ],
            [
              -510.937,
              -42.225
            ],
            [
              -531.272,
              -50.901
            ],
            [
              -526.769,
              -60.23
            ],
            [
              -525.955,
              -65.606
            ],
            [
              -523.587,
              -72.503
            ]
          ]
        ]
      },
      "properties": {
        "osm_id": 149342852,
        "name": null,
        "building": "apartments",
        "height_m": 21.0,
        "levels": "7"
      }
    },
    {
      "type": "Feature",
      "id": 175317650,
      "geometry": {
        "type": "Polygon",
        "coordinates": [
          [
            [
              496.438,
              -80.665
            ],
            [
              489.312,
              -63.049
            ],
            [
              470.678,
              -70.401
            ],
            [
              477.78,
              -87.961
            ],
            [
              496.438,
              -80.665
            ]
          ]
        ]
      },
      "properties": {
        "osm_id": 175317650,
        "name": null,
        "building": "yes",
        "height_m": 9.0,
        "levels": null
      }
    },
    {
      "type": "Feature",
      "id": 175317654,
      "geometry": {
        "type": "Polygon",
        "coordinates": [
          [
            [
              474.779,
              -107.887
            ],
            [
              491.831,
              -152.005
            ],
            [
              530.278,
              -136.958
            ],
            [
              513.168,
              -92.695
            ],
            [
              503.158,
              -96.671
            ],
            [
              516.721,
              -131.948
            ],
            [
              498.087,
              -139.244
            ],
            [
              484.549,
              -104.056
            ],
            [
              474.779,
              -107.887
            ]
          ]
        ]
      },
      "properties": {
        "osm_id": 175317654,
        "name": null,
        "building": "yes",
        "height_m": 12.0,
        "levels": "4"
      }
    },
    {
      "type": "Feature",
      "id": 182092040,
      "geometry": {
        "type": "Polygon",
        "coordinates": [
          [
            [
              -256.428,
              -266.028
            ],
            [
              -252.042,
              -264.362
            ],
            [
              -249.475,
              -271.082
            ],
            [
              -253.853,
              -272.737
            ],
            [
              -256.428,
              -266.028
            ]
          ]
        ]
      },
      "properties": {
        "osm_id": 182092040,
        "name": null,
        "building": "yes",
        "height_m": 9.0,
        "levels": null
      }
    },
    {
      "type": "Feature",
      "id": 182092041,
      "geometry": {
        "type": "Polygon",
        "coordinates": [
          [
            [
              -280.445,
              -222.356
            ],
            [
              -266.349,
              -216.836
            ],
            [
              -248.695,
              -261.63
            ],
            [
              -262.8,
              -267.15
            ],
            [
              -280.445,
              -222.356
            ]
          ]
        ]
      },
      "properties": {
        "osm_id": 182092041,
        "name": null,
        "building": "grandstand",
        "height_m": 9.0,
        "levels": null
      }
    },
    {
      "type": "Feature",
      "id": 182092042,
      "geometry": {
        "type": "Polygon",
        "coordinates": [
          [
            [
              107.062,
              -145.58
            ],
            [
              110.352,
              -153.422
            ],
            [
              125.861,
              -147.38
            ],
            [
              122.763,
              -139.105
            ],
            [
              107.062,
              -145.58
            ]
          ]
        ]
      },
      "properties": {
        "osm_id": 182092042,
        "name": "Bar Belvedere",
        "building": "yes",
        "height_m": 9.0,
        "levels": null
      }
    },
    {
      "type": "Feature",
      "id": 182092043,
      "geometry": {
        "type": "Polygon",
        "coordinates": [
          [
            [
              192.019,
              139.812
            ],
            [
              189.103,
              149.631
            ],
            [
              194.029,
              151.086
            ],
            [
              196.945,
              141.256
            ],
            [
              192.019,
              139.812
            ]
          ]
        ]
      },
      "properties": {
        "osm_id": 182092043,
        "name": null,
        "building": "yes",
        "height_m": 9.0,
        "levels": null
      }
    },
    {
      "type": "Feature",
      "id": 182092044,
      "geometry": {
        "type": "Polygon",
        "coordinates": [
          [
            [
              -329.893,
              -305.883
            ],
            [
              -266.571,
              -280.645
            ],
            [
              -269.977,
              -272.26
            ],
            [
              -333.3,
              -297.487
            ],
            [
              -329.893,
              -305.883
            ]
          ]
        ]
      },
      "properties": {
        "osm_id": 182092044,
        "name": null,
        "building": "grandstand",
        "height_m": 9.0,
        "levels": null
      }
    },
    {
      "type": "Feature",
      "id": 182092045,
      "geometry": {
        "type": "Polygon",
        "coordinates": [
          [
            [
              -263.348,
              -268.583
            ],
            [
              -261.42,
              -273.626
            ],
            [
              -265.84,
              -275.303
            ],
            [
              -267.767,
              -270.26
            ],
            [
              -263.348,
              -268.583
            ]
          ]
        ]
      },
      "properties": {
        "osm_id": 182092045,
        "name": null,
        "building": "yes",
        "height_m": 9.0,
        "levels": null
      }
    },
    {
      "type": "Feature",
      "id": 182092047,
      "geometry": {
        "type": "Polygon",
        "coordinates": [
          [
            [
              -244.466,
              -280.767
            ],
            [
              -248.345,
              -270.649
            ],
            [
              -249.475,
              -271.082
            ],
            [
              -253.853,
              -272.737
            ],
            [
              -266.297,
              -277.469
            ],
            [
              -262.417,
              -287.587
            ],
            [
              -244.466,
              -280.767
            ]
          ]
        ]
      },
      "properties": {
        "osm_id": 182092047,
        "name": "Vicolo 88 Garden",
        "building": "yes",
        "height_m": 9.0,
        "levels": null
      }
    },
    {
      "type": "Feature",
      "id": 256729808,
      "geometry": {
        "type": "Polygon",
        "coordinates": [
          [
            [
              5.333,
              -562.914
            ],
            [
              -22.353,
              -490.729
            ],
            [
              -9.81,
              -485.498
            ],
            [
              -5.848,
              -495.55
            ],
            [
              5.374,
              -491.24
            ],
            [
              3.381,
              -485.765
            ],
            [
              14.354,
              -481.588
            ],
            [
              16.896,
              -488.142
            ],
            [
              17.411,
              -489.463
            ],
            [
              17.992,
              -490.985
            ],
            [
              24.737,
              -508.379
            ],
            [
              26.282,
              -512.433
            ],
            [
              27.852,
              -516.509
            ],
            [
              35.212,
              -534.68
            ],
            [
              15.45,
              -542.877
            ],
            [
              14.371,
              -540.589
            ],
            [
              11.364,
              -541.877
            ],
            [
              14.512,
              -549.541
            ],
            [
              17.976,
              -557.949
            ],
            [
              5.333,
              -562.914
            ]
          ]
        ]
      },
      "properties": {
        "osm_id": 256729808,
        "name": "Edificio delle Poste Telegrafi e Telefoni",
        "building": "post_office",
        "height_m": 12.0,
        "levels": "4"
      }
    },
    {
      "type": "Feature",
      "id": 257777848,
      "geometry": {
        "type": "Polygon",
        "coordinates": [
          [
            [
              386.781,
              488.542
            ],
            [
              437.36,
              508.765
            ],
            [
              431.77,
              522.637
            ],
            [
              381.19,
              502.403
            ],
            [
              386.781,
              488.542
            ]
          ]
        ]
      },
      "properties": {
        "osm_id": 257777848,
        "name": "Studio Hangloose",
        "building": "commercial",
        "height_m": 9.0,
        "levels": null
      }
    },
    {
      "type": "Feature",
      "id": 263558453,
      "geometry": {
        "type": "Polygon",
        "coordinates": [
          [
            [
              387.794,
              -278.941
            ],
            [
              388.558,
              -280.884
            ],
            [
              401.0,
              -312.473
            ],
            [
              410.66,
              -336.998
            ],
            [
              412.23,
              -341.941
            ],
            [
              575.44,
              -279.02
            ],
            [
              551.961,
              -214.775
            ],
            [
              387.794,
              -278.941
            ]
          ]
        ]
      },
      "properties": {
        "osm_id": 263558453,
        "name": "La Nuvola",
        "building": "convention",
        "height_m": 37.0,
        "levels": "9"
      }
    },
    {
      "type": "Feature",
      "id": 263558474,
      "geometry": {
        "type": "Polygon",
        "coordinates": [
          [
            [
              389.698,
              -395.275
            ],
            [
              392.929,
              -403.539
            ],
            [
              416.056,
              -394.566
            ],
            [
              417.792,
              -399.009
            ],
            [
              419.885,
              -404.363
            ],
            [
              447.281,
              -394.135
            ],
            [
              443.311,
              -383.994
            ],
            [
              465.79,
              -375.265
            ],
            [
              462.559,
              -367.001
            ],
            [
              389.698,
              -395.275
            ]
          ]
        ]
      },
      "properties": {
        "osm_id": 263558474,
        "name": null,
        "building": "yes",
        "height_m": 6.0,
        "levels": "2"
      }
    },
    {
      "type": "Feature",
      "id": 263564210,
      "geometry": {
        "type": "Polygon",
        "coordinates": [
          [
            [
              465.236,
              170.044
            ],
            [
              489.694,
              179.861
            ],
            [
              488.224,
              183.826
            ],
            [
              463.816,
              173.965
            ],
            [
              465.236,
              170.044
            ]
          ]
        ]
      },
      "properties": {
        "osm_id": 263564210,
        "name": null,
        "building": "yes",
        "height_m": 9.0,
        "levels": null
      }
    },
    {
      "type": "Feature",
      "id": 299913371,
      "geometry": {
        "type": "Polygon",
        "coordinates": [
          [
            [
              497.826,
              406.943
            ],
            [
              534.024,
              421.712
            ],
            [
              527.687,
              437.141
            ],
            [
              491.48,
              422.371
            ],
            [
              497.826,
              406.943
            ]
          ]
        ]
      },
      "properties": {
        "osm_id": 299913371,
        "name": null,
        "building": "yes",
        "height_m": 9.0,
        "levels": null
      }
    },
    {
      "type": "Feature",
      "id": 339565297,
      "geometry": {
        "type": "Polygon",
        "coordinates": [
          [
            [
              417.731,
              401.372
            ],
            [
              446.908,
              413.299
            ],
            [
              446.468,
              414.355
            ],
            [
              455.349,
              417.986
            ],
            [
              450.598,
              429.515
            ],
            [
              441.717,
              425.884
            ],
            [
              441.301,
              426.906
            ],
            [
              412.124,
              414.979
            ],
            [
              412.547,
              413.957
            ],
            [
              403.168,
              410.125
            ],
            [
              407.919,
              398.596
            ],
            [
              417.291,
              402.427
            ],
            [
              417.731,
              401.372
            ]
          ]
        ]
      },
      "properties": {
        "osm_id": 339565297,
        "name": null,
        "building": "yes",
        "height_m": 9.0,
        "levels": null
      }
    },
    {
      "type": "Feature",
      "id": 339565298,
      "geometry": {
        "type": "Polygon",
        "coordinates": [
          [
            [
              429.349,
              470.09
            ],
            [
              437.913,
              448.376
            ],
            [
              471.478,
              461.535
            ],
            [
              462.905,
              483.239
            ],
            [
              429.349,
              470.09
            ]
          ]
        ]
      },
      "properties": {
        "osm_id": 339565298,
        "name": null,
        "building": "yes",
        "height_m": 9.0,
        "levels": null
      }
    },
    {
      "type": "Feature",
      "id": 339565299,
      "geometry": {
        "type": "Polygon",
        "coordinates": [
          [
            [
              399.225,
              465.05
            ],
            [
              379.069,
              443.314
            ],
            [
              399.796,
              424.243
            ],
            [
              419.943,
              445.978
            ],
            [
              399.225,
              465.05
            ]
          ]
        ]
      },
      "properties": {
        "osm_id": 339565299,
        "name": null,
        "building": "yes",
        "height_m": 9.0,
        "levels": null
      }
    },
    {
      "type": "Feature",
      "id": 350349503,
      "geometry": {
        "type": "Polygon",
        "coordinates": [
          [
            [
              -71.174,
              -273.921
            ],
            [
              -76.524,
              -276.009
            ],
            [
              -77.296,
              -274.043
            ],
            [
              -81.608,
              -275.721
            ],
            [
              -112.933,
              -287.95
            ],
            [
              -115.483,
              -288.938
            ],
            [
              -114.844,
              -290.571
            ],
            [
              -119.969,
              -292.57
            ],
            [
              -122.976,
              -284.918
            ],
            [
              -74.306,
              -265.935
            ],
            [
              -71.174,
              -273.921
            ]
          ]
        ]
      },
      "properties": {
        "osm_id": 350349503,
        "name": null,
        "building": "yes",
        "height_m": 9.0,
        "levels": null
      }
    },
    {
      "type": "Feature",
      "id": 350349505,
      "geometry": {
        "type": "Polygon",
        "coordinates": [
          [
            [
              -31.034,
              -435.195
            ],
            [
              -15.318,
              -428.997
            ],
            [
              -16.19,
              -426.798
            ],
            [
              -4.984,
              -422.377
            ],
            [
              -4.07,
              -424.676
            ],
            [
              10.309,
              -418.989
            ],
            [
              4.104,
              -403.362
            ],
            [
              1.312,
              -404.484
            ],
            [
              -4.045,
              -406.594
            ],
            [
              -37.198,
              -419.656
            ],
            [
              -31.034,
              -435.195
            ]
          ]
        ]
      },
      "properties": {
        "osm_id": 350349505,
        "name": null,
        "building": "apartments",
        "height_m": 9.0,
        "levels": null
      }
    },
    {
      "type": "Feature",
      "id": 350349509,
      "geometry": {
        "type": "Polygon",
        "coordinates": [
          [
            [
              -476.679,
              -392.215
            ],
            [
              -495.918,
              -399.592
            ],
            [
              -499.806,
              -387.985
            ],
            [
              -494.066,
              -385.763
            ],
            [
              -497.771,
              -380.799
            ],
            [
              -502.39,
              -385.764
            ],
            [
              -511.453,
              -379.5
            ],
            [
              -499.068,
              -364.027
            ],
            [
              -489.075,
              -370.846
            ],
            [
              -493.884,
              -376.555
            ],
            [
              -488.335,
              -383.552
            ],
            [
              -483.342,
              -381.531
            ],
            [
              -481.124,
              -387.795
            ],
            [
              -478.35,
              -386.684
            ],
            [
              -476.679,
              -392.215
            ]
          ]
        ]
      },
      "properties": {
        "osm_id": 350349509,
        "name": null,
        "building": "apartments",
        "height_m": 9.0,
        "levels": null
      }
    },
    {
      "type": "Feature",
      "id": 350349511,
      "geometry": {
        "type": "Polygon",
        "coordinates": [
          [
            [
              -322.42,
              -421.995
            ],
            [
              -327.039,
              -423.806
            ],
            [
              -326.665,
              -424.75
            ],
            [
              -335.586,
              -428.249
            ],
            [
              -336.4,
              -426.195
            ],
            [
              -339.914,
              -427.572
            ],
            [
              -339.108,
              -429.616
            ],
            [
              -347.116,
              -432.748
            ],
            [
              -347.581,
              -431.549
            ],
            [
              -353.23,
              -433.77
            ],
            [
              -355.589,
              -427.806
            ],
            [
              -354.65,
              -427.439
            ],
            [
              -357.757,
              -419.587
            ],
            [
              -327.986,
              -407.912
            ],
            [
              -322.42,
              -421.995
            ]
          ]
        ]
      },
      "properties": {
        "osm_id": 350349511,
        "name": null,
        "building": "apartments",
        "height_m": 9.0,
        "levels": null
      }
    },
    {
      "type": "Feature",
      "id": 350349515,
      "geometry": {
        "type": "Polygon",
        "coordinates": [
          [
            [
              -77.403,
              -428.675
            ],
            [
              -81.083,
              -419.101
            ],
            [
              -48.346,
              -406.361
            ],
            [
              -44.641,
              -415.979
            ],
            [
              -53.745,
              -419.456
            ],
            [
              -40.421,
              -454.076
            ],
            [
              -43.86,
              -455.387
            ],
            [
              -43.021,
              -457.575
            ],
            [
              -52.441,
              -461.174
            ],
            [
              -54.268,
              -456.42
            ],
            [
              -56.253,
              -457.175
            ],
            [
              -60.498,
              -446.135
            ],
            [
              -58.53,
              -445.38
            ],
            [
              -60.34,
              -440.67
            ],
            [
              -62.475,
              -441.481
            ],
            [
              -68.589,
              -425.609
            ],
            [
              -77.403,
              -428.675
            ]
          ]
        ]
      },
      "properties": {
        "osm_id": 350349515,
        "name": null,
        "building": "apartments",
        "height_m": 9.0,
        "levels": null
      }
    },
    {
      "type": "Feature",
      "id": 350349517,
      "geometry": {
        "type": "Polygon",
        "coordinates": [
          [
            [
              185.879,
              -496.519
            ],
            [
              179.433,
              -493.386
            ],
            [
              174.067,
              -493.253
            ],
            [
              137.933,
              -507.813
            ],
            [
              130.349,
              -486.665
            ],
            [
              133.531,
              -485.299
            ],
            [
              138.564,
              -498.317
            ],
            [
              162.056,
              -489.465
            ],
            [
              163.161,
              -492.231
            ],
            [
              169.449,
              -490.387
            ],
            [
              167.97,
              -487.255
            ],
            [
              188.687,
              -479.147
            ],
            [
              190.166,
              -483.024
            ],
            [
              179.442,
              -487.444
            ],
            [
              180.364,
              -490.754
            ],
            [
              184.251,
              -492.231
            ],
            [
              185.879,
              -496.519
            ]
          ]
        ]
      },
      "properties": {
        "osm_id": 350349517,
        "name": null,
        "building": "yes",
        "height_m": 9.0,
        "levels": null
      }
    },
    {
      "type": "Feature",
      "id": 350349520,
      "geometry": {
        "type": "Polygon",
        "coordinates": [
          [
            [
              -39.79,
              -289.015
            ],
            [
              -54.834,
              -294.713
            ],
            [
              -56.537,
              -288.982
            ],
            [
              -53.821,
              -287.982
            ],
            [
              -54.876,
              -286.339
            ],
            [
              -57.476,
              -286.494
            ],
            [
              -62.942,
              -269.978
            ],
            [
              -62.643,
              -269.734
            ],
            [
              -59.819,
              -267.701
            ],
            [
              -59.976,
              -266.757
            ],
            [
              -53.912,
              -264.547
            ],
            [
              -49.834,
              -263.003
            ],
            [
              -48.82,
              -264.902
            ],
            [
              -49.751,
              -265.191
            ],
            [
              -49.044,
              -266.868
            ],
            [
              -39.79,
              -289.015
            ]
          ]
        ]
      },
      "properties": {
        "osm_id": 350349520,
        "name": null,
        "building": "apartments",
        "height_m": 18.0,
        "levels": "6"
      }
    },
    {
      "type": "Feature",
      "id": 350349522,
      "geometry": {
        "type": "Polygon",
        "coordinates": [
          [
            [
              -113.777,
              -499.372
            ],
            [
              -132.733,
              -506.658
            ],
            [
              -125.356,
              -525.684
            ],
            [
              -120.962,
              -523.996
            ],
            [
              -119.525,
              -527.706
            ],
            [
              -115.704,
              -526.239
            ],
            [
              -114.067,
              -530.449
            ],
            [
              -142.36,
              -541.334
            ],
            [
              -138.472,
              -551.375
            ],
            [
              -111.027,
              -540.812
            ],
            [
              -112.871,
              -536.069
            ],
            [
              -100.27,
              -531.215
            ],
            [
              -94.447,
              -546.221
            ],
            [
              -80.317,
              -540.789
            ],
            [
              -89.422,
              -517.298
            ],
            [
              -106.492,
              -523.862
            ],
            [
              -112.639,
              -508.002
            ],
            [
              -110.712,
              -507.269
            ],
            [
              -113.777,
              -499.372
            ]
          ]
        ]
      },
      "properties": {
        "osm_id": 350349522,
        "name": "Istituto comprensivo Leonardo Da Vinci (succursale)",
        "building": "school",
        "height_m": 9.0,
        "levels": "3"
      }
    },
    {
      "type": "Feature",
      "id": 350349524,
      "geometry": {
        "type": "Polygon",
        "coordinates": [
          [
            [
              -484.803,
              -520.135
            ],
            [
              -486.756,
              -514.837
            ],
            [
              -478.133,
              -511.682
            ],
            [
              -479.155,
              -508.917
            ],
            [
              -488.425,
              -512.305
            ],
            [
              -495.953,
              -491.913
            ],
            [
              -477.612,
              -485.192
            ],
            [
              -473.616,
              -496.032
            ],
            [
              -482.487,
              -499.276
            ],
            [
              -480.834,
              -503.774
            ],
            [
              -478.425,
              -502.885
            ],
            [
              -476.879,
              -507.062
            ],
            [
              -470.791,
              -504.84
            ],
            [
              -466.878,
              -515.436
            ],
            [
              -470.707,
              -516.835
            ],
            [
              -471.804,
              -513.859
            ],
            [
              -473.324,
              -514.425
            ],
            [
              -472.834,
              -515.747
            ],
            [
              -484.803,
              -520.135
            ]
          ]
        ]
      },
      "properties": {
        "osm_id": 350349524,
        "name": null,
        "building": "apartments",
        "height_m": 12.0,
        "levels": "4"
      }
    },
    {
      "type": "Feature",
      "id": 350349527,
      "geometry": {
        "type": "Polygon",
        "coordinates": [
          [
            [
              -72.476,
              -467.216
            ],
            [
              -79.155,
              -469.76
            ],
            [
              -78.814,
              -470.637
            ],
            [
              -85.028,
              -473.014
            ],
            [
              -86.781,
              -468.449
            ],
            [
              -88.002,
              -468.916
            ],
            [
              -93.434,
              -454.777
            ],
            [
              -91.79,
              -454.144
            ],
            [
              -93.493,
              -449.712
            ],
            [
              -95.569,
              -450.512
            ],
            [
              -100.77,
              -436.983
            ],
            [
              -103.561,
              -438.05
            ],
            [
              -107.033,
              -429.009
            ],
            [
              -81.083,
              -419.101
            ],
            [
              -77.403,
              -428.675
            ],
            [
              -84.281,
              -431.307
            ],
            [
              -72.925,
              -460.841
            ],
            [
              -74.678,
              -461.507
            ],
            [
              -72.476,
              -467.216
            ]
          ]
        ]
      },
      "properties": {
        "osm_id": 350349527,
        "name": null,
        "building": "apartments",
        "height_m": 21.0,
        "levels": "7"
      }
    },
    {
      "type": "Feature",
      "id": 350349533,
      "geometry": {
        "type": "Polygon",
        "coordinates": [
          [
            [
              -29.24,
              -356.846
            ],
            [
              -31.018,
              -352.358
            ],
            [
              -28.385,
              -351.326
            ],
            [
              -29.373,
              -348.849
            ],
            [
              -31.624,
              -349.737
            ],
            [
              -32.588,
              -347.305
            ],
            [
              -37.406,
              -336.065
            ],
            [
              -38.461,
              -333.965
            ],
            [
              -39.981,
              -333.732
            ],
            [
              -39.923,
              -332.499
            ],
            [
              -38.926,
              -331.511
            ],
            [
              -37.464,
              -330.456
            ],
            [
              -37.522,
              -328.945
            ],
            [
              -30.254,
              -326.546
            ],
            [
              -29.722,
              -327.468
            ],
            [
              -26.823,
              -327.379
            ],
            [
              -24.339,
              -327.301
            ],
            [
              -24.298,
              -328.001
            ],
            [
              -24.838,
              -328.412
            ],
            [
              -23.55,
              -331.388
            ],
            [
              -22.204,
              -331.277
            ],
            [
              -14.504,
              -351.148
            ],
            [
              -29.24,
              -356.846
            ]
          ]
        ]
      },
      "properties": {
        "osm_id": 350349533,
        "name": null,
        "building": "yes",
        "height_m": 9.0,
        "levels": null
      }
    },
    {
      "type": "Feature",
      "id": 350349534,
      "geometry": {
        "type": "Polygon",
        "coordinates": [
          [
            [
              -30.96,
              -314.672
            ],
            [
              -35.429,
              -316.572
            ],
            [
              -35.927,
              -315.739
            ],
            [
              -45.464,
              -319.293
            ],
            [
              -45.048,
              -320.448
            ],
            [
              -48.363,
              -321.437
            ],
            [
              -48.861,
              -319.793
            ],
            [
              -51.104,
              -320.526
            ],
            [
              -50.689,
              -322.103
            ],
            [
              -55.739,
              -323.836
            ],
            [
              -56.819,
              -320.615
            ],
            [
              -58.148,
              -319.871
            ],
            [
              -61.463,
              -315.25
            ],
            [
              -61.546,
              -313.928
            ],
            [
              -60.034,
              -313.551
            ],
            [
              -60.267,
              -312.351
            ],
            [
              -61.239,
              -310.452
            ],
            [
              -37.198,
              -300.878
            ],
            [
              -35.703,
              -303.266
            ],
            [
              -34.54,
              -305.009
            ],
            [
              -32.862,
              -304.92
            ],
            [
              -30.063,
              -311.918
            ],
            [
              -31.89,
              -312.773
            ],
            [
              -30.96,
              -314.672
            ]
          ]
        ]
      },
      "properties": {
        "osm_id": 350349534,
        "name": null,
        "building": "yes",
        "height_m": 9.0,
        "levels": null
      }
    },
    {
      "type": "Feature",
      "id": 350349535,
      "geometry": {
        "type": "Polygon",
        "coordinates": [
          [
            [
              204.967,
              -523.009
            ],
            [
              221.24,
              -516.923
            ],
            [
              204.038,
              -476.204
            ],
            [
              206.074,
              -475.094
            ],
            [
              199.969,
              -459.622
            ],
            [
              194.237,
              -462.198
            ],
            [
              193.315,
              -459.799
            ],
            [
              132.642,
              -483.022
            ],
            [
              133.531,
              -485.299
            ],
            [
              138.564,
              -498.317
            ],
            [
              162.056,
              -489.465
            ],
            [
              163.161,
              -492.231
            ],
            [
              169.449,
              -490.387
            ],
            [
              167.97,
              -487.255
            ],
            [
              188.687,
              -479.147
            ],
            [
              190.166,
              -483.024
            ],
            [
              179.442,
              -487.444
            ],
            [
              180.364,
              -490.754
            ],
            [
              184.251,
              -492.231
            ],
            [
              185.879,
              -496.519
            ],
            [
              188.321,
              -502.916
            ],
            [
              193.131,
              -501.262
            ],
            [
              195.349,
              -506.971
            ],
            [
              198.489,
              -506.238
            ],
            [
              204.967,
              -523.009
            ]
          ]
        ]
      },
      "properties": {
        "osm_id": 350349535,
        "name": null,
        "building": "yes",
        "height_m": 9.0,
        "levels": null
      }
    },
    {
      "type": "Feature",
      "id": 350349536,
      "geometry": {
        "type": "Polygon",
        "coordinates": [
          [
            [
              -79.481,
              -308.842
            ],
            [
              -84.457,
              -309.752
            ],
            [
              -89.815,
              -311.963
            ],
            [
              -92.041,
              -313.662
            ],
            [
              -93.611,
              -308.709
            ],
            [
              -95.048,
              -309.231
            ],
            [
              -99.758,
              -304.41
            ],
            [
              -95.962,
              -301.156
            ],
            [
              -98.188,
              -298.546
            ],
            [
              -100.539,
              -300.756
            ],
            [
              -110.482,
              -300.367
            ],
            [
              -109.826,
              -290.204
            ],
            [
              -112.966,
              -290.071
            ],
            [
              -112.933,
              -287.95
            ],
            [
              -105.382,
              -288.116
            ],
            [
              -86.027,
              -280.175
            ],
            [
              -81.608,
              -275.721
            ],
            [
              -79.88,
              -277.698
            ],
            [
              -81.574,
              -279.386
            ],
            [
              -75.037,
              -285.639
            ],
            [
              -81.45,
              -293.07
            ],
            [
              -84.98,
              -293.203
            ],
            [
              -84.59,
              -296.591
            ],
            [
              -79.614,
              -296.724
            ],
            [
              -80.004,
              -303.233
            ],
            [
              -82.23,
              -303.499
            ],
            [
              -82.23,
              -304.799
            ],
            [
              -80.527,
              -304.665
            ],
            [
              -79.481,
              -308.842
            ]
          ]
        ]
      },
      "properties": {
        "osm_id": 350349536,
        "name": null,
        "building": "apartments",
        "height_m": 9.0,
        "levels": null
      }
    },
    {
      "type": "Feature",
      "id": 350349537,
      "geometry": {
        "type": "Polygon",
        "coordinates": [
          [
            [
              -273.569,
              -403.034
            ],
            [
              -282.224,
              -406.222
            ],
            [
              -281.659,
              -407.755
            ],
            [
              -287.939,
              -410.065
            ],
            [
              -288.595,
              -408.299
            ],
            [
              -291.619,
              -409.421
            ],
            [
              -290.954,
              -411.209
            ],
            [
              -296.337,
              -413.187
            ],
            [
              -296.827,
              -411.865
            ],
            [
              -300.059,
              -413.053
            ],
            [
              -299.602,
              -414.297
            ],
            [
              -304.071,
              -415.941
            ],
            [
              -305.981,
              -410.788
            ],
            [
              -307.518,
              -411.354
            ],
            [
              -310.999,
              -401.958
            ],
            [
              -306.821,
              -400.425
            ],
            [
              -307.552,
              -398.459
            ],
            [
              -296.753,
              -394.482
            ],
            [
              -296.13,
              -396.159
            ],
            [
              -293.04,
              -395.015
            ],
            [
              -293.796,
              -392.983
            ],
            [
              -287.981,
              -390.839
            ],
            [
              -287.342,
              -392.56
            ],
            [
              -284.476,
              -391.505
            ],
            [
              -285.041,
              -389.984
            ],
            [
              -279.999,
              -388.117
            ],
            [
              -277.739,
              -394.215
            ],
            [
              -276.95,
              -393.926
            ],
            [
              -273.569,
              -403.034
            ]
          ]
        ]
      },
      "properties": {
        "osm_id": 350349537,
        "name": null,
        "building": "yes",
        "height_m": 9.0,
        "levels": null
      }
    },
    {
      "type": "Feature",
      "id": 350349541,
      "geometry": {
        "type": "Polygon",
        "coordinates": [
          [
            [
              -171.894,
              -345.507
            ],
            [
              -167.624,
              -356.17
            ],
            [
              -166.769,
              -355.826
            ],
            [
              -165.24,
              -359.635
            ],
            [
              -168.256,
              -360.846
            ],
            [
              -167.442,
              -362.868
            ],
            [
              -180.209,
              -367.955
            ],
            [
              -180.965,
              -366.067
            ],
            [
              -183.133,
              -366.922
            ],
            [
              -184.695,
              -363.024
            ],
            [
              -183.574,
              -362.579
            ],
            [
              -187.943,
              -351.683
            ],
            [
              -193.733,
              -353.983
            ],
            [
              -194.506,
              -352.061
            ],
            [
              -196.798,
              -352.972
            ],
            [
              -200.346,
              -344.131
            ],
            [
              -198.717,
              -343.476
            ],
            [
              -199.274,
              -342.087
            ],
            [
              -197.887,
              -341.532
            ],
            [
              -198.352,
              -340.377
            ],
            [
              -194.124,
              -338.688
            ],
            [
              -194.473,
              -337.822
            ],
            [
              -175.018,
              -330.08
            ],
            [
              -174.254,
              -332.001
            ],
            [
              -170.699,
              -330.591
            ],
            [
              -170.117,
              -332.046
            ],
            [
              -168.389,
              -331.357
            ],
            [
              -166.886,
              -335.111
            ],
            [
              -167.899,
              -335.522
            ],
            [
              -165.739,
              -340.909
            ],
            [
              -167.043,
              -341.431
            ],
            [
              -166.296,
              -343.286
            ],
            [
              -171.894,
              -345.507
            ]
          ]
        ]
      },
      "properties": {
        "osm_id": 350349541,
        "name": null,
        "building": "apartments",
        "height_m": 9.0,
        "levels": null
      }
    },
    {
      "type": "Feature",
      "id": 350349542,
      "geometry": {
        "type": "Polygon",
        "coordinates": [
          [
            [
              -172.382,
              -464.086
            ],
            [
              -175.73,
              -455.389
            ],
            [
              -115.88,
              -432.507
            ],
            [
              -112.299,
              -441.815
            ],
            [
              -116.212,
              -443.315
            ],
            [
              -104.706,
              -473.192
            ],
            [
              -106.011,
              -473.692
            ],
            [
              -104.449,
              -477.735
            ],
            [
              -109.815,
              -479.779
            ],
            [
              -110.347,
              -478.379
            ],
            [
              -117.175,
              -480.99
            ],
            [
              -119.144,
              -475.891
            ],
            [
              -120.514,
              -476.414
            ],
            [
              -124.767,
              -465.384
            ],
            [
              -122.217,
              -464.407
            ],
            [
              -124.726,
              -457.898
            ],
            [
              -127.077,
              -458.798
            ],
            [
              -130.931,
              -448.791
            ],
            [
              -148.915,
              -455.666
            ],
            [
              -135.524,
              -490.431
            ],
            [
              -144.927,
              -494.019
            ],
            [
              -145.559,
              -492.397
            ],
            [
              -148.956,
              -493.697
            ],
            [
              -151.008,
              -488.365
            ],
            [
              -152.354,
              -488.876
            ],
            [
              -154.696,
              -482.79
            ],
            [
              -153.351,
              -482.279
            ],
            [
              -155.486,
              -476.725
            ],
            [
              -154.647,
              -476.414
            ],
            [
              -155.751,
              -473.526
            ],
            [
              -158.003,
              -474.393
            ],
            [
              -163.311,
              -460.62
            ],
            [
              -172.382,
              -464.086
            ]
          ]
        ]
      },
      "properties": {
        "osm_id": 350349542,
        "name": null,
        "building": "apartments",
        "height_m": 21.0,
        "levels": "7"
      }
    },
    {
      "type": "Feature",
      "id": 350349543,
      "geometry": {
        "type": "Polygon",
        "coordinates": [
          [
            [
              -38.485,
              -518.986
            ],
            [
              -53.055,
              -481.311
            ],
            [
              -46.244,
              -478.701
            ],
            [
              -45.77,
              -479.934
            ],
            [
              -40.994,
              -478.09
            ],
            [
              -40.587,
              -479.145
            ],
            [
              -30.004,
              -475.08
            ],
            [
              -33.352,
              -466.427
            ],
            [
              -71.679,
              -481.144
            ],
            [
              -69.162,
              -487.664
            ],
            [
              -66.819,
              -486.765
            ],
            [
              -65.714,
              -489.63
            ],
            [
              -60.024,
              -487.453
            ],
            [
              -61.204,
              -484.399
            ],
            [
              -58.986,
              -483.555
            ],
            [
              -53.113,
              -498.727
            ],
            [
              -55.115,
              -499.493
            ],
            [
              -50.87,
              -510.478
            ],
            [
              -63.139,
              -515.187
            ],
            [
              -64.925,
              -510.578
            ],
            [
              -63.671,
              -510.089
            ],
            [
              -70.391,
              -492.729
            ],
            [
              -80.808,
              -496.739
            ],
            [
              -73.747,
              -514.988
            ],
            [
              -72.783,
              -514.61
            ],
            [
              -71.213,
              -518.686
            ],
            [
              -72.468,
              -519.164
            ],
            [
              -68.131,
              -530.36
            ],
            [
              -38.485,
              -518.986
            ]
          ]
        ]
      },
      "properties": {
        "osm_id": 350349543,
        "name": "Vigili del fuoco - distaccamento Roma EUR",
        "building": "yes",
        "height_m": 6.0,
        "levels": "2"
      }
    },
    {
      "type": "Feature",
      "id": 350349544,
      "geometry": {
        "type": "Polygon",
        "coordinates": [
          [
            [
              -17.56,
              -471.714
            ],
            [
              24.53,
              -455.609
            ],
            [
              15.284,
              -432.318
            ],
            [
              -26.864,
              -448.923
            ],
            [
              -17.56,
              -471.714
            ]
          ]
        ]
      },
      "properties": {
        "osm_id": 350349544,
        "name": null,
        "building": "office",
        "height_m": 9.0,
        "levels": null
      }
    },
    {
      "type": "Feature",
      "id": 350349547,
      "geometry": {
        "type": "Polygon",
        "coordinates": [
          [
            [
              -44.641,
              -415.979
            ],
            [
              -13.274,
              -403.862
            ],
            [
              -17.021,
              -394.21
            ],
            [
              -48.346,
              -406.361
            ],
            [
              -44.641,
              -415.979
            ]
          ]
        ]
      },
      "properties": {
        "osm_id": 350349547,
        "name": null,
        "building": "yes",
        "height_m": 9.0,
        "levels": null
      }
    },
    {
      "type": "Feature",
      "id": 350349550,
      "geometry": {
        "type": "Polygon",
        "coordinates": [
          [
            [
              133.53,
              -509.379
            ],
            [
              137.933,
              -507.813
            ],
            [
              130.349,
              -486.665
            ],
            [
              129.759,
              -486.877
            ],
            [
              125.947,
              -488.231
            ],
            [
              133.53,
              -509.379
            ]
          ]
        ]
      },
      "properties": {
        "osm_id": 350349550,
        "name": null,
        "building": "yes",
        "height_m": 9.0,
        "levels": null
      }
    },
    {
      "type": "Feature",
      "id": 350349551,
      "geometry": {
        "type": "Polygon",
        "coordinates": [
          [
            [
              -270.204,
              -416.295
            ],
            [
              -265.394,
              -425.881
            ],
            [
              -267.429,
              -429.568
            ],
            [
              -275.013,
              -431.968
            ],
            [
              -291.103,
              -439.332
            ],
            [
              -293.695,
              -438.599
            ],
            [
              -298.321,
              -447.807
            ],
            [
              -295.729,
              -448.729
            ],
            [
              -292.215,
              -458.869
            ],
            [
              -322.177,
              -469.556
            ],
            [
              -322.916,
              -471.955
            ],
            [
              -327.543,
              -472.877
            ],
            [
              -327.759,
              -474.099
            ],
            [
              -330.633,
              -475.21
            ],
            [
              -330.965,
              -474.232
            ],
            [
              -333.84,
              -474.754
            ],
            [
              -337.112,
              -474.499
            ],
            [
              -346.334,
              -450.164
            ],
            [
              -341.242,
              -448.32
            ],
            [
              -342.264,
              -446.11
            ],
            [
              -334.398,
              -443.621
            ],
            [
              -332.179,
              -449.974
            ],
            [
              -329.596,
              -449.052
            ],
            [
              -327.461,
              -454.584
            ],
            [
              -328.848,
              -456.616
            ],
            [
              -327.743,
              -458.827
            ],
            [
              -326.265,
              -459.104
            ],
            [
              -324.337,
              -464.136
            ],
            [
              -321.604,
              -463.391
            ],
            [
              -322.9,
              -459.826
            ],
            [
              -313.456,
              -456.582
            ],
            [
              -314.27,
              -454.228
            ],
            [
              -308.904,
              -452.528
            ],
            [
              -309.56,
              -450.584
            ],
            [
              -311.13,
              -450.062
            ],
            [
              -310.341,
              -447.974
            ],
            [
              -312.31,
              -442.632
            ],
            [
              -311.521,
              -440.932
            ],
            [
              -313.224,
              -437.423
            ],
            [
              -312.31,
              -435.068
            ],
            [
              -310.74,
              -434.557
            ],
            [
              -309.428,
              -435.334
            ],
            [
              -308.514,
              -433.635
            ],
            [
              -304.851,
              -432.202
            ],
            [
              -303.023,
              -432.602
            ],
            [
              -301.844,
              -430.247
            ],
            [
              -298.97,
              -430.514
            ],
            [
              -298.613,
              -428.126
            ],
            [
              -296.777,
              -427.737
            ],
            [
              -297.043,
              -426.182
            ],
            [
              -294.684,
              -425.782
            ],
            [
              -293.379,
              -426.182
            ],
            [
              -292.466,
              -423.827
            ],
            [
              -287.233,
              -422.916
            ],
            [
              -285.663,
              -423.049
            ],
            [
              -284.483,
              -421.616
            ],
            [
              -282.523,
              -421.483
            ],
            [
              -281.351,
              -419.795
            ],
            [
              -276.243,
              -417.84
            ],
            [
              -273.759,
              -418.484
            ],
            [
              -273.111,
              -417.051
            ],
            [
              -272.189,
              -416.14
            ],
            [
              -270.204,
              -416.295
            ]
          ]
        ]
      },
      "properties": {
        "osm_id": 350349551,
        "name": null,
        "building": "apartments",
        "height_m": 9.0,
        "levels": null
      }
    },
    {
      "type": "Feature",
      "id": 350349552,
      "geometry": {
        "type": "Polygon",
        "coordinates": [
          [
            [
              -363.195,
              -480.687
            ],
            [
              -375.032,
              -484.819
            ],
            [
              -377.516,
              -477.778
            ],
            [
              -387.501,
              -481.266
            ],
            [
              -391.497,
              -469.915
            ],
            [
              -380.956,
              -466.238
            ],
            [
              -385.708,
              -452.732
            ],
            [
              -374.419,
              -448.788
            ],
            [
              -363.195,
              -480.687
            ]
          ]
        ]
      },
      "properties": {
        "osm_id": 350349552,
        "name": null,
        "building": "apartments",
        "height_m": 9.0,
        "levels": null
      }
    },
    {
      "type": "Feature",
      "id": 350349553,
      "geometry": {
        "type": "Polygon",
        "coordinates": [
          [
            [
              -218.546,
              -343.476
            ],
            [
              -229.22,
              -347.375
            ],
            [
              -222.99,
              -364.335
            ],
            [
              -237.759,
              -369.734
            ],
            [
              -243.475,
              -354.195
            ],
            [
              -254.614,
              -358.261
            ],
            [
              -258.884,
              -346.643
            ],
            [
              -222.293,
              -333.28
            ],
            [
              -218.546,
              -343.476
            ]
          ]
        ]
      },
      "properties": {
        "osm_id": 350349553,
        "name": null,
        "building": "apartments",
        "height_m": 9.0,
        "levels": null
      }
    },
    {
      "type": "Feature",
      "id": 350349556,
      "geometry": {
        "type": "Polygon",
        "coordinates": [
          [
            [
              -4.045,
              -406.594
            ],
            [
              -6.13,
              -401.085
            ],
            [
              -13.274,
              -403.862
            ],
            [
              -17.021,
              -394.21
            ],
            [
              -2.035,
              -388.545
            ],
            [
              1.105,
              -396.809
            ],
            [
              -1.263,
              -397.697
            ],
            [
              1.312,
              -404.484
            ],
            [
              -4.045,
              -406.594
            ]
          ]
        ]
      },
      "properties": {
        "osm_id": 350349556,
        "name": null,
        "building": "yes",
        "height_m": 9.0,
        "levels": null
      }
    },
    {
      "type": "Feature",
      "id": 350349557,
      "geometry": {
        "type": "Polygon",
        "coordinates": [
          [
            [
              -481.91,
              -432.345
            ],
            [
              -462.282,
              -425.158
            ],
            [
              -465.447,
              -416.583
            ],
            [
              -472.848,
              -419.294
            ],
            [
              -477.509,
              -406.688
            ],
            [
              -496.689,
              -413.72
            ],
            [
              -492.585,
              -424.838
            ],
            [
              -485.624,
              -422.294
            ],
            [
              -481.91,
              -432.345
            ]
          ]
        ]
      },
      "properties": {
        "osm_id": 350349557,
        "name": null,
        "building": "apartments",
        "height_m": 9.0,
        "levels": null
      }
    },
    {
      "type": "Feature",
      "id": 350353792,
      "geometry": {
        "type": "Polygon",
        "coordinates": [
          [
            [
              -233.053,
              -510.892
            ],
            [
              -244.807,
              -515.225
            ],
            [
              -246.152,
              -511.593
            ],
            [
              -247.182,
              -511.97
            ],
            [
              -256.595,
              -486.602
            ],
            [
              -248.056,
              -483.459
            ],
            [
              -247.408,
              -485.202
            ],
            [
              -241.585,
              -483.059
            ],
            [
              -233.601,
              -504.573
            ],
            [
              -235.179,
              -505.161
            ],
            [
              -233.053,
              -510.892
            ]
          ]
        ]
      },
      "properties": {
        "osm_id": 350353792,
        "name": null,
        "building": "apartments",
        "height_m": 9.0,
        "levels": null
      }
    },
    {
      "type": "Feature",
      "id": 350353801,
      "geometry": {
        "type": "Polygon",
        "coordinates": [
          [
            [
              60.15,
              -364.721
            ],
            [
              24.846,
              -377.649
            ],
            [
              35.404,
              -406.261
            ],
            [
              50.514,
              -400.73
            ],
            [
              43.038,
              -380.481
            ],
            [
              47.382,
              -378.893
            ],
            [
              48.371,
              -381.57
            ],
            [
              50.796,
              -380.681
            ],
            [
              49.55,
              -377.305
            ],
            [
              53.338,
              -375.917
            ],
            [
              54.659,
              -379.482
            ],
            [
              64.295,
              -375.95
            ],
            [
              60.15,
              -364.721
            ]
          ]
        ]
      },
      "properties": {
        "osm_id": 350353801,
        "name": null,
        "building": "yes",
        "height_m": 9.0,
        "levels": null
      }
    },
    {
      "type": "Feature",
      "id": 350353802,
      "geometry": {
        "type": "Polygon",
        "coordinates": [
          [
            [
              -400.667,
              -482.921
            ],
            [
              -410.435,
              -486.976
            ],
            [
              -411.366,
              -484.755
            ],
            [
              -414.863,
              -486.21
            ],
            [
              -413.143,
              -490.33
            ],
            [
              -421.225,
              -493.685
            ],
            [
              -429.666,
              -473.493
            ],
            [
              -419.499,
              -469.283
            ],
            [
              -415.245,
              -479.468
            ],
            [
              -412.18,
              -478.19
            ],
            [
              -413.559,
              -474.892
            ],
            [
              -405.427,
              -471.526
            ],
            [
              -400.667,
              -482.921
            ]
          ]
        ]
      },
      "properties": {
        "osm_id": 350353802,
        "name": null,
        "building": "apartments",
        "height_m": 9.0,
        "levels": null
      }
    },
    {
      "type": "Feature",
      "id": 350353810,
      "geometry": {
        "type": "Polygon",
        "coordinates": [
          [
            [
              50.713,
              -446.946
            ],
            [
              80.808,
              -435.051
            ],
            [
              75.592,
              -420.756
            ],
            [
              57.026,
              -428.097
            ],
            [
              45.496,
              -432.662
            ],
            [
              50.713,
              -446.946
            ]
          ]
        ]
      },
      "properties": {
        "osm_id": 350353810,
        "name": null,
        "building": "yes",
        "height_m": 9.0,
        "levels": null
      }
    },
    {
      "type": "Feature",
      "id": 350353816,
      "geometry": {
        "type": "Polygon",
        "coordinates": [
          [
            [
              -264.328,
              -502.519
            ],
            [
              -254.975,
              -498.92
            ],
            [
              -259.087,
              -488.313
            ],
            [
              -268.44,
              -491.901
            ],
            [
              -264.328,
              -502.519
            ]
          ]
        ]
      },
      "properties": {
        "osm_id": 350353816,
        "name": null,
        "building": "apartments",
        "height_m": 9.0,
        "levels": null
      }
    },
    {
      "type": "Feature",
      "id": 350353827,
      "geometry": {
        "type": "Polygon",
        "coordinates": [
          [
            [
              -434.751,
              -461.476
            ],
            [
              -412.996,
              -453.922
            ],
            [
              -420.756,
              -431.741
            ],
            [
              -442.511,
              -439.307
            ],
            [
              -434.751,
              -461.476
            ]
          ]
        ]
      },
      "properties": {
        "osm_id": 350353827,
        "name": null,
        "building": "apartments",
        "height_m": 9.0,
        "levels": null
      }
    },
    {
      "type": "Feature",
      "id": 350353829,
      "geometry": {
        "type": "Polygon",
        "coordinates": [
          [
            [
              45.496,
              -432.662
            ],
            [
              57.026,
              -428.097
            ],
            [
              48.163,
              -405.361
            ],
            [
              36.616,
              -409.893
            ],
            [
              45.496,
              -432.662
            ]
          ]
        ]
      },
      "properties": {
        "osm_id": 350353829,
        "name": null,
        "building": "yes",
        "height_m": 9.0,
        "levels": null
      }
    },
    {
      "type": "Feature",
      "id": 350353831,
      "geometry": {
        "type": "Polygon",
        "coordinates": [
          [
            [
              -342.881,
              -401.504
            ],
            [
              -362.044,
              -408.913
            ],
            [
              -362.451,
              -407.88
            ],
            [
              -363.631,
              -408.336
            ],
            [
              -365.65,
              -403.16
            ],
            [
              -369.546,
              -393.164
            ],
            [
              -364.354,
              -391.153
            ],
            [
              -365.817,
              -387.399
            ],
            [
              -368.55,
              -388.455
            ],
            [
              -371.831,
              -380.036
            ],
            [
              -367.354,
              -378.303
            ],
            [
              -352.718,
              -372.649
            ],
            [
              -350.657,
              -377.935
            ],
            [
              -339.792,
              -373.725
            ],
            [
              -341.969,
              -368.139
            ],
            [
              -326.842,
              -362.296
            ],
            [
              -324.724,
              -367.738
            ],
            [
              -311.566,
              -362.65
            ],
            [
              -312.953,
              -359.096
            ],
            [
              -294.263,
              -351.865
            ],
            [
              -284.069,
              -378.021
            ],
            [
              -301.995,
              -384.953
            ],
            [
              -306.98,
              -372.169
            ],
            [
              -320.279,
              -377.301
            ],
            [
              -320.005,
              -378.012
            ],
            [
              -323.236,
              -379.267
            ],
            [
              -322.223,
              -381.866
            ],
            [
              -319.199,
              -380.7
            ],
            [
              -315.402,
              -390.429
            ],
            [
              -331.31,
              -396.583
            ],
            [
              -335.123,
              -386.809
            ],
            [
              -333.453,
              -386.165
            ],
            [
              -334.583,
              -383.266
            ],
            [
              -345.897,
              -387.643
            ],
            [
              -346.836,
              -385.244
            ],
            [
              -349.278,
              -386.188
            ],
            [
              -348.165,
              -389.053
            ],
            [
              -350.623,
              -389.998
            ],
            [
              -349.668,
              -392.452
            ],
            [
              -347.533,
              -391.619
            ],
            [
              -345.182,
              -397.639
            ],
            [
              -343.521,
              -396.995
            ],
            [
              -341.917,
              -401.126
            ],
            [
              -342.881,
              -401.504
            ]
          ]
        ]
      },
      "properties": {
        "osm_id": 350353831,
        "name": null,
        "building": "apartments",
        "height_m": 21.0,
        "levels": "7"
      }
    },
    {
      "type": "Feature",
      "id": 350353835,
      "geometry": {
        "type": "Polygon",
        "coordinates": [
          [
            [
              -487.141,
              -473.475
            ],
            [
              -504.053,
              -480.173
            ],
            [
              -505.764,
              -475.886
            ],
            [
              -512.044,
              -478.375
            ],
            [
              -518.508,
              -462.192
            ],
            [
              -495.324,
              -452.994
            ],
            [
              -487.141,
              -473.475
            ]
          ]
        ]
      },
      "properties": {
        "osm_id": 350353835,
        "name": null,
        "building": "apartments",
        "height_m": 12.0,
        "levels": "4"
      }
    },
    {
      "type": "Feature",
      "id": 350353838,
      "geometry": {
        "type": "Polygon",
        "coordinates": [
          [
            [
              -277.933,
              -527.121
            ],
            [
              -264.659,
              -522.078
            ],
            [
              -272.767,
              -500.886
            ],
            [
              -277.893,
              -502.83
            ],
            [
              -279.662,
              -498.21
            ],
            [
              -283.483,
              -499.665
            ],
            [
              -281.755,
              -504.174
            ],
            [
              -286.083,
              -505.819
            ],
            [
              -277.933,
              -527.121
            ]
          ]
        ]
      },
      "properties": {
        "osm_id": 350353838,
        "name": null,
        "building": "apartments",
        "height_m": 9.0,
        "levels": null
      }
    },
    {
      "type": "Feature",
      "id": 350353843,
      "geometry": {
        "type": "Polygon",
        "coordinates": [
          [
            [
              -379.337,
              -438.814
            ],
            [
              -389.629,
              -442.869
            ],
            [
              -390.095,
              -441.692
            ],
            [
              -393.118,
              -442.88
            ],
            [
              -397.978,
              -430.618
            ],
            [
              -403.12,
              -432.651
            ],
            [
              -407.482,
              -421.644
            ],
            [
              -389.016,
              -414.379
            ],
            [
              -379.337,
              -438.814
            ]
          ]
        ]
      },
      "properties": {
        "osm_id": 350353843,
        "name": null,
        "building": "apartments",
        "height_m": 9.0,
        "levels": null
      }
    },
    {
      "type": "Feature",
      "id": 350353851,
      "geometry": {
        "type": "Polygon",
        "coordinates": [
          [
            [
              -442.738,
              -392.246
            ],
            [
              -438.484,
              -402.942
            ],
            [
              -428.125,
              -410.305
            ],
            [
              -437.561,
              -421.369
            ],
            [
              -446.624,
              -415.105
            ],
            [
              -443.476,
              -410.673
            ],
            [
              -446.433,
              -406.808
            ],
            [
              -450.877,
              -408.83
            ],
            [
              -455.497,
              -397.223
            ],
            [
              -442.738,
              -392.246
            ]
          ]
        ]
      },
      "properties": {
        "osm_id": 350353851,
        "name": null,
        "building": "apartments",
        "height_m": 9.0,
        "levels": null
      }
    },
    {
      "type": "Feature",
      "id": 350354691,
      "geometry": {
        "type": "Polygon",
        "coordinates": [
          [
            [
              -172.275,
              -412.327
            ],
            [
              -165.754,
              -409.906
            ],
            [
              -165.148,
              -411.527
            ],
            [
              -151.118,
              -406.307
            ],
            [
              -152.223,
              -403.352
            ],
            [
              -143.127,
              -399.976
            ],
            [
              -146.483,
              -391.001
            ],
            [
              -156.085,
              -394.578
            ],
            [
              -162.582,
              -377.229
            ],
            [
              -176.811,
              -382.516
            ],
            [
              -170.14,
              -400.343
            ],
            [
              -175.955,
              -402.509
            ],
            [
              -172.275,
              -412.327
            ]
          ]
        ]
      },
      "properties": {
        "osm_id": 350354691,
        "name": null,
        "building": "apartments",
        "height_m": 9.0,
        "levels": null
      }
    },
    {
      "type": "Feature",
      "id": 350354692,
      "geometry": {
        "type": "Polygon",
        "coordinates": [
          [
            [
              -40.479,
              -361.1
            ],
            [
              -57.309,
              -366.998
            ],
            [
              -57.126,
              -369.386
            ],
            [
              -68.407,
              -373.629
            ],
            [
              -69.703,
              -371.974
            ],
            [
              -79.139,
              -375.65
            ],
            [
              -82.653,
              -366.254
            ],
            [
              -74.33,
              -363.121
            ],
            [
              -82.654,
              -341.374
            ],
            [
              -86.35,
              -325.536
            ],
            [
              -76.174,
              -321.293
            ],
            [
              -66.929,
              -336.776
            ],
            [
              -66.189,
              -343.218
            ],
            [
              -61.562,
              -354.836
            ],
            [
              -59.718,
              -356.49
            ],
            [
              -44.176,
              -351.148
            ],
            [
              -40.479,
              -361.1
            ]
          ]
        ]
      },
      "properties": {
        "osm_id": 350354692,
        "name": null,
        "building": "apartments",
        "height_m": 9.0,
        "levels": null
      }
    },
    {
      "type": "Feature",
      "id": 350354693,
      "geometry": {
        "type": "Polygon",
        "coordinates": [
          [
            [
              -232.001,
              -399.656
            ],
            [
              -236.254,
              -401.133
            ],
            [
              -242.733,
              -411.63
            ],
            [
              -234.775,
              -431.533
            ],
            [
              -232.0,
              -432.266
            ],
            [
              -230.522,
              -436.875
            ],
            [
              -228.761,
              -436.698
            ],
            [
              -228.304,
              -435.82
            ],
            [
              -227.564,
              -434.065
            ],
            [
              -226.31,
              -434.898
            ],
            [
              -224.923,
              -435.176
            ],
            [
              -224.142,
              -434.109
            ],
            [
              -223.818,
              -432.921
            ],
            [
              -222.705,
              -433.421
            ],
            [
              -221.966,
              -433.787
            ],
            [
              -220.578,
              -432.921
            ],
            [
              -219.98,
              -431.766
            ],
            [
              -220.994,
              -428.867
            ],
            [
              -221.409,
              -428.078
            ],
            [
              -219.74,
              -425.857
            ],
            [
              -221.808,
              -420.681
            ],
            [
              -230.598,
              -398.634
            ],
            [
              -232.001,
              -399.656
            ]
          ]
        ]
      },
      "properties": {
        "osm_id": 350354693,
        "name": null,
        "building": "apartments",
        "height_m": 9.0,
        "levels": null
      }
    },
    {
      "type": "Feature",
      "id": 350354694,
      "geometry": {
        "type": "Polygon",
        "coordinates": [
          [
            [
              -108.404,
              -387.746
            ],
            [
              -101.701,
              -385.425
            ],
            [
              -100.612,
              -386.402
            ],
            [
              -88.709,
              -381.448
            ],
            [
              -88.842,
              -379.882
            ],
            [
              -79.139,
              -375.65
            ],
            [
              -82.653,
              -366.254
            ],
            [
              -92.372,
              -370.241
            ],
            [
              -101.136,
              -349.782
            ],
            [
              -99.442,
              -348.216
            ],
            [
              -102.316,
              -341.574
            ],
            [
              -104.8,
              -340.53
            ],
            [
              -107.807,
              -333.233
            ],
            [
              -119.844,
              -337.92
            ],
            [
              -116.704,
              -345.095
            ],
            [
              -117.883,
              -346.917
            ],
            [
              -115.391,
              -356.691
            ],
            [
              -111.47,
              -360.079
            ],
            [
              -108.72,
              -366.587
            ],
            [
              -109.767,
              -368.942
            ],
            [
              -107.549,
              -373.629
            ],
            [
              -107.158,
              -376.106
            ],
            [
              -112.126,
              -378.183
            ],
            [
              -108.404,
              -387.746
            ]
          ]
        ]
      },
      "properties": {
        "osm_id": 350354694,
        "name": null,
        "building": "apartments",
        "height_m": 9.0,
        "levels": null
      }
    },
    {
      "type": "Feature",
      "id": 350354695,
      "geometry": {
        "type": "Polygon",
        "coordinates": [
          [
            [
              -143.127,
              -399.976
            ],
            [
              -133.374,
              -396.21
            ],
            [
              -132.27,
              -399.153
            ],
            [
              -126.903,
              -397.498
            ],
            [
              -126.879,
              -396.043
            ],
            [
              -121.255,
              -394.488
            ],
            [
              -120.599,
              -392.011
            ],
            [
              -108.404,
              -387.746
            ],
            [
              -112.126,
              -378.183
            ],
            [
              -122.692,
              -382.237
            ],
            [
              -124.918,
              -376.506
            ],
            [
              -128.449,
              -370.897
            ],
            [
              -130.277,
              -361.39
            ],
            [
              -132.245,
              -357.347
            ],
            [
              -134.339,
              -353.959
            ],
            [
              -136.69,
              -353.048
            ],
            [
              -139.564,
              -346.662
            ],
            [
              -151.077,
              -351.227
            ],
            [
              -148.328,
              -358.78
            ],
            [
              -148.984,
              -361.123
            ],
            [
              -141.266,
              -376.506
            ],
            [
              -143.227,
              -377.284
            ],
            [
              -138.649,
              -388.102
            ],
            [
              -146.483,
              -391.001
            ],
            [
              -143.127,
              -399.976
            ]
          ]
        ]
      },
      "properties": {
        "osm_id": 350354695,
        "name": null,
        "building": "apartments",
        "height_m": 9.0,
        "levels": null
      }
    },
    {
      "type": "Feature",
      "id": 350354696,
      "geometry": {
        "type": "Polygon",
        "coordinates": [
          [
            [
              -172.275,
              -412.327
            ],
            [
              -175.955,
              -402.509
            ],
            [
              -186.92,
              -406.818
            ],
            [
              -188.1,
              -402.776
            ],
            [
              -190.716,
              -399.777
            ],
            [
              -192.81,
              -393.39
            ],
            [
              -194.114,
              -387.926
            ],
            [
              -194.247,
              -384.271
            ],
            [
              -198.692,
              -376.064
            ],
            [
              -200.66,
              -376.974
            ],
            [
              -203.402,
              -370.988
            ],
            [
              -214.525,
              -375.542
            ],
            [
              -211.251,
              -383.106
            ],
            [
              -213.079,
              -384.272
            ],
            [
              -210.728,
              -392.225
            ],
            [
              -209.158,
              -392.225
            ],
            [
              -208.634,
              -394.313
            ],
            [
              -202.113,
              -412.728
            ],
            [
              -200.543,
              -416.871
            ],
            [
              -199.338,
              -417.059
            ],
            [
              -196.846,
              -422.035
            ],
            [
              -195.816,
              -423.757
            ],
            [
              -191.106,
              -421.802
            ],
            [
              -190.583,
              -420.369
            ],
            [
              -184.436,
              -418.936
            ],
            [
              -184.569,
              -416.981
            ],
            [
              -172.275,
              -412.327
            ]
          ]
        ]
      },
      "properties": {
        "osm_id": 350354696,
        "name": null,
        "building": "apartments",
        "height_m": 9.0,
        "levels": null
      }
    },
    {
      "type": "Feature",
      "id": 350354697,
      "geometry": {
        "type": "Polygon",
        "coordinates": [
          [
            [
              -145.412,
              -335.211
            ],
            [
              -116.006,
              -324.525
            ],
            [
              -116.928,
              -321.948
            ],
            [
              -114.519,
              -320.838
            ],
            [
              -118.59,
              -312.73
            ],
            [
              -120.442,
              -313.652
            ],
            [
              -120.625,
              -311.63
            ],
            [
              -126.73,
              -314.574
            ],
            [
              -131.723,
              -299.646
            ],
            [
              -134.689,
              -298.724
            ],
            [
              -135.362,
              -296.525
            ],
            [
              -126.473,
              -293.659
            ],
            [
              -128.567,
              -287.139
            ],
            [
              -170.94,
              -304.078
            ],
            [
              -173.947,
              -316.985
            ],
            [
              -171.197,
              -324.937
            ],
            [
              -159.036,
              -320.239
            ],
            [
              -161.395,
              -315.685
            ],
            [
              -160.423,
              -312.73
            ],
            [
              -159.427,
              -309.687
            ],
            [
              -161.786,
              -303.045
            ],
            [
              -158.513,
              -301.612
            ],
            [
              -157.466,
              -305.0
            ],
            [
              -147.922,
              -301.734
            ],
            [
              -148.312,
              -304.478
            ],
            [
              -150.297,
              -305.911
            ],
            [
              -144.1,
              -321.638
            ],
            [
              -150.015,
              -324.015
            ],
            [
              -150.538,
              -326.758
            ],
            [
              -151.634,
              -327.28
            ],
            [
              -148.768,
              -334.278
            ],
            [
              -146.368,
              -333.822
            ],
            [
              -145.412,
              -335.211
            ]
          ]
        ]
      },
      "properties": {
        "osm_id": 350354697,
        "name": null,
        "building": "apartments",
        "height_m": 9.0,
        "levels": null
      }
    },
    {
      "type": "Feature",
      "id": 350354698,
      "geometry": {
        "type": "Polygon",
        "coordinates": [
          [
            [
              -29.24,
              -356.846
            ],
            [
              -35.761,
              -359.411
            ],
            [
              -39.483,
              -350.015
            ],
            [
              -32.588,
              -347.305
            ],
            [
              -31.624,
              -349.737
            ],
            [
              -29.373,
              -348.849
            ],
            [
              -28.385,
              -351.326
            ],
            [
              -31.018,
              -352.358
            ],
            [
              -29.24,
              -356.846
            ]
          ]
        ]
      },
      "properties": {
        "osm_id": 350354698,
        "name": null,
        "building": "yes",
        "height_m": 9.0,
        "levels": null
      }
    },
    {
      "type": "Feature",
      "id": 350354699,
      "geometry": {
        "type": "Polygon",
        "coordinates": [
          [
            [
              -219.98,
              -431.766
            ],
            [
              -196.846,
              -422.035
            ],
            [
              -199.338,
              -417.059
            ],
            [
              -200.543,
              -416.871
            ],
            [
              -202.113,
              -412.728
            ],
            [
              -221.808,
              -420.681
            ],
            [
              -219.74,
              -425.857
            ],
            [
              -221.409,
              -428.078
            ],
            [
              -220.994,
              -428.867
            ],
            [
              -219.98,
              -431.766
            ]
          ]
        ]
      },
      "properties": {
        "osm_id": 350354699,
        "name": null,
        "building": "apartments",
        "height_m": 9.0,
        "levels": null
      }
    },
    {
      "type": "Feature",
      "id": 353239583,
      "geometry": {
        "type": "Polygon",
        "coordinates": [
          [
            [
              -451.43,
              -207.726
            ],
            [
              -450.491,
              -210.247
            ],
            [
              -448.498,
              -209.514
            ],
            [
              -449.436,
              -206.993
            ],
            [
              -451.43,
              -207.726
            ]
          ]
        ]
      },
      "properties": {
        "osm_id": 353239583,
        "name": null,
        "building": "checkpoint",
        "height_m": 9.0,
        "levels": null
      }
    },
    {
      "type": "Feature",
      "id": 353258883,
      "geometry": {
        "type": "Polygon",
        "coordinates": [
          [
            [
              -260.093,
              -449.949
            ],
            [
              -252.252,
              -447.172
            ],
            [
              -253.863,
              -442.674
            ],
            [
              -261.697,
              -445.451
            ],
            [
              -260.093,
              -449.949
            ]
          ]
        ]
      },
      "properties": {
        "osm_id": 353258883,
        "name": null,
        "building": "retail",
        "height_m": 9.0,
        "levels": null
      }
    },
    {
      "type": "Feature",
      "id": 369749133,
      "geometry": {
        "type": "Polygon",
        "coordinates": [
          [
            [
              -519.507,
              251.366
            ],
            [
              -509.987,
              263.506
            ],
            [
              -509.115,
              262.829
            ],
            [
              -498.449,
              276.436
            ],
            [
              -501.83,
              279.068
            ],
            [
              -502.445,
              278.279
            ],
            [
              -504.904,
              280.2
            ],
            [
              -503.118,
              282.478
            ],
            [
              -509.59,
              287.509
            ],
            [
              -519.708,
              274.613
            ],
            [
              -519.118,
              274.146
            ],
            [
              -522.623,
              269.67
            ],
            [
              -518.527,
              266.493
            ],
            [
              -519.989,
              264.627
            ],
            [
              -524.393,
              268.059
            ],
            [
              -531.379,
              259.151
            ],
            [
              -525.563,
              254.631
            ],
            [
              -524.857,
              255.53
            ],
            [
              -519.507,
              251.366
            ]
          ]
        ]
      },
      "properties": {
        "osm_id": 369749133,
        "name": null,
        "building": "residential",
        "height_m": 9.0,
        "levels": null
      }
    },
    {
      "type": "Feature",
      "id": 378903484,
      "geometry": {
        "type": "Polygon",
        "coordinates": [
          [
            [
              -449.836,
              202.877
            ],
            [
              -449.246,
              205.032
            ],
            [
              -446.272,
              204.221
            ],
            [
              -444.927,
              209.12
            ],
            [
              -448.391,
              210.064
            ],
            [
              -445.634,
              220.138
            ],
            [
              -477.784,
              228.877
            ],
            [
              -482.004,
              213.482
            ],
            [
              -454.754,
              206.076
            ],
            [
              -455.228,
              204.343
            ],
            [
              -449.836,
              202.877
            ]
          ]
        ]
      },
      "properties": {
        "osm_id": 378903484,
        "name": null,
        "building": "apartments",
        "height_m": 9.0,
        "levels": "3"
      }
    },
    {
      "type": "Feature",
      "id": 378903485,
      "geometry": {
        "type": "Polygon",
        "coordinates": [
          [
            [
              -324.587,
              279.967
            ],
            [
              -304.184,
              287.043
            ],
            [
              -307.615,
              296.872
            ],
            [
              -317.617,
              293.406
            ],
            [
              -320.243,
              300.915
            ],
            [
              -329.315,
              297.771
            ],
            [
              -327.869,
              293.65
            ],
            [
              -334.457,
              291.362
            ],
            [
              -332.097,
              284.609
            ],
            [
              -326.847,
              286.431
            ],
            [
              -324.587,
              279.967
            ]
          ]
        ]
      },
      "properties": {
        "osm_id": 378903485,
        "name": null,
        "building": "yes",
        "height_m": 9.0,
        "levels": null
      }
    },
    {
      "type": "Feature",
      "id": 378903486,
      "geometry": {
        "type": "Polygon",
        "coordinates": [
          [
            [
              -276.277,
              37.758
            ],
            [
              -289.876,
              36.158
            ],
            [
              -290.566,
              41.967
            ],
            [
              -295.426,
              41.401
            ],
            [
              -297.42,
              58.183
            ],
            [
              -292.901,
              58.717
            ],
            [
              -294.098,
              68.813
            ],
            [
              -279.585,
              70.524
            ],
            [
              -277.707,
              54.641
            ],
            [
              -274.384,
              55.03
            ],
            [
              -273.877,
              50.743
            ],
            [
              -277.765,
              50.287
            ],
            [
              -276.277,
              37.758
            ]
          ]
        ]
      },
      "properties": {
        "osm_id": 378903486,
        "name": null,
        "building": "yes",
        "height_m": 9.0,
        "levels": null
      }
    },
    {
      "type": "Feature",
      "id": 378903487,
      "geometry": {
        "type": "Polygon",
        "coordinates": [
          [
            [
              -230.403,
              257.223
            ],
            [
              -225.46,
              264.721
            ],
            [
              -223.607,
              264.099
            ],
            [
              -218.972,
              266.664
            ],
            [
              -224.123,
              274.361
            ],
            [
              -235.297,
              277.849
            ],
            [
              -237.415,
              273.65
            ],
            [
              -234.349,
              271.54
            ],
            [
              -236.318,
              268.93
            ],
            [
              -240.613,
              271.54
            ],
            [
              -243.67,
              266.319
            ],
            [
              -236.318,
              259.5
            ],
            [
              -230.403,
              257.223
            ]
          ]
        ]
      },
      "properties": {
        "osm_id": 378903487,
        "name": null,
        "building": "yes",
        "height_m": 9.0,
        "levels": null
      }
    },
    {
      "type": "Feature",
      "id": 378903488,
      "geometry": {
        "type": "Polygon",
        "coordinates": [
          [
            [
              -132.041,
              239.321
            ],
            [
              -137.009,
              249.85
            ],
            [
              -148.149,
              244.841
            ],
            [
              -156.257,
              241.098
            ],
            [
              -165.711,
              237.143
            ],
            [
              -159.247,
              221.96
            ],
            [
              -152.676,
              224.859
            ],
            [
              -154.238,
              229.38
            ],
            [
              -137.64,
              236.955
            ],
            [
              -132.041,
              239.321
            ]
          ]
        ]
      },
      "properties": {
        "osm_id": 378903488,
        "name": "Ambasciata della Corea del Nord",
        "building": "yes",
        "height_m": 9.0,
        "levels": null
      }
    },
    {
      "type": "Feature",
      "id": 378903489,
      "geometry": {
        "type": "Polygon",
        "coordinates": [
          [
            [
              -199.232,
              215.895
            ],
            [
              -184.71,
              223.792
            ],
            [
              -187.909,
              229.746
            ],
            [
              -177.607,
              235.488
            ],
            [
              -182.966,
              244.418
            ],
            [
              -184.819,
              243.596
            ],
            [
              -186.156,
              247.595
            ],
            [
              -193.159,
              244.818
            ],
            [
              -192.644,
              239.586
            ],
            [
              -194.289,
              238.564
            ],
            [
              -192.229,
              235.688
            ],
            [
              -206.027,
              228.101
            ],
            [
              -199.232,
              215.895
            ]
          ]
        ]
      },
      "properties": {
        "osm_id": 378903489,
        "name": null,
        "building": "yes",
        "height_m": 9.0,
        "levels": null
      }
    },
    {
      "type": "Feature",
      "id": 378903490,
      "geometry": {
        "type": "Polygon",
        "coordinates": [
          [
            [
              -223.206,
              187.76
            ],
            [
              -236.457,
              197.634
            ],
            [
              -230.576,
              205.476
            ],
            [
              -228.341,
              203.81
            ],
            [
              -225.682,
              207.342
            ],
            [
              -232.378,
              212.329
            ],
            [
              -225.899,
              220.959
            ],
            [
              -213.155,
              211.463
            ],
            [
              -219.643,
              202.821
            ],
            [
              -220.781,
              203.666
            ],
            [
              -223.182,
              200.467
            ],
            [
              -217.084,
              195.924
            ],
            [
              -223.206,
              187.76
            ]
          ]
        ]
      },
      "properties": {
        "osm_id": 378903490,
        "name": null,
        "building": "yes",
        "height_m": 9.0,
        "levels": null
      }
    },
    {
      "type": "Feature",
      "id": 378903491,
      "geometry": {
        "type": "Polygon",
        "coordinates": [
          [
            [
              -406.275,
              420.466
            ],
            [
              -377.465,
              434.262
            ],
            [
              -382.624,
              443.037
            ],
            [
              -382.5,
              446.924
            ],
            [
              -385.142,
              446.924
            ],
            [
              -385.765,
              445.047
            ],
            [
              -405.022,
              436.016
            ],
            [
              -405.903,
              437.149
            ],
            [
              -408.42,
              436.138
            ],
            [
              -407.414,
              434.638
            ],
            [
              -413.196,
              432.006
            ],
            [
              -411.31,
              427.996
            ],
            [
              -409.931,
              428.996
            ],
            [
              -406.275,
              420.466
            ]
          ]
        ]
      },
      "properties": {
        "osm_id": 378903491,
        "name": null,
        "building": "yes",
        "height_m": 9.0,
        "levels": null
      }
    },
    {
      "type": "Feature",
      "id": 378903492,
      "geometry": {
        "type": "Polygon",
        "coordinates": [
          [
            [
              -184.779,
              320.745
            ],
            [
              -192.34,
              340.793
            ],
            [
              -191.077,
              341.271
            ],
            [
              -192.248,
              344.392
            ],
            [
              -184.173,
              347.413
            ],
            [
              -183.334,
              345.181
            ],
            [
              -172.094,
              349.391
            ],
            [
              -168.779,
              340.616
            ],
            [
              -166.685,
              341.405
            ],
            [
              -162.34,
              329.876
            ],
            [
              -171.404,
              326.477
            ],
            [
              -172.135,
              328.398
            ],
            [
              -178.025,
              326.199
            ],
            [
              -177.053,
              323.644
            ],
            [
              -184.779,
              320.745
            ]
          ]
        ]
      },
      "properties": {
        "osm_id": 378903492,
        "name": null,
        "building": "yes",
        "height_m": 9.0,
        "levels": null
      }
    },
    {
      "type": "Feature",
      "id": 378903493,
      "geometry": {
        "type": "Polygon",
        "coordinates": [
          [
            [
              -411.678,
              460.54
            ],
            [
              -419.995,
              477.644
            ],
            [
              -415.044,
              480.032
            ],
            [
              -413.681,
              477.233
            ],
            [
              -410.507,
              478.766
            ],
            [
              -411.812,
              481.454
            ],
            [
              -409.469,
              482.587
            ],
            [
              -408.472,
              480.532
            ],
            [
              -387.67,
              490.563
            ],
            [
              -380.582,
              475.991
            ],
            [
              -392.487,
              470.248
            ],
            [
              -391.233,
              467.66
            ],
            [
              -397.405,
              464.683
            ],
            [
              -398.485,
              466.905
            ],
            [
              -411.678,
              460.54
            ]
          ]
        ]
      },
      "properties": {
        "osm_id": 378903493,
        "name": null,
        "building": "yes",
        "height_m": 9.0,
        "levels": null
      }
    },
    {
      "type": "Feature",
      "id": 378903494,
      "geometry": {
        "type": "Polygon",
        "coordinates": [
          [
            [
              -509.83,
              388.693
            ],
            [
              -504.206,
              392.77
            ],
            [
              -505.136,
              394.036
            ],
            [
              -500.899,
              397.102
            ],
            [
              -499.927,
              395.78
            ],
            [
              -496.073,
              398.568
            ],
            [
              -496.945,
              399.779
            ],
            [
              -492.8,
              402.789
            ],
            [
              -491.952,
              401.623
            ],
            [
              -485.871,
              406.033
            ],
            [
              -490.25,
              412.019
            ],
            [
              -488.838,
              413.052
            ],
            [
              -491.181,
              416.262
            ],
            [
              -492.776,
              415.107
            ],
            [
              -495.891,
              419.372
            ],
            [
              -519.659,
              402.143
            ],
            [
              -509.83,
              388.693
            ]
          ]
        ]
      },
      "properties": {
        "osm_id": 378903494,
        "name": null,
        "building": "yes",
        "height_m": 9.0,
        "levels": null
      }
    },
    {
      "type": "Feature",
      "id": 378903495,
      "geometry": {
        "type": "Polygon",
        "coordinates": [
          [
            [
              -154.514,
              308.562
            ],
            [
              -167.333,
              303.541
            ],
            [
              -165.364,
              298.554
            ],
            [
              -172.043,
              295.944
            ],
            [
              -172.982,
              298.332
            ],
            [
              -180.708,
              295.31
            ],
            [
              -179.677,
              292.711
            ],
            [
              -200.837,
              284.414
            ],
            [
              -196.907,
              274.451
            ],
            [
              -183.424,
              279.727
            ],
            [
              -182.701,
              277.884
            ],
            [
              -167.507,
              283.848
            ],
            [
              -168.479,
              286.314
            ],
            [
              -156.325,
              291.079
            ],
            [
              -158.468,
              296.499
            ],
            [
              -150.925,
              299.454
            ],
            [
              -154.514,
              308.562
            ]
          ]
        ]
      },
      "properties": {
        "osm_id": 378903495,
        "name": null,
        "building": "yes",
        "height_m": 9.0,
        "levels": null
      }
    },
    {
      "type": "Feature",
      "id": 378903496,
      "geometry": {
        "type": "Polygon",
        "coordinates": [
          [
            [
              -177.199,
              185.218
            ],
            [
              -186.055,
              193.426
            ],
            [
              -191.712,
              187.572
            ],
            [
              -188.622,
              184.396
            ],
            [
              -191.197,
              182.341
            ],
            [
              -192.227,
              183.474
            ],
            [
              -193.465,
              181.619
            ],
            [
              -196.763,
              183.774
            ],
            [
              -201.083,
              178.242
            ],
            [
              -200.776,
              174.133
            ],
            [
              -193.772,
              171.778
            ],
            [
              -193.365,
              165.203
            ],
            [
              -182.449,
              165.003
            ],
            [
              -182.856,
              174.344
            ],
            [
              -188.314,
              173.933
            ],
            [
              -188.522,
              179.775
            ],
            [
              -186.57,
              180.908
            ],
            [
              -183.887,
              178.754
            ],
            [
              -177.199,
              185.218
            ]
          ]
        ]
      },
      "properties": {
        "osm_id": 378903496,
        "name": null,
        "building": "yes",
        "height_m": 9.0,
        "levels": null
      }
    },
    {
      "type": "Feature",
      "id": 378903497,
      "geometry": {
        "type": "Polygon",
        "coordinates": [
          [
            [
              -463.071,
              477.763
            ],
            [
              -457.829,
              480.263
            ],
            [
              -458.502,
              481.662
            ],
            [
              -452.246,
              484.65
            ],
            [
              -451.715,
              483.54
            ],
            [
              -444.57,
              486.95
            ],
            [
              -445.135,
              488.127
            ],
            [
              -438.971,
              491.071
            ],
            [
              -438.531,
              490.149
            ],
            [
              -433.396,
              492.593
            ],
            [
              -434.069,
              494.004
            ],
            [
              -432.981,
              494.526
            ],
            [
              -434.826,
              498.369
            ],
            [
              -436.196,
              497.713
            ],
            [
              -438.265,
              502.023
            ],
            [
              -436.679,
              502.778
            ],
            [
              -438.606,
              506.787
            ],
            [
              -440.301,
              505.976
            ],
            [
              -440.758,
              506.921
            ],
            [
              -470.308,
              492.835
            ],
            [
              -463.071,
              477.763
            ]
          ]
        ]
      },
      "properties": {
        "osm_id": 378903497,
        "name": null,
        "building": "yes",
        "height_m": 9.0,
        "levels": null
      }
    },
    {
      "type": "Feature",
      "id": 378903498,
      "geometry": {
        "type": "Polygon",
        "coordinates": [
          [
            [
              -330.102,
              84.006
            ],
            [
              -329.48,
              86.36
            ],
            [
              -326.804,
              85.75
            ],
            [
              -322.892,
              99.6
            ],
            [
              -323.922,
              100.211
            ],
            [
              -324.745,
              103.088
            ],
            [
              -322.992,
              107.808
            ],
            [
              -316.712,
              111.296
            ],
            [
              -323.508,
              122.992
            ],
            [
              -324.846,
              122.17
            ],
            [
              -326.391,
              124.013
            ],
            [
              -344.933,
              115.193
            ],
            [
              -338.751,
              104.931
            ],
            [
              -336.791,
              105.753
            ],
            [
              -335.661,
              104.209
            ],
            [
              -336.998,
              98.267
            ],
            [
              -338.236,
              98.667
            ],
            [
              -340.811,
              89.536
            ],
            [
              -338.85,
              89.026
            ],
            [
              -339.573,
              86.26
            ],
            [
              -330.102,
              84.006
            ]
          ]
        ]
      },
      "properties": {
        "osm_id": 378903498,
        "name": null,
        "building": "yes",
        "height_m": 9.0,
        "levels": null
      }
    },
    {
      "type": "Feature",
      "id": 378903500,
      "geometry": {
        "type": "Polygon",
        "coordinates": [
          [
            [
              -254.258,
              149.696
            ],
            [
              -240.875,
              162.725
            ],
            [
              -248.593,
              170.21
            ],
            [
              -253.536,
              165.912
            ],
            [
              -255.912,
              167.544
            ],
            [
              -257.865,
              170.932
            ],
            [
              -259.509,
              170.01
            ],
            [
              -260.44,
              172.776
            ],
            [
              -258.994,
              174.22
            ],
            [
              -259.717,
              176.063
            ],
            [
              -260.34,
              177.496
            ],
            [
              -262.6,
              177.907
            ],
            [
              -264.868,
              177.607
            ],
            [
              -280.212,
              168.054
            ],
            [
              -273.623,
              159.236
            ],
            [
              -263.937,
              166.422
            ],
            [
              -260.232,
              160.669
            ],
            [
              -259.102,
              161.602
            ],
            [
              -257.864,
              160.78
            ],
            [
              -262.192,
              156.259
            ],
            [
              -254.258,
              149.696
            ]
          ]
        ]
      },
      "properties": {
        "osm_id": 378903500,
        "name": "Ambasciata di Corea del Nord",
        "building": "yes",
        "height_m": 9.0,
        "levels": null
      }
    },
    {
      "type": "Feature",
      "id": 378903501,
      "geometry": {
        "type": "Polygon",
        "coordinates": [
          [
            [
              -312.655,
              35.591
            ],
            [
              -321.269,
              34.647
            ],
            [
              -321.402,
              35.824
            ],
            [
              -332.501,
              34.613
            ],
            [
              -332.85,
              37.745
            ],
            [
              -329.128,
              38.156
            ],
            [
              -330.483,
              50.396
            ],
            [
              -328.415,
              50.618
            ],
            [
              -329.412,
              59.67
            ],
            [
              -328.332,
              59.793
            ],
            [
              -328.448,
              60.903
            ],
            [
              -324.527,
              61.325
            ],
            [
              -324.61,
              62.047
            ],
            [
              -316.502,
              62.936
            ],
            [
              -316.56,
              63.525
            ],
            [
              -314.018,
              63.803
            ],
            [
              -312.772,
              52.529
            ],
            [
              -314.658,
              52.329
            ],
            [
              -314.209,
              48.253
            ],
            [
              -309.399,
              48.775
            ],
            [
              -308.169,
              37.613
            ],
            [
              -312.821,
              37.102
            ],
            [
              -312.655,
              35.591
            ]
          ]
        ]
      },
      "properties": {
        "osm_id": 378903501,
        "name": null,
        "building": "yes",
        "height_m": 9.0,
        "levels": null
      }
    },
    {
      "type": "Feature",
      "id": 378903502,
      "geometry": {
        "type": "Polygon",
        "coordinates": [
          [
            [
              -245.152,
              99.126
            ],
            [
              -250.983,
              95.071
            ],
            [
              -253.692,
              98.937
            ],
            [
              -256.948,
              96.671
            ],
            [
              -255.353,
              94.405
            ],
            [
              -258.244,
              92.394
            ],
            [
              -260.553,
              95.671
            ],
            [
              -260.969,
              95.382
            ],
            [
              -261.692,
              96.404
            ],
            [
              -271.685,
              89.439
            ],
            [
              -279.104,
              100.024
            ],
            [
              -269.501,
              106.7
            ],
            [
              -262.938,
              111.276
            ],
            [
              -265.239,
              114.553
            ],
            [
              -267.175,
              113.209
            ],
            [
              -269.318,
              116.263
            ],
            [
              -260.704,
              122.25
            ],
            [
              -253.202,
              111.554
            ],
            [
              -250.801,
              113.22
            ],
            [
              -248.375,
              109.755
            ],
            [
              -249.954,
              108.655
            ],
            [
              -246.481,
              103.691
            ],
            [
              -247.735,
              102.813
            ],
            [
              -245.152,
              99.126
            ]
          ]
        ]
      },
      "properties": {
        "osm_id": 378903502,
        "name": null,
        "building": "yes",
        "height_m": 9.0,
        "levels": null
      }
    },
    {
      "type": "Feature",
      "id": 378903503,
      "geometry": {
        "type": "Polygon",
        "coordinates": [
          [
            [
              -502.235,
              491.833
            ],
            [
              -509.115,
              503.784
            ],
            [
              -507.661,
              504.617
            ],
            [
              -509.498,
              507.805
            ],
            [
              -502.91,
              511.57
            ],
            [
              -501.979,
              509.96
            ],
            [
              -493.298,
              514.925
            ],
            [
              -494.004,
              516.158
            ],
            [
              -486.178,
              520.624
            ],
            [
              -483.536,
              516.048
            ],
            [
              -484.334,
              515.592
            ],
            [
              -477.969,
              504.552
            ],
            [
              -484.316,
              500.92
            ],
            [
              -485.321,
              502.664
            ],
            [
              -487.19,
              501.597
            ],
            [
              -487.996,
              502.997
            ],
            [
              -491.004,
              501.264
            ],
            [
              -490.248,
              499.953
            ],
            [
              -492.05,
              498.92
            ],
            [
              -492.748,
              500.131
            ],
            [
              -496.254,
              498.131
            ],
            [
              -495.664,
              497.098
            ],
            [
              -497.7,
              495.932
            ],
            [
              -497.051,
              494.799
            ],
            [
              -502.235,
              491.833
            ]
          ]
        ]
      },
      "properties": {
        "osm_id": 378903503,
        "name": null,
        "building": "yes",
        "height_m": 9.0,
        "levels": null
      }
    },
    {
      "type": "Feature",
      "id": 378903504,
      "geometry": {
        "type": "Polygon",
        "coordinates": [
          [
            [
              -472.761,
              268.285
            ],
            [
              -474.365,
              286.711
            ],
            [
              -476.252,
              295.13
            ],
            [
              -480.481,
              304.271
            ],
            [
              -481.935,
              303.682
            ],
            [
              -494.025,
              337.924
            ],
            [
              -496.069,
              337.78
            ],
            [
              -513.541,
              359.404
            ],
            [
              -500.291,
              369.557
            ],
            [
              -492.573,
              362.16
            ],
            [
              -494.317,
              360.416
            ],
            [
              -491.118,
              357.373
            ],
            [
              -489.897,
              358.095
            ],
            [
              -481.29,
              346.044
            ],
            [
              -490.386,
              340.535
            ],
            [
              -486.456,
              333.871
            ],
            [
              -475.823,
              337.637
            ],
            [
              -469.557,
              319.644
            ],
            [
              -467.522,
              320.81
            ],
            [
              -464.165,
              309.348
            ],
            [
              -475.239,
              306.148
            ],
            [
              -472.613,
              298.318
            ],
            [
              -462.129,
              300.929
            ],
            [
              -458.199,
              290.189
            ],
            [
              -460.085,
              289.322
            ],
            [
              -456.304,
              270.463
            ],
            [
              -472.761,
              268.285
            ]
          ]
        ]
      },
      "properties": {
        "osm_id": 378903504,
        "name": null,
        "building": "apartments",
        "height_m": 9.0,
        "levels": null
      }
    },
    {
      "type": "Feature",
      "id": 378903505,
      "geometry": {
        "type": "Polygon",
        "coordinates": [
          [
            [
              -295.537,
              111.031
            ],
            [
              -270.79,
              136.222
            ],
            [
              -283.6,
              148.706
            ],
            [
              -308.347,
              123.514
            ],
            [
              -295.537,
              111.031
            ]
          ]
        ]
      },
      "properties": {
        "osm_id": 378903505,
        "name": null,
        "building": "yes",
        "height_m": 9.0,
        "levels": null
      }
    },
    {
      "type": "Feature",
      "id": 378903506,
      "geometry": {
        "type": "Polygon",
        "coordinates": [
          [
            [
              -283.705,
              267.595
            ],
            [
              -274.21,
              281.379
            ],
            [
              -290.086,
              292.23
            ],
            [
              -299.581,
              278.446
            ],
            [
              -283.705,
              267.595
            ]
          ]
        ]
      },
      "properties": {
        "osm_id": 378903506,
        "name": null,
        "building": "yes",
        "height_m": 9.0,
        "levels": null
      }
    },
    {
      "type": "Feature",
      "id": 378903507,
      "geometry": {
        "type": "Polygon",
        "coordinates": [
          [
            [
              -153.215,
              183.597
            ],
            [
              -127.67,
              205.989
            ],
            [
              -139.268,
              219.129
            ],
            [
              -164.821,
              196.736
            ],
            [
              -153.215,
              183.597
            ]
          ]
        ]
      },
      "properties": {
        "osm_id": 378903507,
        "name": null,
        "building": "yes",
        "height_m": 9.0,
        "levels": null
      }
    },
    {
      "type": "Feature",
      "id": 378903508,
      "geometry": {
        "type": "Polygon",
        "coordinates": [
          [
            [
              -243.745,
              254.424
            ],
            [
              -239.084,
              259.933
            ],
            [
              -250.159,
              267.774
            ],
            [
              -254.013,
              262.62
            ],
            [
              -249.568,
              258.333
            ],
            [
              -243.745,
              254.424
            ]
          ]
        ]
      },
      "properties": {
        "osm_id": 378903508,
        "name": null,
        "building": "yes",
        "height_m": 9.0,
        "levels": null
      }
    },
    {
      "type": "Feature",
      "id": 378903510,
      "geometry": {
        "type": "Polygon",
        "coordinates": [
          [
            [
              -458.245,
              229.411
            ],
            [
              -453.636,
              263.71
            ],
            [
              -459.286,
              264.465
            ],
            [
              -459.61,
              262.055
            ],
            [
              -471.182,
              263.609
            ],
            [
              -475.467,
              231.709
            ],
            [
              -458.245,
              229.411
            ]
          ]
        ]
      },
      "properties": {
        "osm_id": 378903510,
        "name": null,
        "building": "apartments",
        "height_m": 9.0,
        "levels": null
      }
    },
    {
      "type": "Feature",
      "id": 378903512,
      "geometry": {
        "type": "Polygon",
        "coordinates": [
          [
            [
              -224.292,
              119.585
            ],
            [
              -238.772,
              119.996
            ],
            [
              -238.133,
              142.643
            ],
            [
              -236.206,
              142.588
            ],
            [
              -236.073,
              147.175
            ],
            [
              -221.635,
              146.775
            ],
            [
              -222.407,
              119.53
            ],
            [
              -224.292,
              119.585
            ]
          ]
        ]
      },
      "properties": {
        "osm_id": 378903512,
        "name": null,
        "building": "yes",
        "height_m": 9.0,
        "levels": null
      }
    },
    {
      "type": "Feature",
      "id": 378903513,
      "geometry": {
        "type": "Polygon",
        "coordinates": [
          [
            [
              -386.133,
              183.088
            ],
            [
              -365.946,
              190.52
            ],
            [
              -364.401,
              192.653
            ],
            [
              -371.837,
              213.367
            ],
            [
              -374.562,
              214.91
            ],
            [
              -394.716,
              207.334
            ],
            [
              -396.278,
              204.891
            ],
            [
              -388.484,
              183.821
            ],
            [
              -386.133,
              183.088
            ]
          ]
        ]
      },
      "properties": {
        "osm_id": 378903513,
        "name": null,
        "building": "apartments",
        "height_m": 42.0,
        "levels": "14"
      }
    },
    {
      "type": "Feature",
      "id": 378903514,
      "geometry": {
        "type": "Polygon",
        "coordinates": [
          [
            [
              -309.183,
              248.201
            ],
            [
              -312.573,
              255.376
            ],
            [
              -317.749,
              252.944
            ],
            [
              -322.925,
              263.895
            ],
            [
              -309.026,
              270.415
            ],
            [
              -306.924,
              265.984
            ],
            [
              -304.989,
              266.895
            ],
            [
              -298.517,
              253.2
            ],
            [
              -309.183,
              248.201
            ]
          ]
        ]
      },
      "properties": {
        "osm_id": 378903514,
        "name": null,
        "building": "yes",
        "height_m": 9.0,
        "levels": null
      }
    },
    {
      "type": "Feature",
      "id": 378903515,
      "geometry": {
        "type": "Polygon",
        "coordinates": [
          [
            [
              -386.131,
              310.708
            ],
            [
              -358.625,
              319.895
            ],
            [
              -363.137,
              333.289
            ],
            [
              -360.146,
              334.289
            ],
            [
              -362.406,
              341.009
            ],
            [
              -368.637,
              338.92
            ],
            [
              -370.606,
              344.763
            ],
            [
              -394.864,
              336.664
            ],
            [
              -386.131,
              310.708
            ]
          ]
        ]
      },
      "properties": {
        "osm_id": 378903515,
        "name": null,
        "building": "yes",
        "height_m": 9.0,
        "levels": null
      }
    },
    {
      "type": "Feature",
      "id": 378913913,
      "geometry": {
        "type": "Polygon",
        "coordinates": [
          [
            [
              293.591,
              467.443
            ],
            [
              285.832,
              482.948
            ],
            [
              288.042,
              484.048
            ],
            [
              284.694,
              490.723
            ],
            [
              292.769,
              494.733
            ],
            [
              295.054,
              490.168
            ],
            [
              304.334,
              494.777
            ],
            [
              312.649,
              478.149
            ],
            [
              302.189,
              472.952
            ],
            [
              303.178,
              470.986
            ],
            [
              294.081,
              466.465
            ],
            [
              293.591,
              467.443
            ]
          ]
        ]
      },
      "properties": {
        "osm_id": 378913913,
        "name": null,
        "building": "yes",
        "height_m": 9.0,
        "levels": null
      }
    },
    {
      "type": "Feature",
      "id": 378913915,
      "geometry": {
        "type": "Polygon",
        "coordinates": [
          [
            [
              205.594,
              479.042
            ],
            [
              226.854,
              488.282
            ],
            [
              217.584,
              511.973
            ],
            [
              210.43,
              508.697
            ],
            [
              213.13,
              500.411
            ],
            [
              209.267,
              500.034
            ],
            [
              207.531,
              503.877
            ],
            [
              197.86,
              500.223
            ],
            [
              198.442,
              497.146
            ],
            [
              192.842,
              495.991
            ],
            [
              196.315,
              486.161
            ],
            [
              200.568,
              487.316
            ],
            [
              205.594,
              479.042
            ]
          ]
        ]
      },
      "properties": {
        "osm_id": 378913915,
        "name": null,
        "building": "yes",
        "height_m": 9.0,
        "levels": null
      }
    },
    {
      "type": "Feature",
      "id": 378913926,
      "geometry": {
        "type": "Polygon",
        "coordinates": [
          [
            [
              331.917,
              333.968
            ],
            [
              329.732,
              334.368
            ],
            [
              329.599,
              332.469
            ],
            [
              319.48,
              333.28
            ],
            [
              319.896,
              335.057
            ],
            [
              309.503,
              336.28
            ],
            [
              310.051,
              344.721
            ],
            [
              306.089,
              354.94
            ],
            [
              327.681,
              363.38
            ],
            [
              332.192,
              351.395
            ],
            [
              325.363,
              349.896
            ],
            [
              327.955,
              348.263
            ],
            [
              329.325,
              346.497
            ],
            [
              329.458,
              344.043
            ],
            [
              328.503,
              342.543
            ],
            [
              330.006,
              341.721
            ],
            [
              333.014,
              342.132
            ],
            [
              331.917,
              333.968
            ]
          ]
        ]
      },
      "properties": {
        "osm_id": 378913926,
        "name": null,
        "building": "yes",
        "height_m": 9.0,
        "levels": null
      }
    },
    {
      "type": "Feature",
      "id": 378913929,
      "geometry": {
        "type": "Polygon",
        "coordinates": [
          [
            [
              363.445,
              506.047
            ],
            [
              361.617,
              505.326
            ],
            [
              362.207,
              503.837
            ],
            [
              352.702,
              500.106
            ],
            [
              352.046,
              501.772
            ],
            [
              349.562,
              500.795
            ],
            [
              350.526,
              498.34
            ],
            [
              348.191,
              497.429
            ],
            [
              348.565,
              496.474
            ],
            [
              340.149,
              493.176
            ],
            [
              339.443,
              494.953
            ],
            [
              336.194,
              493.676
            ],
            [
              334.309,
              498.441
            ],
            [
              337.192,
              499.573
            ],
            [
              336.286,
              501.85
            ],
            [
              333.312,
              500.684
            ],
            [
              329.715,
              509.781
            ],
            [
              336.245,
              512.346
            ],
            [
              336.685,
              511.247
            ],
            [
              341.28,
              513.057
            ],
            [
              342.011,
              511.213
            ],
            [
              344.894,
              512.335
            ],
            [
              344.171,
              514.157
            ],
            [
              347.278,
              515.367
            ],
            [
              346.414,
              517.555
            ],
            [
              357.223,
              521.786
            ],
            [
              363.445,
              506.047
            ]
          ]
        ]
      },
      "properties": {
        "osm_id": 378913929,
        "name": null,
        "building": "yes",
        "height_m": 9.0,
        "levels": null
      }
    },
    {
      "type": "Feature",
      "id": 378913932,
      "geometry": {
        "type": "Polygon",
        "coordinates": [
          [
            [
              363.505,
              387.147
            ],
            [
              379.88,
              396.21
            ],
            [
              371.548,
              411.149
            ],
            [
              355.173,
              402.098
            ],
            [
              363.505,
              387.147
            ]
          ]
        ]
      },
      "properties": {
        "osm_id": 378913932,
        "name": null,
        "building": "yes",
        "height_m": 9.0,
        "levels": null
      }
    },
    {
      "type": "Feature",
      "id": 378913934,
      "geometry": {
        "type": "Polygon",
        "coordinates": [
          [
            [
              264.974,
              339.614
            ],
            [
              288.809,
              348.354
            ],
            [
              284.34,
              360.45
            ],
            [
              276.373,
              357.529
            ],
            [
              273.764,
              364.582
            ],
            [
              257.905,
              358.762
            ],
            [
              264.974,
              339.614
            ]
          ]
        ]
      },
      "properties": {
        "osm_id": 378913934,
        "name": null,
        "building": "yes",
        "height_m": 9.0,
        "levels": null
      }
    },
    {
      "type": "Feature",
      "id": 378913937,
      "geometry": {
        "type": "Polygon",
        "coordinates": [
          [
            [
              246.376,
              437.833
            ],
            [
              240.769,
              451.506
            ],
            [
              223.572,
              469.023
            ],
            [
              213.91,
              459.204
            ],
            [
              227.435,
              448.041
            ],
            [
              234.396,
              432.636
            ],
            [
              246.376,
              437.833
            ]
          ]
        ]
      },
      "properties": {
        "osm_id": 378913937,
        "name": null,
        "building": "yes",
        "height_m": 9.0,
        "levels": null
      }
    },
    {
      "type": "Feature",
      "id": 378913944,
      "geometry": {
        "type": "Polygon",
        "coordinates": [
          [
            [
              261.38,
              449.162
            ],
            [
              276.501,
              454.515
            ],
            [
              273.062,
              464.156
            ],
            [
              275.047,
              464.856
            ],
            [
              269.1,
              481.55
            ],
            [
              260.833,
              478.629
            ],
            [
              262.478,
              474.008
            ],
            [
              253.647,
              470.887
            ],
            [
              261.38,
              449.162
            ]
          ]
        ]
      },
      "properties": {
        "osm_id": 378913944,
        "name": null,
        "building": "yes",
        "height_m": 9.0,
        "levels": null
      }
    },
    {
      "type": "Feature",
      "id": 378913949,
      "geometry": {
        "type": "Polygon",
        "coordinates": [
          [
            [
              385.677,
              364.832
            ],
            [
              362.432,
              355.248
            ],
            [
              366.07,
              346.473
            ],
            [
              360.57,
              344.197
            ],
            [
              363.893,
              336.199
            ],
            [
              386.283,
              345.428
            ],
            [
              384.173,
              350.515
            ],
            [
              390.537,
              353.136
            ],
            [
              385.677,
              364.832
            ]
          ]
        ]
      },
      "properties": {
        "osm_id": 378913949,
        "name": null,
        "building": "yes",
        "height_m": 9.0,
        "levels": null
      }
    },
    {
      "type": "Feature",
      "id": 427205750,
      "geometry": {
        "type": "Polygon",
        "coordinates": [
          [
            [
              404.858,
              -251.03
            ],
            [
              399.734,
              -237.712
            ],
            [
              515.155,
              -191.326
            ],
            [
              520.279,
              -204.421
            ],
            [
              404.858,
              -251.03
            ]
          ]
        ]
      },
      "properties": {
        "osm_id": 427205750,
        "name": "Hilton Rome Eur La Lama",
        "building": "yes",
        "height_m": 56.0,
        "levels": null
      }
    },
    {
      "type": "Feature",
      "id": 461142312,
      "geometry": {
        "type": "Polygon",
        "coordinates": [
          [
            [
              -67.112,
              -274.599
            ],
            [
              -70.643,
              -264.947
            ],
            [
              -49.95,
              -256.761
            ],
            [
              -47.192,
              -263.669
            ],
            [
              -49.044,
              -266.868
            ],
            [
              -49.751,
              -265.191
            ],
            [
              -48.82,
              -264.902
            ],
            [
              -49.834,
              -263.003
            ],
            [
              -53.912,
              -264.547
            ],
            [
              -59.976,
              -266.757
            ],
            [
              -59.819,
              -267.701
            ],
            [
              -62.643,
              -269.734
            ],
            [
              -62.942,
              -269.978
            ],
            [
              -67.112,
              -274.599
            ]
          ]
        ]
      },
      "properties": {
        "osm_id": 461142312,
        "name": null,
        "building": "yes",
        "height_m": 3.0,
        "levels": "1"
      }
    },
    {
      "type": "Feature",
      "id": 461142314,
      "geometry": {
        "type": "Polygon",
        "coordinates": [
          [
            [
              -222.293,
              -333.28
            ],
            [
              -215.888,
              -330.97
            ],
            [
              -217.89,
              -324.528
            ],
            [
              -267.025,
              -341.845
            ],
            [
              -264.574,
              -348.609
            ],
            [
              -258.884,
              -346.643
            ],
            [
              -222.293,
              -333.28
            ]
          ]
        ]
      },
      "properties": {
        "osm_id": 461142314,
        "name": null,
        "building": "yes",
        "height_m": 9.0,
        "levels": null
      }
    },
    {
      "type": "Feature",
      "id": 461142315,
      "geometry": {
        "type": "Polygon",
        "coordinates": [
          [
            [
              -371.831,
              -380.036
            ],
            [
              -376.534,
              -367.263
            ],
            [
              -299.439,
              -337.737
            ],
            [
              -296.431,
              -346.289
            ],
            [
              -369.065,
              -373.593
            ],
            [
              -367.354,
              -378.303
            ],
            [
              -371.831,
              -380.036
            ]
          ]
        ]
      },
      "properties": {
        "osm_id": 461142315,
        "name": null,
        "building": "yes",
        "height_m": 9.0,
        "levels": null
      }
    },
    {
      "type": "Feature",
      "id": 461142316,
      "geometry": {
        "type": "Polygon",
        "coordinates": [
          [
            [
              -291.526,
              -446.674
            ],
            [
              -289.524,
              -452.883
            ],
            [
              -283.95,
              -454.882
            ],
            [
              -279.381,
              -453.66
            ],
            [
              -276.823,
              -447.895
            ],
            [
              -279.05,
              -441.897
            ],
            [
              -284.067,
              -439.232
            ],
            [
              -289.632,
              -441.009
            ],
            [
              -291.526,
              -446.674
            ]
          ]
        ]
      },
      "properties": {
        "osm_id": 461142316,
        "name": "Wind",
        "building": "yes",
        "height_m": 9.0,
        "levels": null
      }
    },
    {
      "type": "Feature",
      "id": 566837609,
      "geometry": {
        "type": "Polygon",
        "coordinates": [
          [
            [
              -266.49,
              458.469
            ],
            [
              -262.885,
              461.468
            ],
            [
              -258.382,
              463.179
            ],
            [
              -253.572,
              463.313
            ],
            [
              -248.977,
              461.869
            ],
            [
              -245.122,
              459.003
            ],
            [
              -242.422,
              455.038
            ],
            [
              -241.184,
              450.396
            ],
            [
              -241.541,
              445.62
            ],
            [
              -243.46,
              441.21
            ],
            [
              -246.725,
              437.689
            ],
            [
              -250.862,
              435.467
            ],
            [
              -255.49,
              434.679
            ],
            [
              -260.134,
              435.423
            ],
            [
              -264.288,
              437.599
            ],
            [
              -267.52,
              440.998
            ],
            [
              -269.489,
              445.252
            ],
            [
              -269.979,
              449.906
            ],
            [
              -268.941,
              454.471
            ],
            [
              -266.49,
              458.469
            ]
          ]
        ]
      },
      "properties": {
        "osm_id": 566837609,
        "name": "Torre Piezometrica Roma EUR",
        "building": "yes",
        "height_m": 42.0,
        "levels": "14"
      }
    },
    {
      "type": "Feature",
      "id": 905756204,
      "geometry": {
        "type": "Polygon",
        "coordinates": [
          [
            [
              332.437,
              -454.217
            ],
            [
              337.828,
              -452.03
            ],
            [
              335.702,
              -446.831
            ],
            [
              330.31,
              -449.019
            ],
            [
              332.437,
              -454.217
            ]
          ]
        ]
      },
      "properties": {
        "osm_id": 905756204,
        "name": "IP",
        "building": "roof",
        "height_m": 9.0,
        "levels": null
      }
    },
    {
      "type": "Feature",
      "id": 905756205,
      "geometry": {
        "type": "Polygon",
        "coordinates": [
          [
            [
              366.288,
              -438.158
            ],
            [
              371.853,
              -436.015
            ],
            [
              369.744,
              -430.584
            ],
            [
              364.178,
              -432.727
            ],
            [
              366.288,
              -438.158
            ]
          ]
        ]
      },
      "properties": {
        "osm_id": 905756205,
        "name": "IP",
        "building": "roof",
        "height_m": 9.0,
        "levels": null
      }
    },
    {
      "type": "Feature",
      "id": 917793740,
      "geometry": {
        "type": "Polygon",
        "coordinates": [
          [
            [
              320.384,
              -70.059
            ],
            [
              335.238,
              -64.095
            ],
            [
              332.43,
              -57.164
            ],
            [
              317.577,
              -63.128
            ],
            [
              320.384,
              -70.059
            ]
          ]
        ]
      },
      "properties": {
        "osm_id": 917793740,
        "name": "Gifar",
        "building": "yes",
        "height_m": 3.0,
        "levels": "1"
      }
    },
    {
      "type": "Feature",
      "id": 1071475173,
      "geometry": {
        "type": "Polygon",
        "coordinates": [
          [
            [
              180.703,
              -217.711
            ],
            [
              201.82,
              -209.547
            ],
            [
              186.843,
              -171.095
            ],
            [
              165.726,
              -179.258
            ],
            [
              180.703,
              -217.711
            ]
          ]
        ]
      },
      "properties": {
        "osm_id": 1071475173,
        "name": null,
        "building": "yes",
        "height_m": 9.0,
        "levels": "3"
      }
    },
    {
      "type": "Feature",
      "id": 1144856660,
      "geometry": {
        "type": "Polygon",
        "coordinates": [
          [
            [
              -128.854,
              -17.095
            ],
            [
              -128.455,
              -16.862
            ],
            [
              -127.849,
              -16.817
            ],
            [
              -127.242,
              -16.939
            ],
            [
              -126.703,
              -17.05
            ],
            [
              -126.287,
              -17.261
            ],
            [
              -125.971,
              -17.439
            ],
            [
              -125.639,
              -17.65
            ],
            [
              -123.363,
              -12.33
            ],
            [
              -123.778,
              -12.474
            ],
            [
              -124.385,
              -12.43
            ],
            [
              -125.033,
              -12.285
            ],
            [
              -125.614,
              -12.119
            ],
            [
              -126.121,
              -11.908
            ],
            [
              -126.428,
              -11.697
            ],
            [
              -126.661,
              -11.452
            ],
            [
              -126.786,
              -11.197
            ],
            [
              -127.06,
              -10.886
            ],
            [
              -127.06,
              -11.741
            ],
            [
              -127.143,
              -12.641
            ],
            [
              -127.375,
              -13.763
            ],
            [
              -127.749,
              -14.762
            ],
            [
              -128.082,
              -15.551
            ],
            [
              -128.372,
              -16.129
            ],
            [
              -128.854,
              -17.095
            ]
          ]
        ]
      },
      "properties": {
        "osm_id": 1144856660,
        "name": null,
        "building": "yes",
        "height_m": 9.0,
        "levels": null
      }
    },
    {
      "type": "Feature",
      "id": 1144856661,
      "geometry": {
        "type": "Polygon",
        "coordinates": [
          [
            [
              -130.773,
              -23.126
            ],
            [
              -130.482,
              -22.959
            ],
            [
              -130.067,
              -22.915
            ],
            [
              -129.61,
              -22.915
            ],
            [
              -128.962,
              -23.026
            ],
            [
              -128.206,
              -23.193
            ],
            [
              -127.766,
              -23.37
            ],
            [
              -127.35,
              -23.604
            ],
            [
              -127.076,
              -23.892
            ],
            [
              -127.035,
              -23.126
            ],
            [
              -126.935,
              -22.459
            ],
            [
              -126.727,
              -21.604
            ],
            [
              -126.304,
              -20.238
            ],
            [
              -126.138,
              -19.316
            ],
            [
              -126.055,
              -18.716
            ],
            [
              -125.971,
              -18.239
            ],
            [
              -125.971,
              -17.695
            ],
            [
              -126.138,
              -18.094
            ],
            [
              -126.428,
              -18.239
            ],
            [
              -126.894,
              -18.217
            ],
            [
              -127.392,
              -18.106
            ],
            [
              -127.874,
              -17.939
            ],
            [
              -128.314,
              -17.739
            ],
            [
              -128.538,
              -17.506
            ],
            [
              -128.837,
              -17.173
            ],
            [
              -128.962,
              -17.983
            ],
            [
              -129.352,
              -19.549
            ],
            [
              -129.71,
              -20.716
            ],
            [
              -130.15,
              -21.893
            ],
            [
              -130.773,
              -23.126
            ]
          ]
        ]
      },
      "properties": {
        "osm_id": 1144856661,
        "name": null,
        "building": "yes",
        "height_m": 9.0,
        "levels": null
      }
    },
    {
      "type": "Feature",
      "id": 1144856662,
      "geometry": {
        "type": "Polygon",
        "coordinates": [
          [
            [
              -130.773,
              -23.248
            ],
            [
              -130.482,
              -23.581
            ],
            [
              -130.067,
              -23.748
            ],
            [
              -129.585,
              -23.915
            ],
            [
              -129.02,
              -24.103
            ],
            [
              -128.497,
              -24.292
            ],
            [
              -127.957,
              -24.337
            ],
            [
              -127.517,
              -24.337
            ],
            [
              -127.242,
              -24.314
            ],
            [
              -127.076,
              -24.148
            ],
            [
              -127.159,
              -24.414
            ],
            [
              -127.417,
              -24.959
            ],
            [
              -127.708,
              -25.747
            ],
            [
              -127.957,
              -26.414
            ],
            [
              -128.189,
              -27.413
            ],
            [
              -128.439,
              -28.391
            ],
            [
              -128.48,
              -29.079
            ],
            [
              -128.48,
              -29.768
            ],
            [
              -128.48,
              -30.201
            ],
            [
              -128.704,
              -29.868
            ],
            [
              -129.502,
              -29.368
            ],
            [
              -130.191,
              -29.135
            ],
            [
              -130.856,
              -29.102
            ],
            [
              -131.28,
              -29.035
            ],
            [
              -131.778,
              -29.124
            ],
            [
              -132.193,
              -29.224
            ],
            [
              -131.82,
              -28.491
            ],
            [
              -131.545,
              -27.602
            ],
            [
              -131.114,
              -26.203
            ],
            [
              -130.947,
              -25.458
            ],
            [
              -130.814,
              -24.625
            ],
            [
              -130.798,
              -23.915
            ],
            [
              -130.773,
              -23.248
            ]
          ]
        ]
      },
      "properties": {
        "osm_id": 1144856662,
        "name": null,
        "building": "yes",
        "height_m": 9.0,
        "levels": null
      }
    },
    {
      "type": "Feature",
      "id": 1144856663,
      "geometry": {
        "type": "Polygon",
        "coordinates": [
          [
            [
              -142.137,
              -28.013
            ],
            [
              -141.763,
              -27.436
            ],
            [
              -141.39,
              -26.936
            ],
            [
              -140.974,
              -26.503
            ],
            [
              -140.384,
              -25.87
            ],
            [
              -139.903,
              -25.392
            ],
            [
              -139.338,
              -25.037
            ],
            [
              -138.673,
              -24.626
            ],
            [
              -139.296,
              -24.603
            ],
            [
              -140.409,
              -24.437
            ],
            [
              -141.307,
              -24.059
            ],
            [
              -142.137,
              -23.748
            ],
            [
              -142.81,
              -23.504
            ],
            [
              -143.226,
              -23.226
            ],
            [
              -142.935,
              -24.192
            ],
            [
              -142.644,
              -25.181
            ],
            [
              -142.411,
              -26.036
            ],
            [
              -142.22,
              -26.936
            ],
            [
              -142.179,
              -27.48
            ],
            [
              -142.137,
              -28.013
            ]
          ]
        ]
      },
      "properties": {
        "osm_id": 1144856663,
        "name": null,
        "building": "yes",
        "height_m": 9.0,
        "levels": null
      }
    },
    {
      "type": "Feature",
      "id": 1144856664,
      "geometry": {
        "type": "Polygon",
        "coordinates": [
          [
            [
              -141.996,
              -28.147
            ],
            [
              -141.514,
              -27.891
            ],
            [
              -141.115,
              -27.536
            ],
            [
              -140.575,
              -27.147
            ],
            [
              -140.069,
              -26.703
            ],
            [
              -139.653,
              -26.292
            ],
            [
              -139.196,
              -25.847
            ],
            [
              -138.798,
              -25.581
            ],
            [
              -138.632,
              -25.392
            ],
            [
              -138.524,
              -25.225
            ],
            [
              -138.441,
              -25.87
            ],
            [
              -138.258,
              -26.814
            ],
            [
              -137.776,
              -28.457
            ],
            [
              -137.502,
              -29.013
            ],
            [
              -137.169,
              -29.768
            ],
            [
              -137.651,
              -29.535
            ],
            [
              -138.922,
              -29.013
            ],
            [
              -140.069,
              -28.702
            ],
            [
              -140.949,
              -28.458
            ],
            [
              -141.996,
              -28.147
            ]
          ]
        ]
      },
      "properties": {
        "osm_id": 1144856664,
        "name": null,
        "building": "yes",
        "height_m": 9.0,
        "levels": null
      }
    },
    {
      "type": "Feature",
      "id": 1144856665,
      "geometry": {
        "type": "Polygon",
        "coordinates": [
          [
            [
              -142.096,
              -31.057
            ],
            [
              -141.223,
              -30.99
            ],
            [
              -140.384,
              -30.912
            ],
            [
              -139.379,
              -30.701
            ],
            [
              -138.548,
              -30.634
            ],
            [
              -137.817,
              -30.468
            ],
            [
              -137.211,
              -30.201
            ],
            [
              -137.543,
              -30.801
            ],
            [
              -137.959,
              -31.39
            ],
            [
              -138.274,
              -32.034
            ],
            [
              -138.648,
              -32.767
            ],
            [
              -138.798,
              -33.222
            ],
            [
              -138.798,
              -33.844
            ],
            [
              -138.814,
              -34.422
            ],
            [
              -138.906,
              -34.8
            ],
            [
              -139.362,
              -33.889
            ],
            [
              -139.72,
              -33.278
            ],
            [
              -140.177,
              -32.723
            ],
            [
              -140.742,
              -32.267
            ],
            [
              -141.306,
              -31.745
            ],
            [
              -142.096,
              -31.057
            ]
          ]
        ]
      },
      "properties": {
        "osm_id": 1144856665,
        "name": null,
        "building": "yes",
        "height_m": 9.0,
        "levels": null
      }
    },
    {
      "type": "Feature",
      "id": 1144856666,
      "geometry": {
        "type": "Polygon",
        "coordinates": [
          [
            [
              -138.947,
              -34.988
            ],
            [
              -138.673,
              -35.51
            ],
            [
              -138.274,
              -36.11
            ],
            [
              -137.693,
              -36.699
            ],
            [
              -137.103,
              -37.132
            ],
            [
              -136.496,
              -37.51
            ],
            [
              -135.932,
              -37.71
            ],
            [
              -135.433,
              -37.921
            ],
            [
              -136.272,
              -38.132
            ],
            [
              -137.352,
              -38.531
            ],
            [
              -138.025,
              -38.776
            ],
            [
              -138.631,
              -39.109
            ],
            [
              -139.321,
              -39.42
            ],
            [
              -139.985,
              -39.676
            ],
            [
              -139.819,
              -38.876
            ],
            [
              -139.504,
              -37.676
            ],
            [
              -139.279,
              -36.566
            ],
            [
              -139.088,
              -35.721
            ],
            [
              -138.947,
              -34.988
            ]
          ]
        ]
      },
      "properties": {
        "osm_id": 1144856666,
        "name": null,
        "building": "yes",
        "height_m": 9.0,
        "levels": null
      }
    },
    {
      "type": "Feature",
      "id": 1144856667,
      "geometry": {
        "type": "Polygon",
        "coordinates": [
          [
            [
              -140.093,
              -40.153
            ],
            [
              -139.528,
              -40.675
            ],
            [
              -138.881,
              -41.164
            ],
            [
              -138.191,
              -41.63
            ],
            [
              -137.269,
              -42.186
            ],
            [
              -136.604,
              -42.497
            ],
            [
              -135.832,
              -42.752
            ],
            [
              -136.837,
              -42.963
            ],
            [
              -137.776,
              -43.274
            ],
            [
              -138.482,
              -43.563
            ],
            [
              -139.088,
              -43.896
            ],
            [
              -139.653,
              -44.352
            ],
            [
              -140.052,
              -44.751
            ],
            [
              -140.235,
              -44.563
            ],
            [
              -140.326,
              -44.374
            ],
            [
              -140.218,
              -43.541
            ],
            [
              -139.969,
              -42.252
            ],
            [
              -139.985,
              -41.497
            ],
            [
              -140.027,
              -40.875
            ],
            [
              -140.093,
              -40.153
            ]
          ]
        ]
      },
      "properties": {
        "osm_id": 1144856667,
        "name": null,
        "building": "yes",
        "height_m": 9.0,
        "levels": null
      }
    },
    {
      "type": "Feature",
      "id": 1176327578,
      "geometry": {
        "type": "Polygon",
        "coordinates": [
          [
            [
              99.019,
              -304.166
            ],
            [
              152.873,
              -282.819
            ],
            [
              150.032,
              -275.711
            ],
            [
              148.064,
              -270.79
            ],
            [
              144.583,
              -262.06
            ],
            [
              117.386,
              -272.833
            ],
            [
              122.843,
              -286.506
            ],
            [
              118.208,
              -288.339
            ],
            [
              96.186,
              -297.068
            ],
            [
              96.834,
              -298.69
            ],
            [
              98.529,
              -302.944
            ],
            [
              99.019,
              -304.166
            ]
          ]
        ]
      },
      "properties": {
        "osm_id": 1176327578,
        "name": null,
        "building": "yes",
        "height_m": 9.0,
        "levels": null
      }
    },
    {
      "type": "Feature",
      "id": 1176327579,
      "geometry": {
        "type": "Polygon",
        "coordinates": [
          [
            [
              92.863,
              -304.943
            ],
            [
              98.529,
              -302.944
            ],
            [
              96.834,
              -298.69
            ],
            [
              91.26,
              -300.834
            ],
            [
              92.863,
              -304.943
            ]
          ]
        ]
      },
      "properties": {
        "osm_id": 1176327579,
        "name": null,
        "building": "yes",
        "height_m": 9.0,
        "levels": null
      }
    },
    {
      "type": "Feature",
      "id": 1176327622,
      "geometry": {
        "type": "Polygon",
        "coordinates": [
          [
            [
              392.924,
              -343.684
            ],
            [
              410.66,
              -336.998
            ],
            [
              388.558,
              -280.884
            ],
            [
              370.532,
              -287.77
            ],
            [
              392.924,
              -343.684
            ]
          ]
        ]
      },
      "properties": {
        "osm_id": 1176327622,
        "name": null,
        "building": "roof",
        "height_m": 9.0,
        "levels": null
      }
    },
    {
      "type": "Feature",
      "id": 1177320327,
      "geometry": {
        "type": "Polygon",
        "coordinates": [
          [
            [
              207.306,
              -85.605
            ],
            [
              204.872,
              -79.473
            ],
            [
              214.558,
              -75.542
            ],
            [
              217.15,
              -81.729
            ],
            [
              207.306,
              -85.605
            ]
          ]
        ]
      },
      "properties": {
        "osm_id": 1177320327,
        "name": null,
        "building": "yes",
        "height_m": 9.0,
        "levels": null
      }
    },
    {
      "type": "Feature",
      "id": 1177320368,
      "geometry": {
        "type": "Polygon",
        "coordinates": [
          [
            [
              88.095,
              -276.476
            ],
            [
              85.878,
              -270.922
            ],
            [
              80.046,
              -256.35
            ],
            [
              101.819,
              -247.698
            ],
            [
              109.876,
              -267.824
            ],
            [
              88.095,
              -276.476
            ]
          ]
        ]
      },
      "properties": {
        "osm_id": 1177320368,
        "name": null,
        "building": "yes",
        "height_m": 9.0,
        "levels": null
      }
    },
    {
      "type": "Feature",
      "id": 1177320369,
      "geometry": {
        "type": "Polygon",
        "coordinates": [
          [
            [
              173.167,
              -266.492
            ],
            [
              160.765,
              -271.435
            ],
            [
              150.032,
              -275.711
            ],
            [
              148.064,
              -270.79
            ],
            [
              171.182,
              -261.239
            ],
            [
              173.167,
              -266.492
            ]
          ]
        ]
      },
      "properties": {
        "osm_id": 1177320369,
        "name": null,
        "building": "yes",
        "height_m": 9.0,
        "levels": null
      }
    },
    {
      "type": "Feature",
      "id": 1177320370,
      "geometry": {
        "type": "Polygon",
        "coordinates": [
          [
            [
              224.131,
              -258.197
            ],
            [
              221.913,
              -259.041
            ],
            [
              219.977,
              -259.774
            ],
            [
              218.399,
              -259.974
            ],
            [
              216.572,
              -260.485
            ],
            [
              214.669,
              -260.373
            ],
            [
              212.916,
              -259.651
            ],
            [
              211.488,
              -258.396
            ],
            [
              210.549,
              -256.764
            ],
            [
              210.192,
              -254.898
            ],
            [
              210.458,
              -253.032
            ],
            [
              211.322,
              -251.343
            ],
            [
              212.684,
              -250.033
            ],
            [
              214.404,
              -249.222
            ],
            [
              216.298,
              -249.022
            ],
            [
              218.15,
              -249.444
            ],
            [
              219.762,
              -250.444
            ],
            [
              220.966,
              -251.91
            ],
            [
              221.631,
              -253.687
            ],
            [
              221.722,
              -254.798
            ],
            [
              223.043,
              -255.364
            ],
            [
              223.724,
              -256.697
            ],
            [
              224.131,
              -258.197
            ]
          ]
        ]
      },
      "properties": {
        "osm_id": 1177320370,
        "name": null,
        "building": "yes",
        "height_m": 3.0,
        "levels": null
      }
    },
    {
      "type": "Feature",
      "id": 1177320385,
      "geometry": {
        "type": "Polygon",
        "coordinates": [
          [
            [
              10.982,
              -315.794
            ],
            [
              51.52,
              -299.856
            ],
            [
              40.663,
              -271.544
            ],
            [
              -0.656,
              -287.294
            ],
            [
              10.982,
              -315.794
            ]
          ]
        ]
      },
      "properties": {
        "osm_id": 1177320385,
        "name": null,
        "building": "yes",
        "height_m": 9.0,
        "levels": null
      }
    },
    {
      "type": "Feature",
      "id": 1177320386,
      "geometry": {
        "type": "Polygon",
        "coordinates": [
          [
            [
              -116.1,
              -156.165
            ],
            [
              -103.008,
              -151.367
            ],
            [
              -104.628,
              -146.969
            ],
            [
              -105.982,
              -147.468
            ],
            [
              -106.863,
              -145.069
            ],
            [
              -103.307,
              -143.77
            ],
            [
              -106.614,
              -134.818
            ],
            [
              -101.364,
              -132.885
            ],
            [
              -106.68,
              -118.524
            ],
            [
              -128.204,
              -126.432
            ],
            [
              -121.267,
              -145.147
            ],
            [
              -123.818,
              -146.08
            ],
            [
              -121.317,
              -152.833
            ],
            [
              -117.812,
              -151.545
            ],
            [
              -116.1,
              -156.165
            ]
          ]
        ]
      },
      "properties": {
        "osm_id": 1177320386,
        "name": "Chalet del Lago",
        "building": "yes",
        "height_m": 9.0,
        "levels": null
      }
    },
    {
      "type": "Feature",
      "id": 1177320387,
      "geometry": {
        "type": "Polygon",
        "coordinates": [
          [
            [
              -152.768,
              -145.337
            ],
            [
              -140.723,
              -141.227
            ],
            [
              -143.946,
              -131.853
            ],
            [
              -155.991,
              -135.962
            ],
            [
              -155.601,
              -137.095
            ],
            [
              -152.768,
              -145.337
            ]
          ]
        ]
      },
      "properties": {
        "osm_id": 1177320387,
        "name": null,
        "building": "yes",
        "height_m": 9.0,
        "levels": null
      }
    },
    {
      "type": "Feature",
      "id": 1181329908,
      "geometry": {
        "type": "Polygon",
        "coordinates": [
          [
            [
              -28.978,
              413.78
            ],
            [
              -29.883,
              414.657
            ],
            [
              -31.046,
              415.779
            ],
            [
              -25.555,
              421.41
            ],
            [
              -23.486,
              419.4
            ],
            [
              -28.978,
              413.78
            ]
          ]
        ]
      },
      "properties": {
        "osm_id": 1181329908,
        "name": null,
        "building": "yes",
        "height_m": 9.0,
        "levels": null
      }
    },
    {
      "type": "Feature",
      "id": 1181329909,
      "geometry": {
        "type": "Polygon",
        "coordinates": [
          [
            [
              47.986,
              446.79
            ],
            [
              48.152,
              448.067
            ],
            [
              48.368,
              449.644
            ],
            [
              56.169,
              448.6
            ],
            [
              55.986,
              447.212
            ],
            [
              55.787,
              445.757
            ],
            [
              47.986,
              446.79
            ]
          ]
        ]
      },
      "properties": {
        "osm_id": 1181329909,
        "name": null,
        "building": "yes",
        "height_m": 9.0,
        "levels": null
      }
    },
    {
      "type": "Feature",
      "id": 1181329913,
      "geometry": {
        "type": "Polygon",
        "coordinates": [
          [
            [
              -225.86,
              314.335
            ],
            [
              -201.735,
              319.257
            ],
            [
              -204.543,
              332.896
            ],
            [
              -228.66,
              327.975
            ],
            [
              -225.86,
              314.335
            ]
          ]
        ]
      },
      "properties": {
        "osm_id": 1181329913,
        "name": null,
        "building": "yes",
        "height_m": 9.0,
        "levels": null
      }
    }
  ]
}