{
  "type": "FeatureCollection",
  "crs": {
    "type": "local-meters",
    "note": "coordinate [x, z] in metri, vedi coords.py"
  },
  "features": [
    {
      "type": "Feature",
      "id": 30033046,
      "geometry": {
        "type": "LineString",
        "coordinates": [
          [
            -17.562,
            157.708
          ],
          [
            -18.609,
            204.035
          ],
          [
            -20.844,
            235.402
          ],
          [
            -19.531,
            239.633
          ],
          [
            -17.271,
            242.521
          ],
          [
            -12.52,
            245.576
          ]
        ]
      },
      "properties": {
        "osm_id": 30033046,
        "name": null,
        "highway": "steps",
        "lanes": null,
        "width_m": 6.0,
        "surface": "concrete",
        "maxspeed": null
      }
    },
    {
      "type": "Feature",
      "id": 30033084,
      "geometry": {
        "type": "LineString",
        "coordinates": [
          [
            9.23,
            261.281
          ],
          [
            0.914,
            251.984
          ]
        ]
      },
      "properties": {
        "osm_id": 30033084,
        "name": "Piazzale dello Sport",
        "highway": "footway",
        "lanes": null,
        "width_m": 2.0,
        "surface": null,
        "maxspeed": null
      }
    },
    {
      "type": "Feature",
      "id": 38433215,
      "geometry": {
        "type": "LineString",
        "coordinates": [
          [
            315.294,
            -409.211
          ],
          [
            313.158,
            -420.029
          ],
          [
            312.684,
            -425.538
          ],
          [
            314.263,
            -428.804
          ],
          [
            317.652,
            -431.581
          ],
          [
            320.301,
            -436.135
          ],
          [
            320.783,
            -443.099
          ],
          [
            322.643,
            -446.575
          ],
          [
            327.187,
            -452.684
          ],
          [
            334.787,
            -466.646
          ],
          [
            352.553,
            -503.467
          ]
        ]
      },
      "properties": {
        "osm_id": 38433215,
        "name": null,
        "highway": "footway",
        "lanes": null,
        "width_m": 2.0,
        "surface": "paved",
        "maxspeed": null
      }
    },
    {
      "type": "Feature",
      "id": 44073108,
      "geometry": {
        "type": "LineString",
        "coordinates": [
          [
            230.196,
            -218.512
          ],
          [
            230.778,
            -220.544
          ],
          [
            231.326,
            -223.488
          ],
          [
            233.876,
            -226.664
          ],
          [
            235.014,
            -228.086
          ],
          [
            236.551,
            -233.895
          ],
          [
            239.524,
            -242.47
          ],
          [
            244.492,
            -247.224
          ],
          [
            247.0,
            -249.623
          ],
          [
            251.303,
            -254.888
          ],
          [
            252.823,
            -257.964
          ]
        ]
      },
      "properties": {
        "osm_id": 44073108,
        "name": null,
        "highway": "footway",
        "lanes": null,
        "width_m": 2.0,
        "surface": "asphalt",
        "maxspeed": null
      }
    },
    {
      "type": "Feature",
      "id": 44073109,
      "geometry": {
        "type": "LineString",
        "coordinates": [
          [
            256.926,
            -278.701
          ],
          [
            264.252,
            -293.985
          ]
        ]
      },
      "properties": {
        "osm_id": 44073109,
        "name": null,
        "highway": "path",
        "lanes": null,
        "width_m": 2.0,
        "surface": "concrete",
        "maxspeed": null
      }
    },
    {
      "type": "Feature",
      "id": 44073110,
      "geometry": {
        "type": "LineString",
        "coordinates": [
          [
            264.252,
            -293.985
          ],
          [
            256.394,
            -297.428
          ]
        ]
      },
      "properties": {
        "osm_id": 44073110,
        "name": null,
        "highway": "path",
        "lanes": null,
        "width_m": 2.0,
        "surface": "concrete",
        "maxspeed": null
      }
    },
    {
      "type": "Feature",
      "id": 44073111,
      "geometry": {
        "type": "LineString",
        "coordinates": [
          [
            264.252,
            -293.985
          ],
          [
            268.023,
            -306.369
          ],
          [
            273.979,
            -316.677
          ],
          [
            275.923,
            -323.341
          ],
          [
            276.537,
            -327.451
          ],
          [
            276.819,
            -331.427
          ],
          [
            278.929,
            -334.659
          ],
          [
            280.159,
            -336.048
          ],
          [
            281.604,
            -337.347
          ],
          [
            283.024,
            -339.213
          ],
          [
            284.337,
            -342.768
          ],
          [
            286.006,
            -349.143
          ],
          [
            286.621,
            -351.142
          ],
          [
            287.468,
            -353.564
          ],
          [
            289.852,
            -358.851
          ],
          [
            290.408,
            -360.739
          ],
          [
            290.907,
            -363.071
          ],
          [
            291.521,
            -364.904
          ],
          [
            292.634,
            -366.182
          ],
          [
            294.196,
            -367.57
          ],
          [
            296.032,
            -369.236
          ],
          [
            297.643,
            -370.68
          ],
          [
            298.765,
            -371.68
          ],
          [
            299.537,
            -372.513
          ],
          [
            300.268,
            -374.057
          ],
          [
            300.21,
            -375.556
          ],
          [
            299.711,
            -377.111
          ],
          [
            298.598,
            -379.632
          ],
          [
            297.867,
            -382.22
          ],
          [
            297.593,
            -384.775
          ],
          [
            297.983,
            -386.552
          ],
          [
            298.814,
            -388.107
          ],
          [
            299.877,
            -389.207
          ],
          [
            301.04,
            -390.151
          ],
          [
            303.108,
            -391.428
          ],
          [
            304.554,
            -392.261
          ],
          [
            305.725,
            -393.483
          ],
          [
            306.281,
            -394.705
          ],
          [
            307.145,
            -396.427
          ]
        ]
      },
      "properties": {
        "osm_id": 44073111,
        "name": null,
        "highway": "path",
        "lanes": null,
        "width_m": 2.0,
        "surface": "concrete",
        "maxspeed": null
      }
    },
    {
      "type": "Feature",
      "id": 44073112,
      "geometry": {
        "type": "LineString",
        "coordinates": [
          [
            276.819,
            -331.427
          ],
          [
            270.041,
            -334.148
          ]
        ]
      },
      "properties": {
        "osm_id": 44073112,
        "name": null,
        "highway": "path",
        "lanes": null,
        "width_m": 2.0,
        "surface": "concrete",
        "maxspeed": null
      }
    },
    {
      "type": "Feature",
      "id": 44073113,
      "geometry": {
        "type": "LineString",
        "coordinates": [
          [
            287.468,
            -353.564
          ],
          [
            298.126,
            -348.244
          ]
        ]
      },
      "properties": {
        "osm_id": 44073113,
        "name": null,
        "highway": "path",
        "lanes": null,
        "width_m": 2.0,
        "surface": "concrete",
        "maxspeed": null
      }
    },
    {
      "type": "Feature",
      "id": 44073114,
      "geometry": {
        "type": "LineString",
        "coordinates": [
          [
            298.598,
            -379.632
          ],
          [
            288.954,
            -383.097
          ]
        ]
      },
      "properties": {
        "osm_id": 44073114,
        "name": null,
        "highway": "path",
        "lanes": null,
        "width_m": 2.0,
        "surface": "concrete",
        "maxspeed": null
      }
    },
    {
      "type": "Feature",
      "id": 44073115,
      "geometry": {
        "type": "LineString",
        "coordinates": [
          [
            268.023,
            -306.369
          ],
          [
            270.914,
            -304.526
          ],
          [
            273.365,
            -303.915
          ],
          [
            278.017,
            -300.705
          ]
        ]
      },
      "properties": {
        "osm_id": 44073115,
        "name": null,
        "highway": "path",
        "lanes": null,
        "width_m": 2.0,
        "surface": "concrete",
        "maxspeed": null
      }
    },
    {
      "type": "Feature",
      "id": 44073387,
      "geometry": {
        "type": "LineString",
        "coordinates": [
          [
            -162.924,
            -647.407
          ],
          [
            -170.126,
            -644.241
          ],
          [
            -174.429,
            -634.09
          ],
          [
            -178.035,
            -625.537
          ],
          [
            -186.151,
            -607.111
          ],
          [
            -189.689,
            -598.892
          ],
          [
            -195.022,
            -595.949
          ],
          [
            -199.309,
            -586.797
          ],
          [
            -199.816,
            -582.054
          ],
          [
            -199.01,
            -576.989
          ],
          [
            -200.796,
            -570.925
          ],
          [
            -205.157,
            -565.993
          ],
          [
            -208.846,
            -559.152
          ],
          [
            -209.153,
            -552.01
          ],
          [
            -211.571,
            -546.068
          ],
          [
            -214.129,
            -543.102
          ],
          [
            -216.688,
            -540.425
          ],
          [
            -217.56,
            -534.383
          ],
          [
            -218.765,
            -529.108
          ],
          [
            -220.443,
            -525.853
          ],
          [
            -223.018,
            -521.733
          ],
          [
            -223.94,
            -517.79
          ],
          [
            -223.924,
            -514.735
          ],
          [
            -225.037,
            -511.237
          ],
          [
            -228.285,
            -507.405
          ],
          [
            -230.935,
            -505.039
          ],
          [
            -231.699,
            -501.929
          ],
          [
            -230.752,
            -496.409
          ],
          [
            -230.445,
            -491.411
          ],
          [
            -232.372,
            -484.402
          ],
          [
            -238.005,
            -475.906
          ],
          [
            -239.882,
            -472.007
          ]
        ]
      },
      "properties": {
        "osm_id": 44073387,
        "name": null,
        "highway": "footway",
        "lanes": null,
        "width_m": 2.0,
        "surface": "asphalt",
        "maxspeed": null
      }
    },
    {
      "type": "Feature",
      "id": 44073388,
      "geometry": {
        "type": "LineString",
        "coordinates": [
          [
            -119.751,
            -430.819
          ],
          [
            -219.315,
            -468.041
          ],
          [
            -220.145,
            -469.452
          ],
          [
            -221.566,
            -475.394
          ]
        ]
      },
      "properties": {
        "osm_id": 44073388,
        "name": null,
        "highway": "footway",
        "lanes": null,
        "width_m": 2.0,
        "surface": "paving_stones",
        "maxspeed": null
      }
    },
    {
      "type": "Feature",
      "id": 44073389,
      "geometry": {
        "type": "LineString",
        "coordinates": [
          [
            -221.566,
            -475.394
          ],
          [
            -205.532,
            -517.978
          ]
        ]
      },
      "properties": {
        "osm_id": 44073389,
        "name": null,
        "highway": "footway",
        "lanes": null,
        "width_m": 2.0,
        "surface": "asphalt",
        "maxspeed": null
      }
    },
    {
      "type": "Feature",
      "id": 44179529,
      "geometry": {
        "type": "LineString",
        "coordinates": [
          [
            -28.519,
            112.725
          ],
          [
            -24.158,
            111.325
          ],
          [
            -21.051,
            107.86
          ],
          [
            14.039,
            18.371
          ],
          [
            16.997,
            10.796
          ]
        ]
      },
      "properties": {
        "osm_id": 44179529,
        "name": null,
        "highway": "footway",
        "lanes": null,
        "width_m": 2.0,
        "surface": "asphalt",
        "maxspeed": null
      }
    },
    {
      "type": "Feature",
      "id": 44179530,
      "geometry": {
        "type": "LineString",
        "coordinates": [
          [
            80.114,
            -142.648
          ],
          [
            83.678,
            -151.689
          ]
        ]
      },
      "properties": {
        "osm_id": 44179530,
        "name": null,
        "highway": "steps",
        "lanes": null,
        "width_m": 2.0,
        "surface": "paving_stones",
        "maxspeed": null
      }
    },
    {
      "type": "Feature",
      "id": 44179531,
      "geometry": {
        "type": "LineString",
        "coordinates": [
          [
            -54.876,
            -219.175
          ],
          [
            -63.815,
            -222.562
          ],
          [
            -113.648,
            -242.056
          ],
          [
            -121.208,
            -245.088
          ],
          [
            -147.806,
            -255.907
          ],
          [
            -229.604,
            -287.819
          ]
        ]
      },
      "properties": {
        "osm_id": 44179531,
        "name": null,
        "highway": "footway",
        "lanes": null,
        "width_m": 2.0,
        "surface": "asphalt",
        "maxspeed": null
      }
    },
    {
      "type": "Feature",
      "id": 45173255,
      "geometry": {
        "type": "LineString",
        "coordinates": [
          [
            249.584,
            -231.696
          ],
          [
            247.341,
            -241.137
          ],
          [
            244.492,
            -247.224
          ],
          [
            240.837,
            -251.977
          ],
          [
            238.377,
            -256.376
          ]
        ]
      },
      "properties": {
        "osm_id": 45173255,
        "name": null,
        "highway": "footway",
        "lanes": null,
        "width_m": 2.0,
        "surface": "asphalt",
        "maxspeed": null
      }
    },
    {
      "type": "Feature",
      "id": 50266085,
      "geometry": {
        "type": "LineString",
        "coordinates": [
          [
            -403.797,
            -363.966
          ],
          [
            -437.198,
            -376.918
          ]
        ]
      },
      "properties": {
        "osm_id": 50266085,
        "name": "Viale America",
        "highway": "steps",
        "lanes": null,
        "width_m": 2.0,
        "surface": null,
        "maxspeed": null
      }
    },
    {
      "type": "Feature",
      "id": 107191840,
      "geometry": {
        "type": "LineString",
        "coordinates": [
          [
            -334.34,
            -256.069
          ],
          [
            -322.318,
            -287.223
          ],
          [
            -267.103,
            -266.084
          ],
          [
            -279.124,
            -234.918
          ],
          [
            -334.34,
            -256.069
          ]
        ]
      },
      "properties": {
        "osm_id": 107191840,
        "name": null,
        "highway": "footway",
        "lanes": null,
        "width_m": 2.0,
        "surface": null,
        "maxspeed": null
      }
    },
    {
      "type": "Feature",
      "id": 107308422,
      "geometry": {
        "type": "LineString",
        "coordinates": [
          [
            -409.123,
            -55.291
          ],
          [
            -407.461,
            -54.136
          ],
          [
            -405.576,
            -53.403
          ],
          [
            -403.574,
            -53.114
          ],
          [
            -401.563,
            -53.292
          ],
          [
            -399.644,
            -53.936
          ],
          [
            -397.916,
            -54.991
          ],
          [
            -396.487,
            -56.412
          ],
          [
            -395.573,
            -57.834
          ],
          [
            -394.942,
            -59.411
          ],
          [
            -394.635,
            -61.077
          ],
          [
            -394.659,
            -62.765
          ],
          [
            -395.0,
            -64.42
          ],
          [
            -395.664,
            -65.975
          ],
          [
            -396.553,
            -67.297
          ],
          [
            -397.675,
            -68.441
          ],
          [
            -398.979,
            -69.363
          ],
          [
            -400.432,
            -70.03
          ],
          [
            -401.986,
            -70.419
          ],
          [
            -403.581,
            -70.519
          ],
          [
            -405.068,
            -70.352
          ],
          [
            -406.497,
            -69.941
          ],
          [
            -407.834,
            -69.286
          ],
          [
            -409.047,
            -68.42
          ],
          [
            -410.086,
            -67.353
          ],
          [
            -410.933,
            -66.132
          ],
          [
            -411.556,
            -64.788
          ],
          [
            -411.947,
            -63.355
          ],
          [
            -412.08,
            -61.878
          ],
          [
            -411.963,
            -60.39
          ],
          [
            -411.598,
            -58.957
          ],
          [
            -410.983,
            -57.602
          ],
          [
            -410.153,
            -56.369
          ],
          [
            -409.123,
            -55.291
          ]
        ]
      },
      "properties": {
        "osm_id": 107308422,
        "name": null,
        "highway": "footway",
        "lanes": null,
        "width_m": 2.0,
        "surface": "concrete",
        "maxspeed": null
      }
    },
    {
      "type": "Feature",
      "id": 107308425,
      "geometry": {
        "type": "LineString",
        "coordinates": [
          [
            -25.013,
            27.412
          ],
          [
            -21.591,
            28.867
          ],
          [
            -17.603,
            28.834
          ],
          [
            -8.257,
            26.279
          ],
          [
            -2.476,
            25.99
          ],
          [
            1.628,
            26.268
          ]
        ]
      },
      "properties": {
        "osm_id": 107308425,
        "name": null,
        "highway": "footway",
        "lanes": null,
        "width_m": 2.0,
        "surface": "paved",
        "maxspeed": null
      }
    },
    {
      "type": "Feature",
      "id": 107308427,
      "geometry": {
        "type": "LineString",
        "coordinates": [
          [
            406.296,
            199.192
          ],
          [
            404.676,
            203.446
          ],
          [
            400.118,
            239.6
          ],
          [
            399.92,
            280.962
          ]
        ]
      },
      "properties": {
        "osm_id": 107308427,
        "name": null,
        "highway": "footway",
        "lanes": null,
        "width_m": 2.0,
        "surface": "paved",
        "maxspeed": null
      }
    },
    {
      "type": "Feature",
      "id": 107308429,
      "geometry": {
        "type": "LineString",
        "coordinates": [
          [
            18.958,
            142.547
          ],
          [
            21.757,
            139.282
          ],
          [
            27.68,
            134.084
          ],
          [
            29.151,
            130.296
          ],
          [
            29.109,
            126.72
          ],
          [
            24.839,
            121.033
          ],
          [
            23.095,
            116.679
          ],
          [
            22.339,
            111.325
          ],
          [
            23.344,
            105.094
          ],
          [
            25.994,
            100.418
          ],
          [
            33.063,
            95.987
          ],
          [
            36.561,
            94.165
          ],
          [
            37.923,
            92.566
          ],
          [
            38.347,
            89.9
          ],
          [
            36.669,
            84.58
          ],
          [
            35.68,
            79.404
          ],
          [
            36.386,
            76.816
          ],
          [
            38.92,
            74.883
          ],
          [
            43.489,
            74.928
          ],
          [
            47.543,
            77.616
          ],
          [
            53.824,
            82.503
          ],
          [
            60.453,
            88.611
          ],
          [
            88.424,
            96.975
          ],
          [
            79.17,
            139.081
          ],
          [
            77.733,
            141.225
          ],
          [
            74.858,
            141.68
          ],
          [
            66.634,
            140.214
          ],
          [
            59.664,
            158.641
          ]
        ]
      },
      "properties": {
        "osm_id": 107308429,
        "name": null,
        "highway": "footway",
        "lanes": null,
        "width_m": 2.0,
        "surface": "paved",
        "maxspeed": null
      }
    },
    {
      "type": "Feature",
      "id": 107308431,
      "geometry": {
        "type": "LineString",
        "coordinates": [
          [
            -187.375,
            -155.145
          ],
          [
            -196.812,
            -158.877
          ],
          [
            -202.652,
            -162.82
          ],
          [
            -208.658,
            -166.564
          ],
          [
            -212.412,
            -168.108
          ],
          [
            -216.948,
            -169.252
          ],
          [
            -222.414,
            -170.14
          ],
          [
            -227.141,
            -170.563
          ],
          [
            -232.756,
            -171.818
          ],
          [
            -241.171,
            -177.927
          ],
          [
            -244.768,
            -180.504
          ],
          [
            -248.606,
            -182.437
          ],
          [
            -250.932,
            -183.17
          ],
          [
            -253.706,
            -183.681
          ],
          [
            -258.076,
            -184.136
          ],
          [
            -262.205,
            -184.581
          ],
          [
            -266.607,
            -184.581
          ],
          [
            -269.706,
            -186.269
          ],
          [
            -271.965,
            -187.947
          ],
          [
            -275.662,
            -191.101
          ],
          [
            -279.716,
            -194.045
          ],
          [
            -280.912,
            -194.645
          ],
          [
            -282.673,
            -195.022
          ],
          [
            -284.858,
            -195.467
          ],
          [
            -287.275,
            -195.689
          ],
          [
            -292.517,
            -195.745
          ],
          [
            -297.476,
            -196.067
          ],
          [
            -300.367,
            -196.778
          ],
          [
            -303.108,
            -198.333
          ],
          [
            -304.346,
            -199.222
          ],
          [
            -305.683,
            -200.554
          ],
          [
            -308.524,
            -205.042
          ],
          [
            -314.729,
            -206.708
          ],
          [
            -320.785,
            -208.086
          ],
          [
            -328.668,
            -208.597
          ],
          [
            -335.779,
            -209.941
          ],
          [
            -339.766,
            -212.007
          ],
          [
            -344.011,
            -214.84
          ],
          [
            -349.66,
            -219.172
          ],
          [
            -352.742,
            -220.86
          ],
          [
            -354.046,
            -221.305
          ],
          [
            -355.774,
            -221.749
          ],
          [
            -358.781,
            -222.127
          ],
          [
            -360.666,
            -222.227
          ],
          [
            -362.245,
            -222.149
          ],
          [
            -366.448,
            -222.138
          ],
          [
            -368.234,
            -222.261
          ],
          [
            -369.937,
            -222.594
          ],
          [
            -371.499,
            -222.983
          ],
          [
            -373.235,
            -223.671
          ],
          [
            -376.558,
            -226.259
          ],
          [
            -387.813,
            -234.801
          ],
          [
            -400.631,
            -239.1
          ],
          [
            -405.199,
            -240.5
          ],
          [
            -407.592,
            -238.768
          ],
          [
            -416.904,
            -242.089
          ]
        ]
      },
      "properties": {
        "osm_id": 107308431,
        "name": "Passeggiata del Giappone",
        "highway": "footway",
        "lanes": null,
        "width_m": 2.0,
        "surface": "concrete",
        "maxspeed": null
      }
    },
    {
      "type": "Feature",
      "id": 107308432,
      "geometry": {
        "type": "LineString",
        "coordinates": [
          [
            -356.999,
            -310.605
          ],
          [
            -327.126,
            -325.887
          ]
        ]
      },
      "properties": {
        "osm_id": 107308432,
        "name": null,
        "highway": "footway",
        "lanes": null,
        "width_m": 2.0,
        "surface": "paved",
        "maxspeed": null
      }
    },
    {
      "type": "Feature",
      "id": 107308433,
      "geometry": {
        "type": "LineString",
        "coordinates": [
          [
            224.703,
            249.337
          ],
          [
            220.475,
            247.76
          ]
        ]
      },
      "properties": {
        "osm_id": 107308433,
        "name": null,
        "highway": "footway",
        "lanes": null,
        "width_m": 2.0,
        "surface": null,
        "maxspeed": null
      }
    },
    {
      "type": "Feature",
      "id": 107308434,
      "geometry": {
        "type": "LineString",
        "coordinates": [
          [
            -270.12,
            -8.38
          ],
          [
            -268.408,
            -16.355
          ],
          [
            -267.128,
            -22.03
          ],
          [
            -265.699,
            -25.296
          ],
          [
            -265.076,
            -28.683
          ],
          [
            -264.952,
            -34.103
          ],
          [
            -265.284,
            -40.234
          ],
          [
            -265.956,
            -43.822
          ],
          [
            -267.177,
            -47.31
          ],
          [
            -268.432,
            -53.841
          ],
          [
            -268.905,
            -58.383
          ],
          [
            -267.085,
            -83.352
          ],
          [
            -265.905,
            -88.772
          ]
        ]
      },
      "properties": {
        "osm_id": 107308434,
        "name": null,
        "highway": "footway",
        "lanes": null,
        "width_m": 2.0,
        "surface": "paved",
        "maxspeed": null
      }
    },
    {
      "type": "Feature",
      "id": 107308436,
      "geometry": {
        "type": "LineString",
        "coordinates": [
          [
            -396.487,
            -56.412
          ],
          [
            -392.708,
            -52.436
          ],
          [
            -390.623,
            -49.192
          ],
          [
            -387.658,
            -42.028
          ],
          [
            -384.617,
            -40.007
          ],
          [
            -379.907,
            -37.807
          ],
          [
            -377.98,
            -35.575
          ],
          [
            -377.556,
            -31.676
          ],
          [
            -377.69,
            -26.478
          ],
          [
            -375.854,
            -21.791
          ],
          [
            -375.439,
            -19.68
          ],
          [
            -375.198,
            -17.292
          ],
          [
            -375.439,
            -13.894
          ],
          [
            -375.539,
            -6.563
          ]
        ]
      },
      "properties": {
        "osm_id": 107308436,
        "name": null,
        "highway": "footway",
        "lanes": null,
        "width_m": 2.0,
        "surface": "paved",
        "maxspeed": null
      }
    },
    {
      "type": "Feature",
      "id": 107308441,
      "geometry": {
        "type": "LineString",
        "coordinates": [
          [
            328.995,
            211.103
          ],
          [
            355.92,
            221.831
          ],
          [
            400.118,
            239.6
          ]
        ]
      },
      "properties": {
        "osm_id": 107308441,
        "name": null,
        "highway": "footway",
        "lanes": null,
        "width_m": 2.0,
        "surface": "paved",
        "maxspeed": null
      }
    },
    {
      "type": "Feature",
      "id": 107308447,
      "geometry": {
        "type": "LineString",
        "coordinates": [
          [
            6.613,
            14.073
          ],
          [
            1.628,
            26.268
          ],
          [
            5.466,
            27.834
          ],
          [
            9.836,
            17.138
          ]
        ]
      },
      "properties": {
        "osm_id": 107308447,
        "name": null,
        "highway": "steps",
        "lanes": null,
        "width_m": 2.0,
        "surface": "paved",
        "maxspeed": null
      }
    },
    {
      "type": "Feature",
      "id": 107308451,
      "geometry": {
        "type": "LineString",
        "coordinates": [
          [
            456.806,
            68.049
          ],
          [
            483.099,
            78.71
          ],
          [
            479.27,
            86.196
          ],
          [
            469.759,
            93.761
          ],
          [
            463.919,
            99.348
          ]
        ]
      },
      "properties": {
        "osm_id": 107308451,
        "name": null,
        "highway": "footway",
        "lanes": null,
        "width_m": 2.0,
        "surface": "asphalt",
        "maxspeed": null
      }
    },
    {
      "type": "Feature",
      "id": 107308452,
      "geometry": {
        "type": "LineString",
        "coordinates": [
          [
            -19.223,
            125.742
          ],
          [
            -12.478,
            130.474
          ],
          [
            -3.182,
            134.095
          ]
        ]
      },
      "properties": {
        "osm_id": 107308452,
        "name": null,
        "highway": "footway",
        "lanes": null,
        "width_m": 2.0,
        "surface": "asphalt",
        "maxspeed": null
      }
    },
    {
      "type": "Feature",
      "id": 107308455,
      "geometry": {
        "type": "LineString",
        "coordinates": [
          [
            -81.276,
            -198.416
          ],
          [
            -88.179,
            -198.982
          ],
          [
            -100.889,
            -198.349
          ],
          [
            -111.298,
            -195.684
          ],
          [
            -121.117,
            -193.685
          ],
          [
            -147.384,
            -189.309
          ],
          [
            -172.588,
            -186.977
          ],
          [
            -174.922,
            -186.7
          ]
        ]
      },
      "properties": {
        "osm_id": 107308455,
        "name": null,
        "highway": "footway",
        "lanes": null,
        "width_m": 2.0,
        "surface": "compacted",
        "maxspeed": null
      }
    },
    {
      "type": "Feature",
      "id": 107308457,
      "geometry": {
        "type": "LineString",
        "coordinates": [
          [
            404.174,
            282.628
          ],
          [
            404.672,
            278.185
          ],
          [
            405.004,
            275.664
          ],
          [
            405.777,
            272.265
          ],
          [
            407.504,
            266.201
          ],
          [
            410.453,
            259.048
          ],
          [
            411.134,
            252.45
          ],
          [
            411.474,
            247.474
          ],
          [
            414.531,
            241.965
          ],
          [
            419.549,
            236.911
          ],
          [
            423.245,
            232.113
          ],
          [
            425.006,
            226.748
          ],
          [
            425.563,
            221.616
          ],
          [
            427.855,
            215.752
          ],
          [
            431.851,
            210.398
          ],
          [
            432.781,
            204.3
          ],
          [
            431.177,
            199.657
          ],
          [
            429.523,
            190.927
          ],
          [
            430.777,
            184.852
          ]
        ]
      },
      "properties": {
        "osm_id": 107308457,
        "name": null,
        "highway": "footway",
        "lanes": null,
        "width_m": 2.0,
        "surface": "paved",
        "maxspeed": null
      }
    },
    {
      "type": "Feature",
      "id": 107308458,
      "geometry": {
        "type": "LineString",
        "coordinates": [
          [
            -223.317,
            6.661
          ],
          [
            -220.343,
            -1.314
          ],
          [
            -218.581,
            -6.334
          ],
          [
            -215.591,
            -11.288
          ],
          [
            -211.345,
            -15.286
          ],
          [
            -204.658,
            -19.551
          ],
          [
            -196.126,
            -24.449
          ],
          [
            -193.667,
            -27.659
          ],
          [
            -191.981,
            -31.757
          ],
          [
            -191.316,
            -37.211
          ],
          [
            -189.829,
            -41.976
          ],
          [
            -188.093,
            -44.908
          ]
        ]
      },
      "properties": {
        "osm_id": 107308458,
        "name": null,
        "highway": "footway",
        "lanes": null,
        "width_m": 2.0,
        "surface": "paved",
        "maxspeed": null
      }
    },
    {
      "type": "Feature",
      "id": 107308461,
      "geometry": {
        "type": "LineString",
        "coordinates": [
          [
            -362.245,
            -222.149
          ],
          [
            -362.909,
            -220.305
          ],
          [
            -363.125,
            -219.717
          ],
          [
            -364.139,
            -218.984
          ],
          [
            -364.704,
            -218.739
          ],
          [
            -365.443,
            -218.584
          ],
          [
            -367.321,
            -218.651
          ],
          [
            -369.198,
            -218.606
          ],
          [
            -371.458,
            -218.44
          ],
          [
            -371.607,
            -217.24
          ],
          [
            -338.554,
            -202.511
          ],
          [
            -304.138,
            -189.725
          ],
          [
            -268.626,
            -179.161
          ],
          [
            -234.792,
            -166.342
          ],
          [
            -190.108,
            -149.858
          ],
          [
            -187.375,
            -155.145
          ],
          [
            -177.148,
            -182.912
          ]
        ]
      },
      "properties": {
        "osm_id": 107308461,
        "name": null,
        "highway": "footway",
        "lanes": null,
        "width_m": 2.0,
        "surface": "concrete",
        "maxspeed": null
      }
    },
    {
      "type": "Feature",
      "id": 107308471,
      "geometry": {
        "type": "LineString",
        "coordinates": [
          [
            445.657,
            64.018
          ],
          [
            456.064,
            37.849
          ],
          [
            457.568,
            33.962
          ]
        ]
      },
      "properties": {
        "osm_id": 107308471,
        "name": null,
        "highway": "footway",
        "lanes": null,
        "width_m": 2.0,
        "surface": "asphalt",
        "maxspeed": null
      }
    },
    {
      "type": "Feature",
      "id": 107308472,
      "geometry": {
        "type": "LineString",
        "coordinates": [
          [
            -403.581,
            -70.519
          ],
          [
            -404.187,
            -73.984
          ],
          [
            -404.594,
            -75.372
          ],
          [
            -405.192,
            -76.861
          ],
          [
            -406.521,
            -79.271
          ],
          [
            -407.468,
            -80.926
          ],
          [
            -408.415,
            -82.348
          ],
          [
            -409.37,
            -83.77
          ],
          [
            -410.417,
            -84.914
          ],
          [
            -412.02,
            -86.335
          ],
          [
            -413.092,
            -86.946
          ],
          [
            -414.529,
            -87.524
          ],
          [
            -416.871,
            -88.102
          ],
          [
            -417.727,
            -89.401
          ],
          [
            -420.136,
            -91.523
          ],
          [
            -420.634,
            -92.156
          ],
          [
            -421.075,
            -92.956
          ],
          [
            -421.448,
            -93.955
          ],
          [
            -421.722,
            -95.055
          ],
          [
            -421.888,
            -98.32
          ],
          [
            -421.805,
            -110.46
          ],
          [
            -422.818,
            -114.67
          ],
          [
            -424.147,
            -118.957
          ],
          [
            -425.417,
            -122.801
          ],
          [
            -446.309,
            -130.843
          ]
        ]
      },
      "properties": {
        "osm_id": 107308472,
        "name": null,
        "highway": "footway",
        "lanes": null,
        "width_m": 2.0,
        "surface": "concrete",
        "maxspeed": null
      }
    },
    {
      "type": "Feature",
      "id": 107308474,
      "geometry": {
        "type": "LineString",
        "coordinates": [
          [
            -30.122,
            33.665
          ],
          [
            -33.279,
            40.03
          ],
          [
            -38.596,
            69.441
          ],
          [
            -40.033,
            76.938
          ],
          [
            -43.547,
            87.256
          ],
          [
            -48.798,
            98.808
          ],
          [
            -53.3,
            105.883
          ]
        ]
      },
      "properties": {
        "osm_id": 107308474,
        "name": null,
        "highway": "footway",
        "lanes": null,
        "width_m": 2.0,
        "surface": "paved",
        "maxspeed": null
      }
    },
    {
      "type": "Feature",
      "id": 107308477,
      "geometry": {
        "type": "LineString",
        "coordinates": [
          [
            -361.064,
            -248.773
          ],
          [
            -359.053,
            -252.871
          ],
          [
            -357.658,
            -257.547
          ],
          [
            -357.267,
            -262.9
          ],
          [
            -357.549,
            -267.954
          ],
          [
            -358.272,
            -271.931
          ],
          [
            -359.119,
            -274.985
          ],
          [
            -359.958,
            -277.517
          ],
          [
            -365.423,
            -290.535
          ],
          [
            -369.111,
            -293.534
          ],
          [
            -382.284,
            -330.177
          ],
          [
            -386.354,
            -338.785
          ],
          [
            -383.288,
            -347.637
          ]
        ]
      },
      "properties": {
        "osm_id": 107308477,
        "name": null,
        "highway": "footway",
        "lanes": null,
        "width_m": 2.0,
        "surface": "paved",
        "maxspeed": null
      }
    },
    {
      "type": "Feature",
      "id": 107308478,
      "geometry": {
        "type": "LineString",
        "coordinates": [
          [
            -409.123,
            -55.291
          ],
          [
            -411.2,
            -52.193
          ],
          [
            -412.936,
            -50.349
          ],
          [
            -415.312,
            -48.527
          ],
          [
            -417.904,
            -47.017
          ],
          [
            -424.134,
            -45.018
          ],
          [
            -430.764,
            -43.064
          ],
          [
            -439.196,
            -40.454
          ]
        ]
      },
      "properties": {
        "osm_id": 107308478,
        "name": null,
        "highway": "footway",
        "lanes": null,
        "width_m": 2.0,
        "surface": "concrete",
        "maxspeed": null
      }
    },
    {
      "type": "Feature",
      "id": 107308479,
      "geometry": {
        "type": "LineString",
        "coordinates": [
          [
            415.609,
            52.235
          ],
          [
            427.495,
            22.135
          ]
        ]
      },
      "properties": {
        "osm_id": 107308479,
        "name": null,
        "highway": "footway",
        "lanes": null,
        "width_m": 2.0,
        "surface": "asphalt",
        "maxspeed": null
      }
    },
    {
      "type": "Feature",
      "id": 107308481,
      "geometry": {
        "type": "LineString",
        "coordinates": [
          [
            378.025,
            37.865
          ],
          [
            389.762,
            7.442
          ]
        ]
      },
      "properties": {
        "osm_id": 107308481,
        "name": null,
        "highway": "footway",
        "lanes": null,
        "width_m": 2.0,
        "surface": "asphalt",
        "maxspeed": null
      }
    },
    {
      "type": "Feature",
      "id": 107308484,
      "geometry": {
        "type": "LineString",
        "coordinates": [
          [
            -113.47,
            34.72
          ],
          [
            -108.643,
            33.864
          ],
          [
            -99.829,
            33.143
          ],
          [
            -77.275,
            34.342
          ],
          [
            -48.274,
            31.955
          ],
          [
            -41.395,
            29.345
          ]
        ]
      },
      "properties": {
        "osm_id": 107308484,
        "name": null,
        "highway": "footway",
        "lanes": null,
        "width_m": 2.0,
        "surface": "paved",
        "maxspeed": null
      }
    },
    {
      "type": "Feature",
      "id": 107308486,
      "geometry": {
        "type": "LineString",
        "coordinates": [
          [
            -159.907,
            -23.449
          ],
          [
            -161.369,
            -23.96
          ],
          [
            -163.313,
            -24.126
          ],
          [
            -165.647,
            -23.56
          ],
          [
            -169.103,
            -21.761
          ],
          [
            -171.055,
            -19.561
          ],
          [
            -172.343,
            -17.062
          ],
          [
            -172.899,
            -14.108
          ],
          [
            -173.415,
            -5.433
          ],
          [
            -173.523,
            2.641
          ],
          [
            -175.882,
            10.427
          ],
          [
            -177.951,
            15.003
          ],
          [
            -180.742,
            22.401
          ]
        ]
      },
      "properties": {
        "osm_id": 107308486,
        "name": null,
        "highway": "footway",
        "lanes": null,
        "width_m": 2.0,
        "surface": "paved",
        "maxspeed": null
      }
    },
    {
      "type": "Feature",
      "id": 107308489,
      "geometry": {
        "type": "LineString",
        "coordinates": [
          [
            -187.375,
            -155.145
          ],
          [
            -176.892,
            -152.512
          ],
          [
            -171.891,
            -153.656
          ],
          [
            -167.895,
            -154.945
          ],
          [
            -161.208,
            -158.499
          ],
          [
            -153.681,
            -159.543
          ],
          [
            -148.639,
            -159.976
          ],
          [
            -144.926,
            -160.931
          ],
          [
            -143.115,
            -162.786
          ],
          [
            -140.706,
            -165.629
          ],
          [
            -137.532,
            -168.017
          ],
          [
            -134.185,
            -169.016
          ],
          [
            -128.893,
            -168.017
          ],
          [
            -122.688,
            -165.506
          ],
          [
            -116.233,
            -162.33
          ],
          [
            -109.23,
            -160.686
          ],
          [
            -101.712,
            -158.864
          ],
          [
            -95.349,
            -155.743
          ],
          [
            -89.235,
            -151.211
          ],
          [
            -82.996,
            -148.057
          ],
          [
            -74.93,
            -147.101
          ],
          [
            -68.276,
            -145.535
          ],
          [
            -61.763,
            -141.692
          ],
          [
            -56.638,
            -137.66
          ],
          [
            -51.313,
            -135.75
          ],
          [
            -45.556,
            -135.228
          ],
          [
            -39.376,
            -134.15
          ],
          [
            -37.116,
            -133.151
          ],
          [
            -33.86,
            -131.707
          ],
          [
            -29.524,
            -128.13
          ],
          [
            -24.872,
            -125.387
          ],
          [
            -20.809,
            -124.121
          ],
          [
            -13.898,
            -123.388
          ],
          [
            -8.822,
            -122.033
          ],
          [
            -3.863,
            -119.889
          ],
          [
            0.025,
            -116.923
          ],
          [
            5.707,
            -114.036
          ],
          [
            9.578,
            -112.592
          ],
          [
            14.272,
            -112.203
          ],
          [
            21.416,
            -110.892
          ],
          [
            22.778,
            -109.215
          ]
        ]
      },
      "properties": {
        "osm_id": 107308489,
        "name": "Passeggiata del Giappone",
        "highway": "footway",
        "lanes": null,
        "width_m": 2.0,
        "surface": "concrete",
        "maxspeed": null
      }
    },
    {
      "type": "Feature",
      "id": 107308491,
      "geometry": {
        "type": "LineString",
        "coordinates": [
          [
            -68.569,
            18.882
          ],
          [
            -77.275,
            34.342
          ],
          [
            -86.621,
            47.215
          ],
          [
            -91.481,
            56.156
          ],
          [
            -95.909,
            68.818
          ],
          [
            -97.421,
            78.204
          ],
          [
            -98.634,
            89.0
          ],
          [
            -99.498,
            93.476
          ]
        ]
      },
      "properties": {
        "osm_id": 107308491,
        "name": null,
        "highway": "footway",
        "lanes": null,
        "width_m": 2.0,
        "surface": "paved",
        "maxspeed": null
      }
    },
    {
      "type": "Feature",
      "id": 107308494,
      "geometry": {
        "type": "LineString",
        "coordinates": [
          [
            462.943,
            40.314
          ],
          [
            466.831,
            41.747
          ],
          [
            468.459,
            37.704
          ]
        ]
      },
      "properties": {
        "osm_id": 107308494,
        "name": null,
        "highway": "footway",
        "lanes": null,
        "width_m": 2.0,
        "surface": "paved",
        "maxspeed": null
      }
    },
    {
      "type": "Feature",
      "id": 107308499,
      "geometry": {
        "type": "LineString",
        "coordinates": [
          [
            -390.108,
            -350.303
          ],
          [
            -391.761,
            -345.649
          ],
          [
            -393.215,
            -341.551
          ],
          [
            -395.093,
            -336.864
          ],
          [
            -396.713,
            -331.677
          ],
          [
            -397.594,
            -327.623
          ],
          [
            -398.499,
            -322.514
          ],
          [
            -399.023,
            -316.683
          ],
          [
            -399.189,
            -312.473
          ],
          [
            -398.326,
            -297.579
          ],
          [
            -398.019,
            -290.703
          ],
          [
            -397.746,
            -279.452
          ],
          [
            -397.862,
            -275.876
          ],
          [
            -399.4,
            -267.779
          ],
          [
            -402.075,
            -255.139
          ],
          [
            -406.188,
            -242.922
          ],
          [
            -407.592,
            -238.768
          ],
          [
            -411.264,
            -228.461
          ],
          [
            -413.931,
            -222.785
          ],
          [
            -415.726,
            -218.698
          ],
          [
            -427.332,
            -190.353
          ],
          [
            -439.978,
            -156.589
          ],
          [
            -441.673,
            -151.569
          ],
          [
            -444.664,
            -140.717
          ],
          [
            -446.309,
            -130.843
          ],
          [
            -446.7,
            -127.967
          ],
          [
            -446.859,
            -109.218
          ],
          [
            -444.227,
            -93.601
          ],
          [
            -443.662,
            -91.358
          ],
          [
            -438.18,
            -69.321
          ],
          [
            -437.176,
            -65.334
          ]
        ]
      },
      "properties": {
        "osm_id": 107308499,
        "name": null,
        "highway": "footway",
        "lanes": null,
        "width_m": 2.0,
        "surface": "asphalt",
        "maxspeed": null
      }
    },
    {
      "type": "Feature",
      "id": 107308503,
      "geometry": {
        "type": "LineString",
        "coordinates": [
          [
            271.32,
            103.134
          ],
          [
            264.026,
            100.58
          ],
          [
            254.581,
            112.009
          ],
          [
            249.646,
            115.353
          ],
          [
            246.033,
            117.452
          ],
          [
            242.128,
            119.718
          ],
          [
            232.982,
            124.828
          ],
          [
            227.275,
            126.316
          ],
          [
            223.777,
            125.894
          ],
          [
            217.862,
            123.229
          ],
          [
            200.467,
            116.398
          ],
          [
            193.538,
            113.855
          ],
          [
            186.36,
            110.734
          ],
          [
            179.764,
            106.925
          ]
        ]
      },
      "properties": {
        "osm_id": 107308503,
        "name": "Passeggiata del Giappone",
        "highway": "footway",
        "lanes": null,
        "width_m": 2.0,
        "surface": "paved",
        "maxspeed": null
      }
    },
    {
      "type": "Feature",
      "id": 107308504,
      "geometry": {
        "type": "LineString",
        "coordinates": [
          [
            -95.833,
            8.707
          ],
          [
            -102.645,
            20.17
          ],
          [
            -108.809,
            29.166
          ],
          [
            -113.47,
            34.72
          ],
          [
            -123.256,
            38.052
          ],
          [
            -130.184,
            37.596
          ],
          [
            -137.179,
            34.997
          ],
          [
            -139.846,
            33.653
          ],
          [
            -156.377,
            26.2
          ]
        ]
      },
      "properties": {
        "osm_id": 107308504,
        "name": null,
        "highway": "footway",
        "lanes": null,
        "width_m": 2.0,
        "surface": "paved",
        "maxspeed": null
      }
    },
    {
      "type": "Feature",
      "id": 107308505,
      "geometry": {
        "type": "LineString",
        "coordinates": [
          [
            343.174,
            174.816
          ],
          [
            328.995,
            211.103
          ],
          [
            314.658,
            247.768
          ]
        ]
      },
      "properties": {
        "osm_id": 107308505,
        "name": null,
        "highway": "footway",
        "lanes": null,
        "width_m": 2.0,
        "surface": "paved",
        "maxspeed": null
      }
    },
    {
      "type": "Feature",
      "id": 107314297,
      "geometry": {
        "type": "LineString",
        "coordinates": [
          [
            -398.019,
            -290.703
          ],
          [
            -382.284,
            -330.177
          ],
          [
            -376.618,
            -345.06
          ]
        ]
      },
      "properties": {
        "osm_id": 107314297,
        "name": null,
        "highway": "footway",
        "lanes": null,
        "width_m": 2.0,
        "surface": "paved",
        "maxspeed": null
      }
    },
    {
      "type": "Feature",
      "id": 107541685,
      "geometry": {
        "type": "LineString",
        "coordinates": [
          [
            -469.661,
            -386.195
          ],
          [
            -438.561,
            -373.509
          ]
        ]
      },
      "properties": {
        "osm_id": 107541685,
        "name": null,
        "highway": "steps",
        "lanes": null,
        "width_m": 2.0,
        "surface": null,
        "maxspeed": null
      }
    },
    {
      "type": "Feature",
      "id": 108396547,
      "geometry": {
        "type": "LineString",
        "coordinates": [
          [
            255.236,
            312.368
          ],
          [
            236.618,
            305.238
          ],
          [
            221.988,
            300.085
          ]
        ]
      },
      "properties": {
        "osm_id": 108396547,
        "name": null,
        "highway": "footway",
        "lanes": null,
        "width_m": 2.0,
        "surface": null,
        "maxspeed": null
      }
    },
    {
      "type": "Feature",
      "id": 108396549,
      "geometry": {
        "type": "LineString",
        "coordinates": [
          [
            212.536,
            359.486
          ],
          [
            214.962,
            371.737
          ],
          [
            213.609,
            386.242
          ],
          [
            204.337,
            393.451
          ],
          [
            195.299,
            401.393
          ],
          [
            192.649,
            415.155
          ],
          [
            193.181,
            425.739
          ],
          [
            188.928,
            437.391
          ],
          [
            180.421,
            446.921
          ],
          [
            169.263,
            451.686
          ],
          [
            169.795,
            462.271
          ],
          [
            169.796,
            470.212
          ],
          [
            169.264,
            479.22
          ],
          [
            162.361,
            489.805
          ],
          [
            163.416,
            496.692
          ],
          [
            165.543,
            502.512
          ],
          [
            166.698,
            507.576
          ],
          [
            159.703,
            517.34
          ],
          [
            150.93,
            520.805
          ]
        ]
      },
      "properties": {
        "osm_id": 108396549,
        "name": null,
        "highway": "footway",
        "lanes": null,
        "width_m": 2.0,
        "surface": null,
        "maxspeed": null
      }
    },
    {
      "type": "Feature",
      "id": 108396550,
      "geometry": {
        "type": "LineString",
        "coordinates": [
          [
            355.92,
            221.831
          ],
          [
            369.859,
            184.844
          ]
        ]
      },
      "properties": {
        "osm_id": 108396550,
        "name": null,
        "highway": "footway",
        "lanes": null,
        "width_m": 2.0,
        "surface": "paved",
        "maxspeed": null
      }
    },
    {
      "type": "Feature",
      "id": 108396553,
      "geometry": {
        "type": "LineString",
        "coordinates": [
          [
            -352.334,
            -73.426
          ],
          [
            -356.105,
            -74.404
          ],
          [
            -360.691,
            -75.192
          ],
          [
            -363.399,
            -75.492
          ],
          [
            -366.398,
            -75.692
          ],
          [
            -369.77,
            -75.848
          ],
          [
            -372.919,
            -75.437
          ],
          [
            -375.627,
            -74.782
          ],
          [
            -386.476,
            -70.529
          ],
          [
            -393.297,
            -67.186
          ],
          [
            -395.664,
            -65.975
          ]
        ]
      },
      "properties": {
        "osm_id": 108396553,
        "name": null,
        "highway": "footway",
        "lanes": null,
        "width_m": 2.0,
        "surface": "paved",
        "maxspeed": null
      }
    },
    {
      "type": "Feature",
      "id": 108396554,
      "geometry": {
        "type": "LineString",
        "coordinates": [
          [
            330.806,
            34.735
          ],
          [
            331.105,
            27.938
          ],
          [
            342.809,
            14.364
          ],
          [
            358.418,
            -5.007
          ]
        ]
      },
      "properties": {
        "osm_id": 108396554,
        "name": null,
        "highway": "footway",
        "lanes": null,
        "width_m": 2.0,
        "surface": "paved",
        "maxspeed": null
      }
    },
    {
      "type": "Feature",
      "id": 108396555,
      "geometry": {
        "type": "LineString",
        "coordinates": [
          [
            -308.163,
            -104.035
          ],
          [
            -309.542,
            -98.026
          ],
          [
            -310.448,
            -95.183
          ],
          [
            -311.86,
            -91.462
          ],
          [
            -313.414,
            -88.807
          ],
          [
            -315.74,
            -85.72
          ],
          [
            -317.659,
            -84.043
          ],
          [
            -319.013,
            -83.221
          ],
          [
            -320.45,
            -76.479
          ],
          [
            -321.896,
            -71.114
          ],
          [
            -324.156,
            -66.727
          ]
        ]
      },
      "properties": {
        "osm_id": 108396555,
        "name": null,
        "highway": "footway",
        "lanes": null,
        "width_m": 2.0,
        "surface": "paved",
        "maxspeed": null
      }
    },
    {
      "type": "Feature",
      "id": 108396559,
      "geometry": {
        "type": "LineString",
        "coordinates": [
          [
            -113.654,
            108.559
          ],
          [
            -113.355,
            116.878
          ],
          [
            -113.912,
            121.798
          ],
          [
            -115.216,
            133.816
          ],
          [
            -117.941,
            148.733
          ],
          [
            -120.658,
            160.117
          ],
          [
            -124.471,
            173.401
          ],
          [
            -125.402,
            178.222
          ],
          [
            -127.304,
            185.83
          ]
        ]
      },
      "properties": {
        "osm_id": 108396559,
        "name": null,
        "highway": "footway",
        "lanes": null,
        "width_m": 2.0,
        "surface": "asphalt",
        "maxspeed": null
      }
    },
    {
      "type": "Feature",
      "id": 108396564,
      "geometry": {
        "type": "LineString",
        "coordinates": [
          [
            -259.928,
            -206.262
          ],
          [
            -266.607,
            -184.581
          ],
          [
            -268.626,
            -179.161
          ]
        ]
      },
      "properties": {
        "osm_id": 108396564,
        "name": null,
        "highway": "footway",
        "lanes": null,
        "width_m": 2.0,
        "surface": "concrete",
        "maxspeed": null
      }
    },
    {
      "type": "Feature",
      "id": 108396565,
      "geometry": {
        "type": "LineString",
        "coordinates": [
          [
            -251.802,
            -4.98
          ],
          [
            -248.529,
            -11.878
          ],
          [
            -245.131,
            -15.943
          ],
          [
            -241.634,
            -19.008
          ],
          [
            -229.688,
            -24.583
          ],
          [
            -226.323,
            -28.326
          ],
          [
            -224.761,
            -33.613
          ],
          [
            -223.54,
            -39.378
          ],
          [
            -222.102,
            -45.442
          ],
          [
            -219.269,
            -51.684
          ],
          [
            -218.871,
            -56.305
          ],
          [
            -217.516,
            -60.381
          ]
        ]
      },
      "properties": {
        "osm_id": 108396565,
        "name": null,
        "highway": "footway",
        "lanes": null,
        "width_m": 2.0,
        "surface": "paved",
        "maxspeed": null
      }
    },
    {
      "type": "Feature",
      "id": 108396566,
      "geometry": {
        "type": "LineString",
        "coordinates": [
          [
            -46.738,
            174.102
          ],
          [
            -50.626,
            173.436
          ],
          [
            -54.298,
            174.291
          ],
          [
            -59.208,
            175.957
          ],
          [
            -68.828,
            180.322
          ],
          [
            -87.835,
            188.563
          ],
          [
            -100.18,
            193.272
          ],
          [
            -103.977,
            193.739
          ],
          [
            -110.756,
            190.795
          ],
          [
            -113.813,
            192.039
          ]
        ]
      },
      "properties": {
        "osm_id": 108396566,
        "name": null,
        "highway": "footway",
        "lanes": null,
        "width_m": 2.0,
        "surface": "asphalt",
        "maxspeed": null
      }
    },
    {
      "type": "Feature",
      "id": 108396568,
      "geometry": {
        "type": "LineString",
        "coordinates": [
          [
            294.171,
            46.099
          ],
          [
            319.958,
            55.306
          ]
        ]
      },
      "properties": {
        "osm_id": 108396568,
        "name": "Passeggiata del Giappone",
        "highway": "footway",
        "lanes": null,
        "width_m": 2.0,
        "surface": "asphalt",
        "maxspeed": null
      }
    },
    {
      "type": "Feature",
      "id": 108396569,
      "geometry": {
        "type": "LineString",
        "coordinates": [
          [
            -317.912,
            4.669
          ],
          [
            -315.469,
            -6.916
          ],
          [
            -314.979,
            -15.69
          ]
        ]
      },
      "properties": {
        "osm_id": 108396569,
        "name": null,
        "highway": "footway",
        "lanes": null,
        "width_m": 2.0,
        "surface": null,
        "maxspeed": null
      }
    },
    {
      "type": "Feature",
      "id": 108396578,
      "geometry": {
        "type": "LineString",
        "coordinates": [
          [
            301.46,
            117.55
          ],
          [
            315.641,
            122.836
          ],
          [
            311.73,
            163.088
          ]
        ]
      },
      "properties": {
        "osm_id": 108396578,
        "name": null,
        "highway": "footway",
        "lanes": null,
        "width_m": 2.0,
        "surface": "paved",
        "maxspeed": null
      }
    },
    {
      "type": "Feature",
      "id": 108396580,
      "geometry": {
        "type": "LineString",
        "coordinates": [
          [
            -312.243,
            -63.728
          ],
          [
            -319.271,
            -64.261
          ],
          [
            -324.156,
            -66.727
          ],
          [
            -338.394,
            -69.416
          ],
          [
            -345.356,
            -70.971
          ],
          [
            -352.334,
            -73.426
          ]
        ]
      },
      "properties": {
        "osm_id": 108396580,
        "name": null,
        "highway": "footway",
        "lanes": null,
        "width_m": 2.0,
        "surface": "paved",
        "maxspeed": null
      }
    },
    {
      "type": "Feature",
      "id": 108396581,
      "geometry": {
        "type": "LineString",
        "coordinates": [
          [
            319.958,
            55.306
          ],
          [
            338.749,
            62.713
          ],
          [
            362.141,
            31.912
          ],
          [
            378.025,
            37.865
          ],
          [
            415.609,
            52.235
          ],
          [
            445.657,
            64.018
          ],
          [
            456.806,
            68.049
          ],
          [
            447.918,
            91.941
          ],
          [
            463.919,
            99.348
          ],
          [
            430.777,
            184.852
          ],
          [
            414.727,
            178.644
          ],
          [
            406.296,
            199.192
          ],
          [
            369.859,
            184.844
          ],
          [
            343.174,
            174.816
          ],
          [
            311.73,
            163.088
          ],
          [
            305.425,
            162.7
          ],
          [
            302.766,
            159.379
          ],
          [
            299.376,
            153.97
          ],
          [
            295.779,
            143.841
          ],
          [
            292.755,
            142.552
          ]
        ]
      },
      "properties": {
        "osm_id": 108396581,
        "name": "Passeggiata del Giappone",
        "highway": "footway",
        "lanes": null,
        "width_m": 2.0,
        "surface": "asphalt",
        "maxspeed": null
      }
    },
    {
      "type": "Feature",
      "id": 108396582,
      "geometry": {
        "type": "LineString",
        "coordinates": [
          [
            -316.581,
            -33.65
          ],
          [
            -301.595,
            -40.314
          ],
          [
            -299.684,
            -42.768
          ],
          [
            -298.845,
            -45.989
          ]
        ]
      },
      "properties": {
        "osm_id": 108396582,
        "name": null,
        "highway": "footway",
        "lanes": null,
        "width_m": 2.0,
        "surface": "paved",
        "maxspeed": null
      }
    },
    {
      "type": "Feature",
      "id": 108396583,
      "geometry": {
        "type": "LineString",
        "coordinates": [
          [
            237.725,
            355.242
          ],
          [
            226.086,
            350.922
          ],
          [
            218.833,
            348.723
          ]
        ]
      },
      "properties": {
        "osm_id": 108396583,
        "name": null,
        "highway": "footway",
        "lanes": null,
        "width_m": 2.0,
        "surface": null,
        "maxspeed": null
      }
    },
    {
      "type": "Feature",
      "id": 108396584,
      "geometry": {
        "type": "LineString",
        "coordinates": [
          [
            -121.208,
            -245.088
          ],
          [
            -113.623,
            -237.18
          ],
          [
            -109.445,
            -232.004
          ],
          [
            -106.504,
            -227.328
          ],
          [
            -103.622,
            -221.896
          ],
          [
            -102.035,
            -218.142
          ],
          [
            -101.23,
            -214.166
          ],
          [
            -100.441,
            -208.357
          ],
          [
            -100.889,
            -198.349
          ]
        ]
      },
      "properties": {
        "osm_id": 108396584,
        "name": null,
        "highway": "footway",
        "lanes": null,
        "width_m": 2.0,
        "surface": null,
        "maxspeed": null
      }
    },
    {
      "type": "Feature",
      "id": 108396586,
      "geometry": {
        "type": "LineString",
        "coordinates": [
          [
            291.184,
            124.803
          ],
          [
            294.391,
            126.736
          ],
          [
            289.407,
            141.953
          ],
          [
            292.755,
            142.552
          ],
          [
            301.46,
            117.55
          ]
        ]
      },
      "properties": {
        "osm_id": 108396586,
        "name": null,
        "highway": "steps",
        "lanes": null,
        "width_m": 2.0,
        "surface": "paved",
        "maxspeed": null
      }
    },
    {
      "type": "Feature",
      "id": 108396588,
      "geometry": {
        "type": "LineString",
        "coordinates": [
          [
            -82.91,
            266.334
          ],
          [
            -87.512,
            265.423
          ],
          [
            -92.09,
            267.167
          ],
          [
            -105.374,
            278.918
          ],
          [
            -113.823,
            288.026
          ],
          [
            -122.147,
            296.134
          ],
          [
            -129.533,
            299.566
          ],
          [
            -131.593,
            299.21
          ]
        ]
      },
      "properties": {
        "osm_id": 108396588,
        "name": null,
        "highway": "footway",
        "lanes": null,
        "width_m": 2.0,
        "surface": "asphalt",
        "maxspeed": null
      }
    },
    {
      "type": "Feature",
      "id": 108396589,
      "geometry": {
        "type": "LineString",
        "coordinates": [
          [
            -387.813,
            -234.801
          ],
          [
            -377.254,
            -258.803
          ],
          [
            -365.423,
            -290.535
          ],
          [
            -356.999,
            -310.605
          ],
          [
            -348.134,
            -334.385
          ]
        ]
      },
      "properties": {
        "osm_id": 108396589,
        "name": null,
        "highway": "footway",
        "lanes": null,
        "width_m": 2.0,
        "surface": "paved",
        "maxspeed": null
      }
    },
    {
      "type": "Feature",
      "id": 108396590,
      "geometry": {
        "type": "LineString",
        "coordinates": [
          [
            38.263,
            -54.824
          ],
          [
            63.758,
            -43.04
          ]
        ]
      },
      "properties": {
        "osm_id": 108396590,
        "name": "Passeggiata del Giappone",
        "highway": "footway",
        "lanes": null,
        "width_m": 2.0,
        "surface": "paved",
        "maxspeed": null
      }
    },
    {
      "type": "Feature",
      "id": 108396597,
      "geometry": {
        "type": "LineString",
        "coordinates": [
          [
            -377.254,
            -258.803
          ],
          [
            -369.445,
            -254.06
          ],
          [
            -361.064,
            -248.773
          ],
          [
            -360.906,
            -246.362
          ],
          [
            -360.449,
            -244.43
          ],
          [
            -359.536,
            -242.275
          ],
          [
            -358.622,
            -240.764
          ],
          [
            -352.974,
            -233.978
          ],
          [
            -351.254,
            -232.234
          ],
          [
            -350.465,
            -230.923
          ],
          [
            -349.751,
            -229.168
          ],
          [
            -349.037,
            -223.492
          ],
          [
            -349.66,
            -219.172
          ]
        ]
      },
      "properties": {
        "osm_id": 108396597,
        "name": null,
        "highway": "footway",
        "lanes": null,
        "width_m": 2.0,
        "surface": "concrete",
        "maxspeed": null
      }
    },
    {
      "type": "Feature",
      "id": 108396599,
      "geometry": {
        "type": "LineString",
        "coordinates": [
          [
            168.489,
            393.596
          ],
          [
            142.453,
            382.679
          ]
        ]
      },
      "properties": {
        "osm_id": 108396599,
        "name": null,
        "highway": "steps",
        "lanes": null,
        "width_m": 2.0,
        "surface": null,
        "maxspeed": null
      }
    },
    {
      "type": "Feature",
      "id": 182092048,
      "geometry": {
        "type": "LineString",
        "coordinates": [
          [
            -397.862,
            -275.876
          ],
          [
            -365.423,
            -290.535
          ],
          [
            -351.783,
            -292.934
          ],
          [
            -349.033,
            -294.522
          ],
          [
            -346.931,
            -296.121
          ],
          [
            -345.112,
            -298.009
          ],
          [
            -343.426,
            -300.53
          ],
          [
            -341.714,
            -303.485
          ],
          [
            -340.643,
            -306.317
          ],
          [
            -339.405,
            -311.87
          ],
          [
            -338.399,
            -314.136
          ],
          [
            -337.012,
            -315.391
          ],
          [
            -328.838,
            -319.156
          ],
          [
            -325.905,
            -325.431
          ]
        ]
      },
      "properties": {
        "osm_id": 182092048,
        "name": null,
        "highway": "footway",
        "lanes": null,
        "width_m": 2.0,
        "surface": "paved",
        "maxspeed": null
      }
    },
    {
      "type": "Feature",
      "id": 182092049,
      "geometry": {
        "type": "LineString",
        "coordinates": [
          [
            302.587,
            44.277
          ],
          [
            303.384,
            37.846
          ],
          [
            303.782,
            29.449
          ],
          [
            303.716,
            22.685
          ],
          [
            302.087,
            10.679
          ],
          [
            297.8,
            -2.217
          ],
          [
            294.302,
            -10.236
          ],
          [
            289.749,
            -19.065
          ],
          [
            251.509,
            -80.475
          ],
          [
            250.088,
            -82.752
          ]
        ]
      },
      "properties": {
        "osm_id": 182092049,
        "name": null,
        "highway": "footway",
        "lanes": null,
        "width_m": 2.0,
        "surface": "asphalt",
        "maxspeed": null
      }
    },
    {
      "type": "Feature",
      "id": 182092051,
      "geometry": {
        "type": "LineString",
        "coordinates": [
          [
            66.634,
            140.214
          ],
          [
            63.228,
            137.804
          ],
          [
            61.226,
            133.972
          ],
          [
            61.068,
            130.218
          ],
          [
            63.635,
            116.49
          ],
          [
            64.831,
            108.26
          ],
          [
            63.71,
            104.194
          ],
          [
            61.068,
            98.919
          ],
          [
            61.151,
            95.575
          ],
          [
            62.031,
            92.454
          ],
          [
            62.106,
            90.377
          ],
          [
            60.453,
            88.611
          ]
        ]
      },
      "properties": {
        "osm_id": 182092051,
        "name": null,
        "highway": "footway",
        "lanes": null,
        "width_m": 2.0,
        "surface": "paved",
        "maxspeed": null
      }
    },
    {
      "type": "Feature",
      "id": 182092052,
      "geometry": {
        "type": "LineString",
        "coordinates": [
          [
            63.916,
            -54.947
          ],
          [
            72.613,
            -64.854
          ],
          [
            81.452,
            -72.751
          ],
          [
            91.196,
            -79.416
          ],
          [
            99.811,
            -83.259
          ],
          [
            107.171,
            -85.969
          ],
          [
            121.11,
            -90.145
          ],
          [
            180.581,
            -106.641
          ],
          [
            190.865,
            -109.717
          ],
          [
            197.86,
            -102.687
          ],
          [
            250.088,
            -82.752
          ]
        ]
      },
      "properties": {
        "osm_id": 182092052,
        "name": null,
        "highway": "footway",
        "lanes": null,
        "width_m": 2.0,
        "surface": "asphalt",
        "maxspeed": null
      }
    },
    {
      "type": "Feature",
      "id": 182092055,
      "geometry": {
        "type": "LineString",
        "coordinates": [
          [
            163.409,
            200.346
          ],
          [
            171.151,
            185.596
          ],
          [
            166.507,
            182.208
          ],
          [
            163.109,
            177.577
          ],
          [
            162.312,
            171.146
          ],
          [
            163.674,
            164.482
          ],
          [
            179.084,
            137.724
          ],
          [
            188.945,
            134.792
          ],
          [
            208.741,
            142.111
          ],
          [
            218.179,
            145.176
          ],
          [
            225.996,
            146.076
          ],
          [
            230.042,
            145.065
          ],
          [
            219.948,
            135.302
          ],
          [
            197.293,
            118.42
          ],
          [
            196.255,
            116.654
          ],
          [
            193.538,
            113.855
          ]
        ]
      },
      "properties": {
        "osm_id": 182092055,
        "name": null,
        "highway": "footway",
        "lanes": null,
        "width_m": 2.0,
        "surface": "paved",
        "maxspeed": null
      }
    },
    {
      "type": "Feature",
      "id": 182092057,
      "geometry": {
        "type": "LineString",
        "coordinates": [
          [
            104.922,
            80.225
          ],
          [
            88.665,
            74.916
          ],
          [
            83.73,
            74.305
          ],
          [
            61.175,
            66.375
          ],
          [
            54.463,
            57.134
          ],
          [
            50.991,
            48.215
          ],
          [
            49.462,
            39.641
          ],
          [
            49.063,
            37.408
          ],
          [
            48.349,
            18.882
          ],
          [
            39.775,
            15.539
          ],
          [
            39.352,
            19.204
          ],
          [
            35.788,
            29.6
          ]
        ]
      },
      "properties": {
        "osm_id": 182092057,
        "name": "Passeggiata del Giappone",
        "highway": "footway",
        "lanes": null,
        "width_m": 2.0,
        "surface": "paved",
        "maxspeed": null
      }
    },
    {
      "type": "Feature",
      "id": 182092058,
      "geometry": {
        "type": "LineString",
        "coordinates": [
          [
            -350.165,
            -79.301
          ],
          [
            -377.827,
            -90.154
          ],
          [
            -406.204,
            -101.641
          ],
          [
            -410.059,
            -103.473
          ],
          [
            -412.36,
            -105.462
          ],
          [
            -414.013,
            -108.261
          ],
          [
            -415.242,
            -111.582
          ],
          [
            -415.217,
            -114.714
          ],
          [
            -414.353,
            -117.946
          ],
          [
            -413.721,
            -119.357
          ],
          [
            -412.342,
            -121.245
          ],
          [
            -410.872,
            -122.622
          ],
          [
            -409.293,
            -123.522
          ],
          [
            -406.884,
            -124.565
          ],
          [
            -404.865,
            -125.132
          ],
          [
            -402.249,
            -125.498
          ],
          [
            -400.512,
            -125.198
          ],
          [
            -396.94,
            -123.787
          ],
          [
            -369.004,
            -112.834
          ],
          [
            -340.926,
            -101.77
          ]
        ]
      },
      "properties": {
        "osm_id": 182092058,
        "name": null,
        "highway": "footway",
        "lanes": null,
        "width_m": 2.0,
        "surface": "concrete",
        "maxspeed": null
      }
    },
    {
      "type": "Feature",
      "id": 182092059,
      "geometry": {
        "type": "LineString",
        "coordinates": [
          [
            200.951,
            214.884
          ],
          [
            203.111,
            208.742
          ],
          [
            202.546,
            204.677
          ],
          [
            202.205,
            201.4
          ],
          [
            203.792,
            198.013
          ],
          [
            204.016,
            194.858
          ],
          [
            197.104,
            194.625
          ],
          [
            190.533,
            191.349
          ],
          [
            186.221,
            187.628
          ],
          [
            184.751,
            184.018
          ],
          [
            183.388,
            174.189
          ],
          [
            184.302,
            166.969
          ],
          [
            188.38,
            161.093
          ],
          [
            193.705,
            156.695
          ],
          [
            201.182,
            151.608
          ],
          [
            205.153,
            147.887
          ],
          [
            208.741,
            142.111
          ]
        ]
      },
      "properties": {
        "osm_id": 182092059,
        "name": null,
        "highway": "footway",
        "lanes": null,
        "width_m": 2.0,
        "surface": "paved",
        "maxspeed": null
      }
    },
    {
      "type": "Feature",
      "id": 182092060,
      "geometry": {
        "type": "LineString",
        "coordinates": [
          [
            137.415,
            234.601
          ],
          [
            137.872,
            231.802
          ]
        ]
      },
      "properties": {
        "osm_id": 182092060,
        "name": null,
        "highway": "footway",
        "lanes": null,
        "width_m": 2.0,
        "surface": "paved",
        "maxspeed": null
      }
    },
    {
      "type": "Feature",
      "id": 182092061,
      "geometry": {
        "type": "LineString",
        "coordinates": [
          [
            144.791,
            173.257
          ],
          [
            152.044,
            192.683
          ]
        ]
      },
      "properties": {
        "osm_id": 182092061,
        "name": null,
        "highway": "steps",
        "lanes": null,
        "width_m": 2.0,
        "surface": "paved",
        "maxspeed": null
      }
    },
    {
      "type": "Feature",
      "id": 182092062,
      "geometry": {
        "type": "LineString",
        "coordinates": [
          [
            265.223,
            122.25
          ],
          [
            271.32,
            103.134
          ]
        ]
      },
      "properties": {
        "osm_id": 182092062,
        "name": null,
        "highway": "footway",
        "lanes": null,
        "width_m": 2.0,
        "surface": null,
        "maxspeed": null
      }
    },
    {
      "type": "Feature",
      "id": 182092063,
      "geometry": {
        "type": "LineString",
        "coordinates": [
          [
            -300.367,
            -196.778
          ],
          [
            -304.138,
            -189.725
          ]
        ]
      },
      "properties": {
        "osm_id": 182092063,
        "name": null,
        "highway": "footway",
        "lanes": null,
        "width_m": 2.0,
        "surface": "concrete",
        "maxspeed": null
      }
    },
    {
      "type": "Feature",
      "id": 182092064,
      "geometry": {
        "type": "LineString",
        "coordinates": [
          [
            9.836,
            17.138
          ],
          [
            14.039,
            18.371
          ]
        ]
      },
      "properties": {
        "osm_id": 182092064,
        "name": null,
        "highway": "footway",
        "lanes": null,
        "width_m": 2.0,
        "surface": "paved",
        "maxspeed": null
      }
    },
    {
      "type": "Feature",
      "id": 182092065,
      "geometry": {
        "type": "LineString",
        "coordinates": [
          [
            73.031,
            164.95
          ],
          [
            90.668,
            156.097
          ]
        ]
      },
      "properties": {
        "osm_id": 182092065,
        "name": null,
        "highway": "steps",
        "lanes": null,
        "width_m": 2.0,
        "surface": "paved",
        "maxspeed": null
      }
    },
    {
      "type": "Feature",
      "id": 182092066,
      "geometry": {
        "type": "LineString",
        "coordinates": [
          [
            -235.012,
            -282.199
          ],
          [
            -230.709,
            -280.744
          ]
        ]
      },
      "properties": {
        "osm_id": 182092066,
        "name": null,
        "highway": "footway",
        "lanes": null,
        "width_m": 2.0,
        "surface": null,
        "maxspeed": null
      }
    },
    {
      "type": "Feature",
      "id": 182092067,
      "geometry": {
        "type": "LineString",
        "coordinates": [
          [
            48.206,
            -165.095
          ],
          [
            49.045,
            -167.283
          ]
        ]
      },
      "properties": {
        "osm_id": 182092067,
        "name": null,
        "highway": "footway",
        "lanes": null,
        "width_m": 2.0,
        "surface": "paving_stones",
        "maxspeed": null
      }
    },
    {
      "type": "Feature",
      "id": 182092068,
      "geometry": {
        "type": "LineString",
        "coordinates": [
          [
            -316.581,
            -33.65
          ],
          [
            -314.596,
            -23.343
          ],
          [
            -314.979,
            -15.69
          ]
        ]
      },
      "properties": {
        "osm_id": 182092068,
        "name": null,
        "highway": "footway",
        "lanes": null,
        "width_m": 2.0,
        "surface": "paved",
        "maxspeed": null
      }
    },
    {
      "type": "Feature",
      "id": 182092069,
      "geometry": {
        "type": "LineString",
        "coordinates": [
          [
            33.287,
            25.49
          ],
          [
            29.184,
            36.853
          ]
        ]
      },
      "properties": {
        "osm_id": 182092069,
        "name": null,
        "highway": "steps",
        "lanes": null,
        "width_m": 2.0,
        "surface": "paved",
        "maxspeed": null
      }
    },
    {
      "type": "Feature",
      "id": 182092070,
      "geometry": {
        "type": "LineString",
        "coordinates": [
          [
            271.32,
            103.134
          ],
          [
            301.46,
            117.55
          ]
        ]
      },
      "properties": {
        "osm_id": 182092070,
        "name": null,
        "highway": "footway",
        "lanes": null,
        "width_m": 2.0,
        "surface": "asphalt",
        "maxspeed": null
      }
    },
    {
      "type": "Feature",
      "id": 182092071,
      "geometry": {
        "type": "LineString",
        "coordinates": [
          [
            90.668,
            156.097
          ],
          [
            94.24,
            152.187
          ]
        ]
      },
      "properties": {
        "osm_id": 182092071,
        "name": null,
        "highway": "footway",
        "lanes": null,
        "width_m": 2.0,
        "surface": "paved",
        "maxspeed": null
      }
    },
    {
      "type": "Feature",
      "id": 182092072,
      "geometry": {
        "type": "LineString",
        "coordinates": [
          [
            -76.666,
            -210.845
          ],
          [
            -78.95,
            -210.622
          ]
        ]
      },
      "properties": {
        "osm_id": 182092072,
        "name": null,
        "highway": "footway",
        "lanes": null,
        "width_m": 2.0,
        "surface": null,
        "maxspeed": null
      }
    },
    {
      "type": "Feature",
      "id": 182092073,
      "geometry": {
        "type": "LineString",
        "coordinates": [
          [
            -335.779,
            -209.941
          ],
          [
            -338.554,
            -202.511
          ]
        ]
      },
      "properties": {
        "osm_id": 182092073,
        "name": null,
        "highway": "footway",
        "lanes": null,
        "width_m": 2.0,
        "surface": "concrete",
        "maxspeed": null
      }
    },
    {
      "type": "Feature",
      "id": 182092074,
      "geometry": {
        "type": "LineString",
        "coordinates": [
          [
            39.775,
            15.539
          ],
          [
            12.893,
            5.031
          ]
        ]
      },
      "properties": {
        "osm_id": 182092074,
        "name": null,
        "highway": "footway",
        "lanes": null,
        "width_m": 2.0,
        "surface": "asphalt",
        "maxspeed": null
      }
    },
    {
      "type": "Feature",
      "id": 182092075,
      "geometry": {
        "type": "LineString",
        "coordinates": [
          [
            29.375,
            23.98
          ],
          [
            33.287,
            25.49
          ]
        ]
      },
      "properties": {
        "osm_id": 182092075,
        "name": null,
        "highway": "footway",
        "lanes": null,
        "width_m": 2.0,
        "surface": "paved",
        "maxspeed": null
      }
    },
    {
      "type": "Feature",
      "id": 182092077,
      "geometry": {
        "type": "LineString",
        "coordinates": [
          [
            -377.827,
            -90.154
          ],
          [
            -386.476,
            -70.529
          ]
        ]
      },
      "properties": {
        "osm_id": 182092077,
        "name": null,
        "highway": "footway",
        "lanes": null,
        "width_m": 2.0,
        "surface": "paved",
        "maxspeed": null
      }
    },
    {
      "type": "Feature",
      "id": 182092078,
      "geometry": {
        "type": "LineString",
        "coordinates": [
          [
            -63.308,
            -213.121
          ],
          [
            -65.036,
            -209.078
          ],
          [
            -67.362,
            -202.459
          ],
          [
            -69.372,
            -196.328
          ]
        ]
      },
      "properties": {
        "osm_id": 182092078,
        "name": null,
        "highway": "footway",
        "lanes": null,
        "width_m": 2.0,
        "surface": null,
        "maxspeed": null
      }
    },
    {
      "type": "Feature",
      "id": 182092079,
      "geometry": {
        "type": "LineString",
        "coordinates": [
          [
            276.28,
            118.573
          ],
          [
            271.312,
            118.418
          ]
        ]
      },
      "properties": {
        "osm_id": 182092079,
        "name": null,
        "highway": "footway",
        "lanes": null,
        "width_m": 2.0,
        "surface": "paved",
        "maxspeed": null
      }
    },
    {
      "type": "Feature",
      "id": 182092080,
      "geometry": {
        "type": "LineString",
        "coordinates": [
          [
            365.902,
            -28.965
          ],
          [
            363.567,
            -29.798
          ]
        ]
      },
      "properties": {
        "osm_id": 182092080,
        "name": null,
        "highway": "footway",
        "lanes": null,
        "width_m": 2.0,
        "surface": "paving_stones",
        "maxspeed": null
      }
    },
    {
      "type": "Feature",
      "id": 182092081,
      "geometry": {
        "type": "LineString",
        "coordinates": [
          [
            -260.492,
            -214.736
          ],
          [
            -256.929,
            -213.57
          ]
        ]
      },
      "properties": {
        "osm_id": 182092081,
        "name": null,
        "highway": "footway",
        "lanes": null,
        "width_m": 2.0,
        "surface": "concrete",
        "maxspeed": null
      }
    },
    {
      "type": "Feature",
      "id": 182092082,
      "geometry": {
        "type": "LineString",
        "coordinates": [
          [
            -29.557,
            -153.477
          ],
          [
            -37.116,
            -133.151
          ]
        ]
      },
      "properties": {
        "osm_id": 182092082,
        "name": null,
        "highway": "footway",
        "lanes": null,
        "width_m": 2.0,
        "surface": "concrete",
        "maxspeed": null
      }
    },
    {
      "type": "Feature",
      "id": 182092083,
      "geometry": {
        "type": "LineString",
        "coordinates": [
          [
            -184.493,
            -147.803
          ],
          [
            -190.108,
            -149.858
          ]
        ]
      },
      "properties": {
        "osm_id": 182092083,
        "name": null,
        "highway": "footway",
        "lanes": null,
        "width_m": 2.0,
        "surface": "concrete",
        "maxspeed": null
      }
    },
    {
      "type": "Feature",
      "id": 182092084,
      "geometry": {
        "type": "LineString",
        "coordinates": [
          [
            -232.756,
            -171.818
          ],
          [
            -234.792,
            -166.342
          ]
        ]
      },
      "properties": {
        "osm_id": 182092084,
        "name": null,
        "highway": "footway",
        "lanes": null,
        "width_m": 2.0,
        "surface": "concrete",
        "maxspeed": null
      }
    },
    {
      "type": "Feature",
      "id": 182092085,
      "geometry": {
        "type": "LineString",
        "coordinates": [
          [
            -365.398,
            -119.432
          ],
          [
            -369.004,
            -112.834
          ]
        ]
      },
      "properties": {
        "osm_id": 182092085,
        "name": null,
        "highway": "footway",
        "lanes": null,
        "width_m": 2.0,
        "surface": null,
        "maxspeed": null
      }
    },
    {
      "type": "Feature",
      "id": 182092086,
      "geometry": {
        "type": "LineString",
        "coordinates": [
          [
            139.574,
            175.178
          ],
          [
            147.392,
            195.048
          ]
        ]
      },
      "properties": {
        "osm_id": 182092086,
        "name": null,
        "highway": "steps",
        "lanes": null,
        "width_m": 2.0,
        "surface": "paved",
        "maxspeed": null
      }
    },
    {
      "type": "Feature",
      "id": 182092087,
      "geometry": {
        "type": "LineString",
        "coordinates": [
          [
            271.312,
            118.418
          ],
          [
            266.345,
            130.391
          ]
        ]
      },
      "properties": {
        "osm_id": 182092087,
        "name": null,
        "highway": "steps",
        "lanes": null,
        "width_m": 2.0,
        "surface": null,
        "maxspeed": null
      }
    },
    {
      "type": "Feature",
      "id": 182092088,
      "geometry": {
        "type": "LineString",
        "coordinates": [
          [
            89.073,
            151.377
          ],
          [
            70.481,
            161.118
          ]
        ]
      },
      "properties": {
        "osm_id": 182092088,
        "name": null,
        "highway": "steps",
        "lanes": null,
        "width_m": 2.0,
        "surface": "paved",
        "maxspeed": null
      }
    },
    {
      "type": "Feature",
      "id": 182092089,
      "geometry": {
        "type": "LineString",
        "coordinates": [
          [
            94.24,
            152.187
          ],
          [
            89.073,
            151.377
          ]
        ]
      },
      "properties": {
        "osm_id": 182092089,
        "name": null,
        "highway": "footway",
        "lanes": null,
        "width_m": 2.0,
        "surface": "paved",
        "maxspeed": null
      }
    },
    {
      "type": "Feature",
      "id": 182092090,
      "geometry": {
        "type": "LineString",
        "coordinates": [
          [
            353.514,
            -49.102
          ],
          [
            355.001,
            -54.378
          ]
        ]
      },
      "properties": {
        "osm_id": 182092090,
        "name": null,
        "highway": "footway",
        "lanes": null,
        "width_m": 2.0,
        "surface": "paving_stones",
        "maxspeed": null
      }
    },
    {
      "type": "Feature",
      "id": 182092091,
      "geometry": {
        "type": "LineString",
        "coordinates": [
          [
            107.532,
            187.885
          ],
          [
            103.204,
            183.809
          ]
        ]
      },
      "properties": {
        "osm_id": 182092091,
        "name": null,
        "highway": "footway",
        "lanes": null,
        "width_m": 2.0,
        "surface": "paved",
        "maxspeed": null
      }
    },
    {
      "type": "Feature",
      "id": 182092092,
      "geometry": {
        "type": "LineString",
        "coordinates": [
          [
            -85.61,
            297.056
          ],
          [
            -78.69,
            299.788
          ],
          [
            -76.646,
            300.71
          ]
        ]
      },
      "properties": {
        "osm_id": 182092092,
        "name": null,
        "highway": "footway",
        "lanes": null,
        "width_m": 2.0,
        "surface": "asphalt",
        "maxspeed": null
      }
    },
    {
      "type": "Feature",
      "id": 182092093,
      "geometry": {
        "type": "LineString",
        "coordinates": [
          [
            -386.354,
            -338.785
          ],
          [
            -393.215,
            -341.551
          ]
        ]
      },
      "properties": {
        "osm_id": 182092093,
        "name": null,
        "highway": "footway",
        "lanes": null,
        "width_m": 2.0,
        "surface": "paved",
        "maxspeed": null
      }
    },
    {
      "type": "Feature",
      "id": 182092094,
      "geometry": {
        "type": "LineString",
        "coordinates": [
          [
            53.359,
            202.069
          ],
          [
            55.843,
            197.86
          ]
        ]
      },
      "properties": {
        "osm_id": 182092094,
        "name": null,
        "highway": "footway",
        "lanes": null,
        "width_m": 2.0,
        "surface": "paved",
        "maxspeed": null
      }
    },
    {
      "type": "Feature",
      "id": 182092095,
      "geometry": {
        "type": "LineString",
        "coordinates": [
          [
            22.778,
            -109.215
          ],
          [
            30.147,
            -130.185
          ]
        ]
      },
      "properties": {
        "osm_id": 182092095,
        "name": null,
        "highway": "footway",
        "lanes": null,
        "width_m": 2.0,
        "surface": "asphalt",
        "maxspeed": null
      }
    },
    {
      "type": "Feature",
      "id": 182092096,
      "geometry": {
        "type": "LineString",
        "coordinates": [
          [
            147.415,
            102.15
          ],
          [
            140.943,
            100.084
          ],
          [
            134.646,
            97.352
          ]
        ]
      },
      "properties": {
        "osm_id": 182092096,
        "name": "Ponte Hashi",
        "highway": "footway",
        "lanes": null,
        "width_m": 2.0,
        "surface": "paved",
        "maxspeed": null
      }
    },
    {
      "type": "Feature",
      "id": 182092097,
      "geometry": {
        "type": "LineString",
        "coordinates": [
          [
            322.45,
            46.675
          ],
          [
            319.725,
            46.087
          ]
        ]
      },
      "properties": {
        "osm_id": 182092097,
        "name": null,
        "highway": "footway",
        "lanes": null,
        "width_m": 2.0,
        "surface": null,
        "maxspeed": null
      }
    },
    {
      "type": "Feature",
      "id": 182092098,
      "geometry": {
        "type": "LineString",
        "coordinates": [
          [
            -308.524,
            -205.042
          ],
          [
            -304.246,
            -205.208
          ],
          [
            -299.901,
            -205.386
          ],
          [
            -296.18,
            -205.463
          ],
          [
            -293.073,
            -205.341
          ],
          [
            -289.85,
            -205.252
          ],
          [
            -286.369,
            -205.463
          ],
          [
            -283.486,
            -205.963
          ],
          [
            -279.275,
            -207.229
          ],
          [
            -275.57,
            -208.062
          ],
          [
            -271.906,
            -208.395
          ],
          [
            -264.04,
            -207.75
          ],
          [
            -259.928,
            -206.262
          ],
          [
            -257.261,
            -204.107
          ],
          [
            -248.705,
            -201.896
          ],
          [
            -207.901,
            -192.543
          ],
          [
            -182.573,
            -187.655
          ]
        ]
      },
      "properties": {
        "osm_id": 182092098,
        "name": null,
        "highway": "footway",
        "lanes": null,
        "width_m": 2.0,
        "surface": "compacted",
        "maxspeed": null
      }
    },
    {
      "type": "Feature",
      "id": 182092099,
      "geometry": {
        "type": "LineString",
        "coordinates": [
          [
            -361.998,
            -15.737
          ],
          [
            -350.01,
            -17.691
          ],
          [
            -341.362,
            -19.39
          ],
          [
            -314.596,
            -23.343
          ],
          [
            -305.392,
            -24.342
          ],
          [
            -293.587,
            -25.441
          ],
          [
            -281.176,
            -25.074
          ],
          [
            -271.548,
            -24.441
          ],
          [
            -267.128,
            -22.03
          ],
          [
            -260.375,
            -20.475
          ],
          [
            -249.393,
            -17.442
          ],
          [
            -245.131,
            -15.943
          ],
          [
            -218.581,
            -6.334
          ],
          [
            -175.882,
            10.427
          ],
          [
            -140.103,
            24.067
          ],
          [
            -137.935,
            25.989
          ],
          [
            -137.777,
            27.744
          ],
          [
            -138.259,
            29.821
          ],
          [
            -139.846,
            33.653
          ],
          [
            -150.679,
            63.586
          ],
          [
            -151.161,
            67.662
          ],
          [
            -149.632,
            69.173
          ],
          [
            -98.634,
            89.0
          ],
          [
            -53.3,
            105.883
          ],
          [
            -36.744,
            112.225
          ],
          [
            -33.13,
            113.158
          ],
          [
            -28.519,
            112.725
          ]
        ]
      },
      "properties": {
        "osm_id": 182092099,
        "name": null,
        "highway": "footway",
        "lanes": null,
        "width_m": 2.0,
        "surface": "asphalt",
        "maxspeed": null
      }
    },
    {
      "type": "Feature",
      "id": 182092100,
      "geometry": {
        "type": "LineString",
        "coordinates": [
          [
            52.244,
            -66.775
          ],
          [
            54.811,
            -70.063
          ],
          [
            57.826,
            -73.24
          ],
          [
            62.686,
            -78.216
          ],
          [
            66.275,
            -81.737
          ],
          [
            70.761,
            -85.58
          ],
          [
            75.055,
            -89.134
          ],
          [
            80.405,
            -92.799
          ],
          [
            84.359,
            -95.165
          ],
          [
            88.995,
            -97.531
          ],
          [
            93.68,
            -99.63
          ],
          [
            97.526,
            -101.119
          ],
          [
            102.743,
            -102.985
          ],
          [
            108.226,
            -104.918
          ],
          [
            169.698,
            -122.868
          ],
          [
            170.38,
            -123.345
          ],
          [
            171.052,
            -124.267
          ],
          [
            171.268,
            -125.245
          ],
          [
            170.911,
            -126.111
          ],
          [
            169.823,
            -126.877
          ],
          [
            168.544,
            -127.222
          ],
          [
            166.658,
            -127.355
          ],
          [
            107.104,
            -110.538
          ],
          [
            104.064,
            -109.971
          ],
          [
            100.575,
            -109.305
          ],
          [
            95.591,
            -108.794
          ],
          [
            91.163,
            -109.105
          ],
          [
            87.391,
            -109.926
          ],
          [
            78.037,
            -112.648
          ],
          [
            64.704,
            -116.646
          ],
          [
            61.124,
            -118.101
          ],
          [
            52.227,
            -121.566
          ],
          [
            30.147,
            -130.185
          ],
          [
            -29.557,
            -153.477
          ],
          [
            -89.301,
            -177.69
          ],
          [
            -81.276,
            -198.416
          ],
          [
            -76.666,
            -210.845
          ],
          [
            -75.827,
            -213.155
          ],
          [
            -65.036,
            -209.078
          ],
          [
            41.228,
            -167.849
          ],
          [
            48.206,
            -165.095
          ],
          [
            65.31,
            -158.397
          ],
          [
            61.115,
            -146.968
          ]
        ]
      },
      "properties": {
        "osm_id": 182092100,
        "name": null,
        "highway": "footway",
        "lanes": null,
        "width_m": 2.0,
        "surface": "sett",
        "maxspeed": null
      }
    },
    {
      "type": "Feature",
      "id": 182092103,
      "geometry": {
        "type": "LineString",
        "coordinates": [
          [
            -89.301,
            -177.69
          ],
          [
            -90.173,
            -175.014
          ],
          [
            -95.349,
            -155.743
          ]
        ]
      },
      "properties": {
        "osm_id": 182092103,
        "name": null,
        "highway": "footway",
        "lanes": null,
        "width_m": 2.0,
        "surface": "asphalt",
        "maxspeed": null
      }
    },
    {
      "type": "Feature",
      "id": 182092104,
      "geometry": {
        "type": "LineString",
        "coordinates": [
          [
            277.709,
            114.808
          ],
          [
            301.084,
            55.784
          ],
          [
            302.545,
            50.797
          ],
          [
            302.587,
            44.277
          ]
        ]
      },
      "properties": {
        "osm_id": 182092104,
        "name": null,
        "highway": "footway",
        "lanes": null,
        "width_m": 2.0,
        "surface": "asphalt",
        "maxspeed": null
      }
    },
    {
      "type": "Feature",
      "id": 182092106,
      "geometry": {
        "type": "LineString",
        "coordinates": [
          [
            38.413,
            -67.997
          ],
          [
            46.255,
            -77.394
          ],
          [
            48.065,
            -75.928
          ],
          [
            49.735,
            -74.584
          ],
          [
            42.018,
            -65.132
          ],
          [
            47.683,
            -60.389
          ]
        ]
      },
      "properties": {
        "osm_id": 182092106,
        "name": null,
        "highway": "steps",
        "lanes": null,
        "width_m": 2.0,
        "surface": "concrete",
        "maxspeed": null
      }
    },
    {
      "type": "Feature",
      "id": 182092107,
      "geometry": {
        "type": "LineString",
        "coordinates": [
          [
            144.667,
            205.311
          ],
          [
            133.411,
            205.611
          ],
          [
            107.532,
            187.885
          ]
        ]
      },
      "properties": {
        "osm_id": 182092107,
        "name": null,
        "highway": "footway",
        "lanes": null,
        "width_m": 2.0,
        "surface": "paved",
        "maxspeed": null
      }
    },
    {
      "type": "Feature",
      "id": 182092108,
      "geometry": {
        "type": "LineString",
        "coordinates": [
          [
            70.481,
            161.118
          ],
          [
            69.642,
            164.283
          ],
          [
            73.031,
            164.95
          ]
        ]
      },
      "properties": {
        "osm_id": 182092108,
        "name": null,
        "highway": "footway",
        "lanes": null,
        "width_m": 2.0,
        "surface": "paved",
        "maxspeed": null
      }
    },
    {
      "type": "Feature",
      "id": 182092109,
      "geometry": {
        "type": "LineString",
        "coordinates": [
          [
            -391.213,
            -350.792
          ],
          [
            -398.822,
            -353.536
          ],
          [
            -403.822,
            -355.591
          ]
        ]
      },
      "properties": {
        "osm_id": 182092109,
        "name": null,
        "highway": "footway",
        "lanes": null,
        "width_m": 2.0,
        "surface": "asphalt",
        "maxspeed": null
      }
    },
    {
      "type": "Feature",
      "id": 182092110,
      "geometry": {
        "type": "LineString",
        "coordinates": [
          [
            -319.013,
            -83.221
          ],
          [
            -321.048,
            -83.01
          ],
          [
            -323.756,
            -82.988
          ],
          [
            -327.445,
            -83.277
          ],
          [
            -331.382,
            -84.232
          ]
        ]
      },
      "properties": {
        "osm_id": 182092110,
        "name": null,
        "highway": "footway",
        "lanes": null,
        "width_m": 2.0,
        "surface": "paved",
        "maxspeed": null
      }
    },
    {
      "type": "Feature",
      "id": 182092111,
      "geometry": {
        "type": "LineString",
        "coordinates": [
          [
            363.567,
            -29.798
          ],
          [
            348.124,
            -35.984
          ],
          [
            353.514,
            -49.102
          ]
        ]
      },
      "properties": {
        "osm_id": 182092111,
        "name": null,
        "highway": "steps",
        "lanes": null,
        "width_m": 2.0,
        "surface": "sett",
        "maxspeed": null
      }
    },
    {
      "type": "Feature",
      "id": 182092112,
      "geometry": {
        "type": "LineString",
        "coordinates": [
          [
            103.204,
            183.809
          ],
          [
            99.516,
            182.698
          ],
          [
            75.316,
            184.376
          ]
        ]
      },
      "properties": {
        "osm_id": 182092112,
        "name": null,
        "highway": "footway",
        "lanes": null,
        "width_m": 2.0,
        "surface": "paved",
        "maxspeed": null
      }
    },
    {
      "type": "Feature",
      "id": 182092113,
      "geometry": {
        "type": "LineString",
        "coordinates": [
          [
            -386.406,
            -148.156
          ],
          [
            -394.398,
            -129.963
          ],
          [
            -396.94,
            -123.787
          ]
        ]
      },
      "properties": {
        "osm_id": 182092113,
        "name": null,
        "highway": "footway",
        "lanes": null,
        "width_m": 2.0,
        "surface": "concrete",
        "maxspeed": null
      }
    },
    {
      "type": "Feature",
      "id": 182092114,
      "geometry": {
        "type": "LineString",
        "coordinates": [
          [
            144.791,
            173.257
          ],
          [
            141.045,
            169.869
          ],
          [
            139.574,
            175.178
          ]
        ]
      },
      "properties": {
        "osm_id": 182092114,
        "name": null,
        "highway": "footway",
        "lanes": null,
        "width_m": 2.0,
        "surface": "paved",
        "maxspeed": null
      }
    },
    {
      "type": "Feature",
      "id": 182092115,
      "geometry": {
        "type": "LineString",
        "coordinates": [
          [
            -293.326,
            -309.291
          ],
          [
            -298.186,
            -295.841
          ],
          [
            -265.416,
            -283.322
          ]
        ]
      },
      "properties": {
        "osm_id": 182092115,
        "name": null,
        "highway": "footway",
        "lanes": null,
        "width_m": 2.0,
        "surface": null,
        "maxspeed": null
      }
    },
    {
      "type": "Feature",
      "id": 182092117,
      "geometry": {
        "type": "LineString",
        "coordinates": [
          [
            -265.416,
            -283.322
          ],
          [
            -260.756,
            -281.545
          ],
          [
            -267.103,
            -266.084
          ]
        ]
      },
      "properties": {
        "osm_id": 182092117,
        "name": null,
        "highway": "footway",
        "lanes": null,
        "width_m": 2.0,
        "surface": null,
        "maxspeed": null
      }
    },
    {
      "type": "Feature",
      "id": 182092118,
      "geometry": {
        "type": "LineString",
        "coordinates": [
          [
            -229.604,
            -287.819
          ],
          [
            -228.857,
            -289.619
          ]
        ]
      },
      "properties": {
        "osm_id": 182092118,
        "name": null,
        "highway": "footway",
        "lanes": null,
        "width_m": 2.0,
        "surface": "asphalt",
        "maxspeed": null
      }
    },
    {
      "type": "Feature",
      "id": 182092119,
      "geometry": {
        "type": "LineString",
        "coordinates": [
          [
            -113.623,
            -237.18
          ],
          [
            -113.715,
            -239.457
          ],
          [
            -113.715,
            -240.778
          ],
          [
            -113.648,
            -242.056
          ]
        ]
      },
      "properties": {
        "osm_id": 182092119,
        "name": null,
        "highway": "footway",
        "lanes": null,
        "width_m": 2.0,
        "surface": "asphalt",
        "maxspeed": null
      }
    },
    {
      "type": "Feature",
      "id": 182092120,
      "geometry": {
        "type": "LineString",
        "coordinates": [
          [
            -12.478,
            130.474
          ],
          [
            29.375,
            23.98
          ],
          [
            32.282,
            16.627
          ]
        ]
      },
      "properties": {
        "osm_id": 182092120,
        "name": null,
        "highway": "footway",
        "lanes": null,
        "width_m": 2.0,
        "surface": "asphalt",
        "maxspeed": null
      }
    },
    {
      "type": "Feature",
      "id": 182092121,
      "geometry": {
        "type": "LineString",
        "coordinates": [
          [
            147.392,
            195.048
          ],
          [
            150.865,
            197.303
          ],
          [
            152.044,
            192.683
          ]
        ]
      },
      "properties": {
        "osm_id": 182092121,
        "name": null,
        "highway": "footway",
        "lanes": null,
        "width_m": 2.0,
        "surface": "paved",
        "maxspeed": null
      }
    },
    {
      "type": "Feature",
      "id": 182092122,
      "geometry": {
        "type": "LineString",
        "coordinates": [
          [
            292.962,
            120.616
          ],
          [
            314.5,
            65.124
          ],
          [
            315.68,
            62.148
          ],
          [
            316.693,
            59.282
          ],
          [
            317.532,
            56.561
          ],
          [
            318.421,
            53.051
          ],
          [
            319.085,
            50.174
          ]
        ]
      },
      "properties": {
        "osm_id": 182092122,
        "name": null,
        "highway": "footway",
        "lanes": null,
        "width_m": 2.0,
        "surface": "asphalt",
        "maxspeed": null
      }
    },
    {
      "type": "Feature",
      "id": 182092123,
      "geometry": {
        "type": "LineString",
        "coordinates": [
          [
            68.155,
            188.141
          ],
          [
            75.316,
            184.376
          ],
          [
            68.52,
            174.524
          ]
        ]
      },
      "properties": {
        "osm_id": 182092123,
        "name": null,
        "highway": "footway",
        "lanes": null,
        "width_m": 2.0,
        "surface": "paved",
        "maxspeed": null
      }
    },
    {
      "type": "Feature",
      "id": 182092124,
      "geometry": {
        "type": "LineString",
        "coordinates": [
          [
            29.184,
            36.853
          ],
          [
            32.706,
            38.119
          ],
          [
            35.788,
            29.6
          ]
        ]
      },
      "properties": {
        "osm_id": 182092124,
        "name": null,
        "highway": "footway",
        "lanes": null,
        "width_m": 2.0,
        "surface": "paved",
        "maxspeed": null
      }
    },
    {
      "type": "Feature",
      "id": 182092125,
      "geometry": {
        "type": "LineString",
        "coordinates": [
          [
            314.658,
            247.768
          ],
          [
            399.92,
            280.962
          ],
          [
            404.174,
            282.628
          ]
        ]
      },
      "properties": {
        "osm_id": 182092125,
        "name": null,
        "highway": "footway",
        "lanes": null,
        "width_m": 2.0,
        "surface": null,
        "maxspeed": null
      }
    },
    {
      "type": "Feature",
      "id": 182092127,
      "geometry": {
        "type": "LineString",
        "coordinates": [
          [
            135.496,
            214.786
          ],
          [
            133.735,
            209.443
          ],
          [
            133.411,
            205.611
          ]
        ]
      },
      "properties": {
        "osm_id": 182092127,
        "name": null,
        "highway": "footway",
        "lanes": null,
        "width_m": 2.0,
        "surface": "paved",
        "maxspeed": null
      }
    },
    {
      "type": "Feature",
      "id": 182092128,
      "geometry": {
        "type": "LineString",
        "coordinates": [
          [
            43.489,
            74.928
          ],
          [
            87.651,
            76.704
          ],
          [
            88.665,
            74.916
          ]
        ]
      },
      "properties": {
        "osm_id": 182092128,
        "name": null,
        "highway": "footway",
        "lanes": null,
        "width_m": 2.0,
        "surface": "paved",
        "maxspeed": null
      }
    },
    {
      "type": "Feature",
      "id": 182092129,
      "geometry": {
        "type": "LineString",
        "coordinates": [
          [
            -122.199,
            407.803
          ],
          [
            -127.383,
            405.882
          ],
          [
            -134.536,
            403.227
          ]
        ]
      },
      "properties": {
        "osm_id": 182092129,
        "name": null,
        "highway": "footway",
        "lanes": null,
        "width_m": 2.0,
        "surface": "asphalt",
        "maxspeed": null
      }
    },
    {
      "type": "Feature",
      "id": 182092130,
      "geometry": {
        "type": "LineString",
        "coordinates": [
          [
            171.451,
            -126.389
          ],
          [
            187.5,
            -134.497
          ],
          [
            194.304,
            -138.14
          ]
        ]
      },
      "properties": {
        "osm_id": 182092130,
        "name": null,
        "highway": "footway",
        "lanes": null,
        "width_m": 2.0,
        "surface": "asphalt",
        "maxspeed": null
      }
    },
    {
      "type": "Feature",
      "id": 182092131,
      "geometry": {
        "type": "LineString",
        "coordinates": [
          [
            32.706,
            38.119
          ],
          [
            39.028,
            40.096
          ],
          [
            49.462,
            39.641
          ]
        ]
      },
      "properties": {
        "osm_id": 182092131,
        "name": null,
        "highway": "footway",
        "lanes": null,
        "width_m": 2.0,
        "surface": "paved",
        "maxspeed": null
      }
    },
    {
      "type": "Feature",
      "id": 182092132,
      "geometry": {
        "type": "LineString",
        "coordinates": [
          [
            -17.562,
            157.708
          ],
          [
            -19.697,
            150.633
          ],
          [
            -12.478,
            130.474
          ]
        ]
      },
      "properties": {
        "osm_id": 182092132,
        "name": null,
        "highway": "footway",
        "lanes": null,
        "width_m": 2.0,
        "surface": "asphalt",
        "maxspeed": null
      }
    },
    {
      "type": "Feature",
      "id": 182092133,
      "geometry": {
        "type": "LineString",
        "coordinates": [
          [
            -19.697,
            150.633
          ],
          [
            -78.69,
            299.788
          ],
          [
            -120.512,
            408.425
          ],
          [
            -122.756,
            414.456
          ],
          [
            -122.39,
            415.6
          ],
          [
            -121.825,
            416.611
          ],
          [
            -119.906,
            417.589
          ],
          [
            -116.168,
            419.355
          ],
          [
            -66.546,
            438.981
          ],
          [
            -64.061,
            439.914
          ]
        ]
      },
      "properties": {
        "osm_id": 182092133,
        "name": null,
        "highway": "footway",
        "lanes": null,
        "width_m": 2.0,
        "surface": "asphalt",
        "maxspeed": null
      }
    },
    {
      "type": "Feature",
      "id": 182092134,
      "geometry": {
        "type": "LineString",
        "coordinates": [
          [
            6.613,
            14.073
          ],
          [
            10.907,
            11.751
          ],
          [
            12.893,
            5.031
          ],
          [
            -4.378,
            -1.722
          ],
          [
            -25.013,
            27.412
          ],
          [
            -30.122,
            33.665
          ],
          [
            -41.395,
            29.345
          ],
          [
            -68.569,
            18.882
          ],
          [
            -95.833,
            8.707
          ],
          [
            -127.085,
            -2.922
          ],
          [
            -132.925,
            -4.577
          ],
          [
            -141.357,
            -5.344
          ],
          [
            -154.167,
            -7.31
          ],
          [
            -159.84,
            -8.687
          ],
          [
            -162.889,
            -11.264
          ],
          [
            -163.238,
            -14.708
          ],
          [
            -159.907,
            -23.449
          ],
          [
            -158.17,
            -27.814
          ],
          [
            -157.821,
            -31.479
          ],
          [
            -158.237,
            -34.234
          ],
          [
            -163.495,
            -39.443
          ],
          [
            -166.834,
            -41.02
          ],
          [
            -171.511,
            -41.253
          ],
          [
            -178.705,
            -41.431
          ],
          [
            -182.901,
            -42.464
          ],
          [
            -188.093,
            -44.908
          ],
          [
            -192.171,
            -48.973
          ],
          [
            -197.139,
            -51.75
          ],
          [
            -203.851,
            -53.294
          ],
          [
            -209.209,
            -54.772
          ],
          [
            -213.803,
            -57.304
          ],
          [
            -217.516,
            -60.381
          ],
          [
            -221.944,
            -68.189
          ],
          [
            -224.968,
            -69.456
          ],
          [
            -228.025,
            -70.555
          ],
          [
            -231.647,
            -70.9
          ],
          [
            -235.584,
            -72.732
          ],
          [
            -237.428,
            -73.932
          ],
          [
            -239.106,
            -75.243
          ],
          [
            -240.851,
            -77.831
          ],
          [
            -242.711,
            -81.307
          ],
          [
            -244.364,
            -84.884
          ],
          [
            -245.461,
            -86.683
          ],
          [
            -247.172,
            -88.438
          ],
          [
            -249.506,
            -89.86
          ],
          [
            -252.048,
            -90.815
          ],
          [
            -253.71,
            -91.071
          ],
          [
            -255.479,
            -91.215
          ],
          [
            -258.353,
            -91.138
          ],
          [
            -261.51,
            -90.394
          ],
          [
            -263.986,
            -89.605
          ],
          [
            -265.905,
            -88.772
          ],
          [
            -267.815,
            -93.548
          ],
          [
            -269.086,
            -95.225
          ],
          [
            -270.847,
            -96.903
          ],
          [
            -272.359,
            -97.947
          ],
          [
            -274.378,
            -98.88
          ],
          [
            -279.046,
            -100.002
          ],
          [
            -284.712,
            -100.891
          ],
          [
            -288.799,
            -101.79
          ],
          [
            -297.264,
            -103.246
          ],
          [
            -303.295,
            -103.957
          ],
          [
            -308.163,
            -104.035
          ],
          [
            -313.388,
            -105.457
          ],
          [
            -317.4,
            -106.99
          ],
          [
            -319.66,
            -107.701
          ],
          [
            -322.31,
            -108.167
          ],
          [
            -327.286,
            -108.123
          ],
          [
            -332.793,
            -107.768
          ],
          [
            -337.952,
            -107.601
          ],
          [
            -340.394,
            -109.867
          ],
          [
            -345.877,
            -114.522
          ],
          [
            -347.879,
            -116.254
          ],
          [
            -350.147,
            -117.865
          ],
          [
            -352.29,
            -118.587
          ],
          [
            -354.558,
            -118.931
          ],
          [
            -361.087,
            -119.087
          ],
          [
            -365.398,
            -119.432
          ],
          [
            -367.035,
            -120.187
          ],
          [
            -368.538,
            -121.32
          ],
          [
            -372.551,
            -125.352
          ],
          [
            -375.375,
            -127.84
          ],
          [
            -378.199,
            -129.44
          ],
          [
            -380.575,
            -129.951
          ],
          [
            -384.754,
            -129.94
          ],
          [
            -390.078,
            -130.185
          ],
          [
            -394.398,
            -129.963
          ],
          [
            -396.815,
            -132.151
          ],
          [
            -399.341,
            -134.506
          ],
          [
            -405.321,
            -139.36
          ],
          [
            -407.971,
            -140.915
          ],
          [
            -410.63,
            -141.693
          ],
          [
            -412.906,
            -141.948
          ],
          [
            -415.631,
            -141.66
          ],
          [
            -419.917,
            -140.849
          ],
          [
            -423.19,
            -140.594
          ],
          [
            -425.076,
            -140.627
          ],
          [
            -427.211,
            -141.038
          ],
          [
            -429.055,
            -141.749
          ],
          [
            -430.899,
            -143.216
          ],
          [
            -431.522,
            -144.626
          ],
          [
            -432.535,
            -146.037
          ],
          [
            -434.496,
            -147.914
          ],
          [
            -436.963,
            -149.536
          ],
          [
            -441.673,
            -151.569
          ]
        ]
      },
      "properties": {
        "osm_id": 182092134,
        "name": "Passeggiata del Giappone",
        "highway": "footway",
        "lanes": null,
        "width_m": 2.0,
        "surface": "concrete",
        "maxspeed": null
      }
    },
    {
      "type": "Feature",
      "id": 182092135,
      "geometry": {
        "type": "LineString",
        "coordinates": [
          [
            -355.667,
            -29.098
          ],
          [
            -354.338,
            -31.941
          ],
          [
            -363.808,
            -35.996
          ],
          [
            -356.388,
            -54.755
          ]
        ]
      },
      "properties": {
        "osm_id": 182092135,
        "name": null,
        "highway": "footway",
        "lanes": null,
        "width_m": 2.0,
        "surface": "paved",
        "maxspeed": null
      }
    },
    {
      "type": "Feature",
      "id": 182092136,
      "geometry": {
        "type": "LineString",
        "coordinates": [
          [
            32.282,
            16.627
          ],
          [
            54.82,
            -40.352
          ],
          [
            59.472,
            -48.149
          ],
          [
            63.916,
            -54.947
          ]
        ]
      },
      "properties": {
        "osm_id": 182092136,
        "name": null,
        "highway": "footway",
        "lanes": null,
        "width_m": 2.0,
        "surface": "asphalt",
        "maxspeed": null
      }
    },
    {
      "type": "Feature",
      "id": 182092137,
      "geometry": {
        "type": "LineString",
        "coordinates": [
          [
            187.999,
            -113.338
          ],
          [
            183.181,
            -117.37
          ],
          [
            175.347,
            -122.89
          ]
        ]
      },
      "properties": {
        "osm_id": 182092137,
        "name": null,
        "highway": "footway",
        "lanes": null,
        "width_m": 2.0,
        "surface": "asphalt",
        "maxspeed": null
      }
    },
    {
      "type": "Feature",
      "id": 182092138,
      "geometry": {
        "type": "LineString",
        "coordinates": [
          [
            141.045,
            169.869
          ],
          [
            139.125,
            159.595
          ],
          [
            135.038,
            153.386
          ],
          [
            131.3,
            151.698
          ]
        ]
      },
      "properties": {
        "osm_id": 182092138,
        "name": null,
        "highway": "footway",
        "lanes": null,
        "width_m": 2.0,
        "surface": "paved",
        "maxspeed": null
      }
    },
    {
      "type": "Feature",
      "id": 182092139,
      "geometry": {
        "type": "LineString",
        "coordinates": [
          [
            68.155,
            188.141
          ],
          [
            64.176,
            190.118
          ],
          [
            59.05,
            193.395
          ],
          [
            55.843,
            197.86
          ]
        ]
      },
      "properties": {
        "osm_id": 182092139,
        "name": null,
        "highway": "steps",
        "lanes": null,
        "width_m": 2.0,
        "surface": "paved",
        "maxspeed": null
      }
    },
    {
      "type": "Feature",
      "id": 182092140,
      "geometry": {
        "type": "LineString",
        "coordinates": [
          [
            -71.166,
            -216.131
          ],
          [
            -65.551,
            -213.977
          ]
        ]
      },
      "properties": {
        "osm_id": 182092140,
        "name": null,
        "highway": "steps",
        "lanes": null,
        "width_m": 2.0,
        "surface": null,
        "maxspeed": null
      }
    },
    {
      "type": "Feature",
      "id": 182092141,
      "geometry": {
        "type": "LineString",
        "coordinates": [
          [
            266.345,
            130.391
          ],
          [
            262.499,
            128.47
          ],
          [
            265.223,
            122.25
          ],
          [
            249.646,
            115.353
          ]
        ]
      },
      "properties": {
        "osm_id": 182092141,
        "name": null,
        "highway": "footway",
        "lanes": null,
        "width_m": 2.0,
        "surface": "paved",
        "maxspeed": null
      }
    },
    {
      "type": "Feature",
      "id": 182092142,
      "geometry": {
        "type": "LineString",
        "coordinates": [
          [
            -341.362,
            -19.39
          ],
          [
            -340.83,
            -27.298
          ],
          [
            -333.353,
            -52.81
          ],
          [
            -327.62,
            -55.109
          ]
        ]
      },
      "properties": {
        "osm_id": 182092142,
        "name": null,
        "highway": "footway",
        "lanes": null,
        "width_m": 2.0,
        "surface": "paved",
        "maxspeed": null
      }
    },
    {
      "type": "Feature",
      "id": 182092144,
      "geometry": {
        "type": "LineString",
        "coordinates": [
          [
            -229.048,
            -285.143
          ],
          [
            -230.709,
            -280.744
          ],
          [
            -256.929,
            -213.57
          ],
          [
            -259.928,
            -206.262
          ]
        ]
      },
      "properties": {
        "osm_id": 182092144,
        "name": null,
        "highway": "footway",
        "lanes": null,
        "width_m": 2.0,
        "surface": "concrete",
        "maxspeed": null
      }
    },
    {
      "type": "Feature",
      "id": 182092145,
      "geometry": {
        "type": "LineString",
        "coordinates": [
          [
            114.078,
            144.923
          ],
          [
            106.709,
            142.546
          ],
          [
            101.268,
            145.368
          ],
          [
            94.24,
            152.187
          ]
        ]
      },
      "properties": {
        "osm_id": 182092145,
        "name": null,
        "highway": "footway",
        "lanes": null,
        "width_m": 2.0,
        "surface": "paved",
        "maxspeed": null
      }
    },
    {
      "type": "Feature",
      "id": 182092146,
      "geometry": {
        "type": "LineString",
        "coordinates": [
          [
            -100.441,
            -208.357
          ],
          [
            -97.184,
            -208.734
          ],
          [
            -86.177,
            -209.923
          ],
          [
            -78.95,
            -210.622
          ]
        ]
      },
      "properties": {
        "osm_id": 182092146,
        "name": null,
        "highway": "steps",
        "lanes": null,
        "width_m": 2.0,
        "surface": null,
        "maxspeed": null
      }
    },
    {
      "type": "Feature",
      "id": 182092147,
      "geometry": {
        "type": "LineString",
        "coordinates": [
          [
            330.806,
            34.735
          ],
          [
            327.716,
            34.669
          ],
          [
            326.786,
            47.131
          ],
          [
            322.45,
            46.675
          ]
        ]
      },
      "properties": {
        "osm_id": 182092147,
        "name": null,
        "highway": "steps",
        "lanes": null,
        "width_m": 2.0,
        "surface": "paved",
        "maxspeed": null
      }
    },
    {
      "type": "Feature",
      "id": 182092148,
      "geometry": {
        "type": "LineString",
        "coordinates": [
          [
            -394.094,
            -222.806
          ],
          [
            -398.58,
            -226.905
          ],
          [
            -402.641,
            -230.182
          ],
          [
            -404.195,
            -231.392
          ]
        ]
      },
      "properties": {
        "osm_id": 182092148,
        "name": null,
        "highway": "footway",
        "lanes": null,
        "width_m": 2.0,
        "surface": "concrete",
        "maxspeed": null
      }
    },
    {
      "type": "Feature",
      "id": 182092149,
      "geometry": {
        "type": "LineString",
        "coordinates": [
          [
            184.751,
            184.018
          ],
          [
            179.99,
            186.384
          ],
          [
            174.549,
            186.729
          ],
          [
            171.151,
            185.596
          ]
        ]
      },
      "properties": {
        "osm_id": 182092149,
        "name": null,
        "highway": "footway",
        "lanes": null,
        "width_m": 2.0,
        "surface": "paved",
        "maxspeed": null
      }
    },
    {
      "type": "Feature",
      "id": 182092151,
      "geometry": {
        "type": "LineString",
        "coordinates": [
          [
            319.085,
            50.174
          ],
          [
            319.725,
            46.087
          ],
          [
            320.339,
            40.345
          ],
          [
            320.796,
            31.881
          ],
          [
            321.003,
            25.794
          ],
          [
            320.87,
            20.03
          ],
          [
            320.214,
            13.888
          ],
          [
            319.225,
            8.634
          ],
          [
            317.879,
            2.892
          ],
          [
            316.433,
            -2.528
          ],
          [
            312.91,
            -12.669
          ],
          [
            309.703,
            -20.31
          ],
          [
            307.601,
            -24.309
          ],
          [
            305.491,
            -27.852
          ],
          [
            297.208,
            -40.924
          ],
          [
            288.178,
            -55.385
          ],
          [
            273.257,
            -79.42
          ],
          [
            272.21,
            -80.986
          ],
          [
            271.296,
            -82.319
          ],
          [
            270.731,
            -83.552
          ],
          [
            270.682,
            -84.629
          ],
          [
            271.039,
            -85.64
          ],
          [
            271.612,
            -86.207
          ],
          [
            272.459,
            -86.462
          ],
          [
            273.082,
            -86.451
          ],
          [
            273.847,
            -86.318
          ],
          [
            274.702,
            -85.829
          ],
          [
            275.516,
            -85.14
          ],
          [
            276.638,
            -83.785
          ],
          [
            283.567,
            -72.89
          ],
          [
            291.833,
            -59.262
          ],
          [
            307.759,
            -33.705
          ],
          [
            310.816,
            -29.562
          ],
          [
            314.671,
            -25.275
          ],
          [
            316.457,
            -23.476
          ],
          [
            318.177,
            -22.043
          ],
          [
            322.87,
            -19.022
          ],
          [
            326.617,
            -17.168
          ],
          [
            330.389,
            -15.569
          ],
          [
            358.418,
            -5.007
          ],
          [
            373.695,
            1.101
          ],
          [
            389.762,
            7.442
          ],
          [
            427.495,
            22.135
          ],
          [
            455.707,
            33.251
          ],
          [
            457.568,
            33.962
          ],
          [
            459.005,
            33.817
          ],
          [
            460.293,
            33.117
          ],
          [
            461.381,
            31.718
          ],
          [
            463.084,
            29.652
          ],
          [
            467.394,
            18.767
          ],
          [
            473.109,
            4.305
          ],
          [
            472.594,
            2.161
          ],
          [
            470.558,
            0.64
          ],
          [
            448.751,
            -8.822
          ],
          [
            398.782,
            -28.312
          ],
          [
            386.586,
            -33.054
          ],
          [
            372.264,
            -38.529
          ],
          [
            371.193,
            -38.362
          ],
          [
            370.428,
            -38.084
          ],
          [
            369.324,
            -37.229
          ],
          [
            368.609,
            -36.341
          ],
          [
            365.902,
            -28.965
          ],
          [
            361.973,
            -17.703
          ],
          [
            361.499,
            -17.269
          ],
          [
            360.527,
            -16.958
          ],
          [
            359.738,
            -17.069
          ],
          [
            359.007,
            -17.225
          ],
          [
            357.47,
            -17.836
          ],
          [
            332.191,
            -28.053
          ],
          [
            326.6,
            -31.229
          ],
          [
            324.656,
            -32.673
          ],
          [
            322.645,
            -34.495
          ],
          [
            320.984,
            -36.594
          ],
          [
            319.156,
            -39.182
          ],
          [
            303.346,
            -64.105
          ],
          [
            302.815,
            -64.905
          ],
          [
            302.599,
            -65.527
          ],
          [
            302.449,
            -66.482
          ],
          [
            302.839,
            -67.903
          ],
          [
            306.627,
            -77.644
          ],
          [
            307.067,
            -78.055
          ],
          [
            307.923,
            -78.3
          ],
          [
            308.696,
            -78.211
          ],
          [
            310.432,
            -77.678
          ],
          [
            339.109,
            -66.261
          ],
          [
            342.158,
            -59.42
          ],
          [
            355.001,
            -54.378
          ],
          [
            416.302,
            -30.356
          ],
          [
            487.638,
            -2.371
          ],
          [
            505.624,
            4.68
          ]
        ]
      },
      "properties": {
        "osm_id": 182092151,
        "name": null,
        "highway": "footway",
        "lanes": null,
        "width_m": 2.0,
        "surface": "asphalt",
        "maxspeed": null
      }
    },
    {
      "type": "Feature",
      "id": 182092152,
      "geometry": {
        "type": "LineString",
        "coordinates": [
          [
            -406.204,
            -101.641
          ],
          [
            -408.123,
            -96.654
          ],
          [
            -409.852,
            -92.722
          ],
          [
            -410.416,
            -91.944
          ],
          [
            -411.272,
            -91.056
          ],
          [
            -413.565,
            -89.734
          ],
          [
            -416.871,
            -88.102
          ]
        ]
      },
      "properties": {
        "osm_id": 182092152,
        "name": null,
        "highway": "footway",
        "lanes": null,
        "width_m": 2.0,
        "surface": "concrete",
        "maxspeed": null
      }
    },
    {
      "type": "Feature",
      "id": 182092153,
      "geometry": {
        "type": "LineString",
        "coordinates": [
          [
            135.496,
            214.786
          ],
          [
            137.905,
            221.25
          ],
          [
            138.462,
            225.248
          ],
          [
            138.304,
            229.158
          ],
          [
            137.872,
            231.802
          ]
        ]
      },
      "properties": {
        "osm_id": 182092153,
        "name": null,
        "highway": "steps",
        "lanes": null,
        "width_m": 2.0,
        "surface": "paved",
        "maxspeed": null
      }
    },
    {
      "type": "Feature",
      "id": 182092154,
      "geometry": {
        "type": "LineString",
        "coordinates": [
          [
            -298.845,
            -45.989
          ],
          [
            -297.415,
            -53.709
          ],
          [
            -296.086,
            -62.694
          ],
          [
            -294.233,
            -74.179
          ],
          [
            -288.799,
            -101.79
          ]
        ]
      },
      "properties": {
        "osm_id": 182092154,
        "name": null,
        "highway": "footway",
        "lanes": null,
        "width_m": 2.0,
        "surface": "paved",
        "maxspeed": null
      }
    },
    {
      "type": "Feature",
      "id": 182092155,
      "geometry": {
        "type": "LineString",
        "coordinates": [
          [
            63.758,
            -43.04
          ],
          [
            71.318,
            -39.541
          ],
          [
            77.664,
            -47.116
          ],
          [
            85.49,
            -54.425
          ],
          [
            94.453,
            -60.789
          ],
          [
            102.079,
            -64.488
          ],
          [
            108.766,
            -65.999
          ],
          [
            114.648,
            -65.943
          ],
          [
            142.519,
            -55.07
          ],
          [
            170.39,
            -44.197
          ],
          [
            216.147,
            -26.36
          ],
          [
            243.852,
            -15.554
          ],
          [
            270.776,
            -5.048
          ],
          [
            275.171,
            -1.871
          ],
          [
            277.921,
            1.772
          ],
          [
            282.025,
            10.624
          ],
          [
            284.384,
            18.365
          ],
          [
            285.739,
            24.163
          ],
          [
            286.694,
            33.871
          ],
          [
            286.462,
            43.834
          ],
          [
            290.466,
            45.166
          ],
          [
            294.171,
            46.099
          ]
        ]
      },
      "properties": {
        "osm_id": 182092155,
        "name": "Passeggiata del Giappone",
        "highway": "footway",
        "lanes": null,
        "width_m": 2.0,
        "surface": "paved",
        "maxspeed": null
      }
    },
    {
      "type": "Feature",
      "id": 182092156,
      "geometry": {
        "type": "LineString",
        "coordinates": [
          [
            -411.264,
            -228.461
          ],
          [
            -406.031,
            -229.249
          ],
          [
            -404.195,
            -231.392
          ],
          [
            -403.256,
            -232.492
          ],
          [
            -400.631,
            -239.1
          ]
        ]
      },
      "properties": {
        "osm_id": 182092156,
        "name": null,
        "highway": "footway",
        "lanes": null,
        "width_m": 2.0,
        "surface": "concrete",
        "maxspeed": null
      }
    },
    {
      "type": "Feature",
      "id": 182092157,
      "geometry": {
        "type": "LineString",
        "coordinates": [
          [
            18.958,
            142.547
          ],
          [
            59.664,
            158.641
          ],
          [
            66.41,
            161.906
          ],
          [
            69.642,
            164.283
          ],
          [
            70.215,
            167.804
          ],
          [
            69.841,
            172.147
          ],
          [
            68.52,
            174.524
          ],
          [
            65.638,
            176.756
          ],
          [
            60.661,
            177.301
          ],
          [
            20.661,
            166.538
          ],
          [
            16.64,
            165.594
          ],
          [
            11.946,
            167.071
          ],
          [
            9.113,
            169.426
          ],
          [
            8.756,
            172.903
          ],
          [
            9.986,
            176.635
          ],
          [
            12.054,
            179.922
          ],
          [
            53.359,
            202.069
          ],
          [
            58.136,
            204.868
          ],
          [
            59.457,
            208.367
          ],
          [
            59.947,
            211.421
          ],
          [
            59.573,
            214.176
          ],
          [
            57.754,
            218.952
          ],
          [
            56.35,
            222.684
          ],
          [
            57.704,
            230.026
          ],
          [
            61.385,
            234.613
          ],
          [
            65.754,
            238.9
          ],
          [
            95.678,
            250.418
          ],
          [
            104.7,
            251.828
          ],
          [
            117.527,
            250.595
          ],
          [
            122.279,
            247.574
          ],
          [
            123.824,
            244.875
          ],
          [
            124.14,
            240.965
          ],
          [
            126.084,
            236.822
          ],
          [
            128.933,
            234.034
          ],
          [
            132.256,
            233.512
          ],
          [
            137.415,
            234.601
          ],
          [
            183.249,
            246.351
          ],
          [
            188.815,
            245.651
          ],
          [
            191.814,
            243.152
          ],
          [
            192.869,
            239.398
          ],
          [
            191.24,
            235.21
          ],
          [
            186.796,
            231.345
          ],
          [
            148.406,
            211.442
          ],
          [
            146.08,
            208.866
          ],
          [
            144.667,
            205.311
          ],
          [
            145.29,
            201.179
          ],
          [
            148.173,
            198.425
          ],
          [
            150.865,
            197.303
          ],
          [
            155.01,
            197.714
          ],
          [
            163.409,
            200.346
          ]
        ]
      },
      "properties": {
        "osm_id": 182092157,
        "name": null,
        "highway": "footway",
        "lanes": null,
        "width_m": 2.0,
        "surface": "paved",
        "maxspeed": null
      }
    },
    {
      "type": "Feature",
      "id": 182092159,
      "geometry": {
        "type": "LineString",
        "coordinates": [
          [
            163.409,
            200.346
          ],
          [
            200.951,
            214.884
          ],
          [
            208.212,
            217.694
          ],
          [
            213.462,
            218.038
          ],
          [
            225.16,
            221.781
          ],
          [
            233.799,
            224.835
          ]
        ]
      },
      "properties": {
        "osm_id": 182092159,
        "name": null,
        "highway": "footway",
        "lanes": null,
        "width_m": 2.0,
        "surface": "paved",
        "maxspeed": null
      }
    },
    {
      "type": "Feature",
      "id": 182092160,
      "geometry": {
        "type": "LineString",
        "coordinates": [
          [
            220.475,
            247.76
          ],
          [
            217.41,
            254.091
          ],
          [
            187.57,
            284.648
          ],
          [
            168.28,
            308.173
          ],
          [
            160.994,
            311.927
          ],
          [
            150.443,
            312.849
          ]
        ]
      },
      "properties": {
        "osm_id": 182092160,
        "name": null,
        "highway": "steps",
        "lanes": null,
        "width_m": 2.0,
        "surface": null,
        "maxspeed": null
      }
    },
    {
      "type": "Feature",
      "id": 182092161,
      "geometry": {
        "type": "LineString",
        "coordinates": [
          [
            -417.498,
            -164.884
          ],
          [
            -419.069,
            -161.053
          ],
          [
            -386.406,
            -148.156
          ],
          [
            -330.849,
            -124.972
          ],
          [
            -337.952,
            -107.601
          ]
        ]
      },
      "properties": {
        "osm_id": 182092161,
        "name": null,
        "highway": "footway",
        "lanes": null,
        "width_m": 2.0,
        "surface": "concrete",
        "maxspeed": null
      }
    },
    {
      "type": "Feature",
      "id": 182092162,
      "geometry": {
        "type": "LineString",
        "coordinates": [
          [
            -330.849,
            -124.972
          ],
          [
            -319.551,
            -120.24
          ],
          [
            -317.79,
            -119.463
          ],
          [
            -316.81,
            -117.675
          ],
          [
            -316.029,
            -114.698
          ],
          [
            -314.783,
            -112.065
          ],
          [
            -313.321,
            -109.655
          ],
          [
            -308.163,
            -104.035
          ]
        ]
      },
      "properties": {
        "osm_id": 182092162,
        "name": null,
        "highway": "footway",
        "lanes": null,
        "width_m": 2.0,
        "surface": null,
        "maxspeed": null
      }
    },
    {
      "type": "Feature",
      "id": 182092163,
      "geometry": {
        "type": "LineString",
        "coordinates": [
          [
            277.709,
            114.808
          ],
          [
            276.28,
            118.573
          ],
          [
            233.799,
            224.835
          ],
          [
            224.703,
            249.337
          ],
          [
            168.489,
            393.596
          ],
          [
            123.987,
            508.51
          ],
          [
            123.472,
            509.232
          ],
          [
            122.475,
            510.143
          ],
          [
            121.378,
            510.632
          ],
          [
            120.647,
            510.821
          ],
          [
            119.65,
            510.832
          ],
          [
            84.209,
            497.371
          ],
          [
            76.25,
            494.272
          ]
        ]
      },
      "properties": {
        "osm_id": 182092163,
        "name": null,
        "highway": "footway",
        "lanes": null,
        "width_m": 2.0,
        "surface": "asphalt",
        "maxspeed": null
      }
    },
    {
      "type": "Feature",
      "id": 182092164,
      "geometry": {
        "type": "LineString",
        "coordinates": [
          [
            204.016,
            194.858
          ],
          [
            217.939,
            193.769
          ],
          [
            227.401,
            185.783
          ],
          [
            232.369,
            171.888
          ],
          [
            236.049,
            161.836
          ],
          [
            234.927,
            152.251
          ],
          [
            230.042,
            145.065
          ]
        ]
      },
      "properties": {
        "osm_id": 182092164,
        "name": null,
        "highway": "footway",
        "lanes": null,
        "width_m": 2.0,
        "surface": "paved",
        "maxspeed": null
      }
    },
    {
      "type": "Feature",
      "id": 182092165,
      "geometry": {
        "type": "LineString",
        "coordinates": [
          [
            -437.176,
            -65.334
          ],
          [
            -430.764,
            -43.064
          ],
          [
            -422.525,
            -11.841
          ],
          [
            -420.888,
            -7.821
          ],
          [
            -417.89,
            -8.187
          ],
          [
            -375.439,
            -13.894
          ],
          [
            -361.998,
            -15.737
          ],
          [
            -355.667,
            -29.098
          ]
        ]
      },
      "properties": {
        "osm_id": 182092165,
        "name": null,
        "highway": "footway",
        "lanes": null,
        "width_m": 2.0,
        "surface": "asphalt",
        "maxspeed": null
      }
    },
    {
      "type": "Feature",
      "id": 182092166,
      "geometry": {
        "type": "LineString",
        "coordinates": [
          [
            -316.581,
            -33.65
          ],
          [
            -320.959,
            -44.513
          ],
          [
            -324.705,
            -50.578
          ],
          [
            -327.62,
            -55.109
          ],
          [
            -328.609,
            -56.642
          ],
          [
            -327.205,
            -63.029
          ],
          [
            -324.156,
            -66.727
          ]
        ]
      },
      "properties": {
        "osm_id": 182092166,
        "name": null,
        "highway": "footway",
        "lanes": null,
        "width_m": 2.0,
        "surface": "paved",
        "maxspeed": null
      }
    },
    {
      "type": "Feature",
      "id": 182092167,
      "geometry": {
        "type": "LineString",
        "coordinates": [
          [
            131.3,
            151.698
          ],
          [
            126.88,
            153.609
          ],
          [
            123.025,
            153.731
          ],
          [
            119.179,
            152.376
          ],
          [
            116.57,
            150.454
          ],
          [
            114.984,
            147.744
          ],
          [
            114.078,
            144.923
          ]
        ]
      },
      "properties": {
        "osm_id": 182092167,
        "name": null,
        "highway": "footway",
        "lanes": null,
        "width_m": 2.0,
        "surface": "asphalt",
        "maxspeed": null
      }
    },
    {
      "type": "Feature",
      "id": 182092168,
      "geometry": {
        "type": "LineString",
        "coordinates": [
          [
            -331.382,
            -84.232
          ],
          [
            -330.942,
            -86.942
          ],
          [
            -330.958,
            -89.397
          ],
          [
            -331.266,
            -91.463
          ],
          [
            -332.428,
            -95.139
          ],
          [
            -333.94,
            -97.427
          ],
          [
            -335.568,
            -99.149
          ],
          [
            -337.188,
            -100.326
          ],
          [
            -340.926,
            -101.77
          ],
          [
            -337.952,
            -107.601
          ]
        ]
      },
      "properties": {
        "osm_id": 182092168,
        "name": null,
        "highway": "footway",
        "lanes": null,
        "width_m": 2.0,
        "surface": "paved",
        "maxspeed": null
      }
    },
    {
      "type": "Feature",
      "id": 182092169,
      "geometry": {
        "type": "LineString",
        "coordinates": [
          [
            16.997,
            10.796
          ],
          [
            37.707,
            -42.207
          ],
          [
            40.44,
            -48.682
          ],
          [
            42.807,
            -52.958
          ],
          [
            47.683,
            -60.389
          ],
          [
            52.244,
            -66.775
          ]
        ]
      },
      "properties": {
        "osm_id": 182092169,
        "name": null,
        "highway": "footway",
        "lanes": null,
        "width_m": 2.0,
        "surface": "asphalt",
        "maxspeed": null
      }
    },
    {
      "type": "Feature",
      "id": 182092170,
      "geometry": {
        "type": "LineString",
        "coordinates": [
          [
            -331.382,
            -84.232
          ],
          [
            -332.695,
            -82.444
          ],
          [
            -334.398,
            -80.567
          ],
          [
            -336.101,
            -79.323
          ],
          [
            -338.194,
            -78.168
          ],
          [
            -339.69,
            -77.646
          ],
          [
            -341.276,
            -77.513
          ],
          [
            -343.727,
            -77.591
          ],
          [
            -346.269,
            -78.146
          ],
          [
            -350.165,
            -79.301
          ],
          [
            -352.334,
            -73.426
          ]
        ]
      },
      "properties": {
        "osm_id": 182092170,
        "name": null,
        "highway": "footway",
        "lanes": null,
        "width_m": 2.0,
        "surface": "paved",
        "maxspeed": null
      }
    },
    {
      "type": "Feature",
      "id": 182092171,
      "geometry": {
        "type": "LineString",
        "coordinates": [
          [
            -312.243,
            -63.728
          ],
          [
            -305.498,
            -63.461
          ],
          [
            -296.086,
            -62.694
          ],
          [
            -286.267,
            -61.239
          ],
          [
            -283.742,
            -59.661
          ],
          [
            -276.697,
            -55.107
          ],
          [
            -267.177,
            -47.31
          ]
        ]
      },
      "properties": {
        "osm_id": 182092171,
        "name": null,
        "highway": "footway",
        "lanes": null,
        "width_m": 2.0,
        "surface": "paved",
        "maxspeed": null
      }
    },
    {
      "type": "Feature",
      "id": 182092172,
      "geometry": {
        "type": "LineString",
        "coordinates": [
          [
            314.658,
            247.768
          ],
          [
            263.059,
            227.166
          ],
          [
            260.392,
            225.645
          ],
          [
            258.897,
            224.179
          ],
          [
            257.974,
            222.99
          ],
          [
            257.185,
            221.091
          ],
          [
            256.205,
            218.392
          ],
          [
            255.831,
            216.471
          ],
          [
            255.648,
            215.016
          ],
          [
            255.905,
            213.55
          ],
          [
            291.184,
            124.803
          ],
          [
            292.962,
            120.616
          ]
        ]
      },
      "properties": {
        "osm_id": 182092172,
        "name": null,
        "highway": "footway",
        "lanes": null,
        "width_m": 2.0,
        "surface": null,
        "maxspeed": null
      }
    },
    {
      "type": "Feature",
      "id": 182092173,
      "geometry": {
        "type": "LineString",
        "coordinates": [
          [
            -416.871,
            -88.102
          ],
          [
            -417.71,
            -87.857
          ],
          [
            -419.048,
            -87.669
          ],
          [
            -420.036,
            -87.758
          ],
          [
            -420.851,
            -87.891
          ],
          [
            -422.271,
            -88.458
          ],
          [
            -426.267,
            -90.479
          ],
          [
            -434.848,
            -94.534
          ],
          [
            -435.803,
            -94.9
          ],
          [
            -436.983,
            -95.156
          ],
          [
            -438.088,
            -95.2
          ],
          [
            -439.417,
            -94.923
          ],
          [
            -444.227,
            -93.601
          ]
        ]
      },
      "properties": {
        "osm_id": 182092173,
        "name": null,
        "highway": "footway",
        "lanes": null,
        "width_m": 2.0,
        "surface": "concrete",
        "maxspeed": null
      }
    },
    {
      "type": "Feature",
      "id": 182092174,
      "geometry": {
        "type": "LineString",
        "coordinates": [
          [
            -229.604,
            -287.819
          ],
          [
            -325.905,
            -325.431
          ],
          [
            -327.126,
            -325.887
          ],
          [
            -348.134,
            -334.385
          ],
          [
            -376.618,
            -345.06
          ],
          [
            -383.288,
            -347.637
          ]
        ]
      },
      "properties": {
        "osm_id": 182092174,
        "name": null,
        "highway": "footway",
        "lanes": null,
        "width_m": 2.0,
        "surface": "asphalt",
        "maxspeed": null
      }
    },
    {
      "type": "Feature",
      "id": 183798636,
      "geometry": {
        "type": "LineString",
        "coordinates": [
          [
            -497.378,
            -61.939
          ],
          [
            -493.93,
            -70.858
          ],
          [
            -490.914,
            -78.277
          ],
          [
            -485.912,
            -91.161
          ],
          [
            -486.942,
            -92.083
          ],
          [
            -493.563,
            -94.76
          ],
          [
            -495.216,
            -94.538
          ],
          [
            -504.354,
            -88.885
          ],
          [
            -509.638,
            -85.564
          ],
          [
            -519.258,
            -79.512
          ],
          [
            -524.018,
            -76.613
          ],
          [
            -545.012,
            -62.564
          ],
          [
            -530.476,
            -37.195
          ],
          [
            -677.648,
            54.181
          ]
        ]
      },
      "properties": {
        "osm_id": 183798636,
        "name": null,
        "highway": "footway",
        "lanes": null,
        "width_m": 2.0,
        "surface": "cobblestone",
        "maxspeed": null
      }
    },
    {
      "type": "Feature",
      "id": 183798639,
      "geometry": {
        "type": "LineString",
        "coordinates": [
          [
            -462.162,
            172.266
          ],
          [
            -464.123,
            171.732
          ]
        ]
      },
      "properties": {
        "osm_id": 183798639,
        "name": null,
        "highway": "footway",
        "lanes": null,
        "width_m": 2.0,
        "surface": null,
        "maxspeed": null
      }
    },
    {
      "type": "Feature",
      "id": 183798642,
      "geometry": {
        "type": "LineString",
        "coordinates": [
          [
            -493.93,
            -70.858
          ],
          [
            -499.138,
            -77.467
          ]
        ]
      },
      "properties": {
        "osm_id": 183798642,
        "name": null,
        "highway": "footway",
        "lanes": null,
        "width_m": 2.0,
        "surface": "paving_stones",
        "maxspeed": null
      }
    },
    {
      "type": "Feature",
      "id": 183798643,
      "geometry": {
        "type": "LineString",
        "coordinates": [
          [
            -448.996,
            189.349
          ],
          [
            -449.536,
            187.905
          ],
          [
            -452.792,
            180.896
          ],
          [
            -458.922,
            168.101
          ],
          [
            -459.911,
            166.401
          ]
        ]
      },
      "properties": {
        "osm_id": 183798643,
        "name": null,
        "highway": "footway",
        "lanes": null,
        "width_m": 2.0,
        "surface": "asphalt",
        "maxspeed": null
      }
    },
    {
      "type": "Feature",
      "id": 183798644,
      "geometry": {
        "type": "LineString",
        "coordinates": [
          [
            -455.219,
            -65.102
          ],
          [
            -446.322,
            -67.278
          ],
          [
            -438.18,
            -69.321
          ]
        ]
      },
      "properties": {
        "osm_id": 183798644,
        "name": null,
        "highway": "footway",
        "lanes": null,
        "width_m": 2.0,
        "surface": "asphalt",
        "maxspeed": null
      }
    },
    {
      "type": "Feature",
      "id": 183798645,
      "geometry": {
        "type": "LineString",
        "coordinates": [
          [
            -479.651,
            -57.184
          ],
          [
            -478.438,
            -56.684
          ],
          [
            -467.249,
            -52.707
          ]
        ]
      },
      "properties": {
        "osm_id": 183798645,
        "name": null,
        "highway": "footway",
        "lanes": null,
        "width_m": 2.0,
        "surface": null,
        "maxspeed": null
      }
    },
    {
      "type": "Feature",
      "id": 183798646,
      "geometry": {
        "type": "LineString",
        "coordinates": [
          [
            -466.749,
            -62.936
          ],
          [
            -474.317,
            -71.711
          ]
        ]
      },
      "properties": {
        "osm_id": 183798646,
        "name": null,
        "highway": "footway",
        "lanes": null,
        "width_m": 2.0,
        "surface": "asphalt",
        "maxspeed": null
      }
    },
    {
      "type": "Feature",
      "id": 183798648,
      "geometry": {
        "type": "LineString",
        "coordinates": [
          [
            -422.675,
            -7.165
          ],
          [
            -429.088,
            -5.478
          ],
          [
            -437.661,
            -3.268
          ]
        ]
      },
      "properties": {
        "osm_id": 183798648,
        "name": null,
        "highway": "footway",
        "lanes": null,
        "width_m": 2.0,
        "surface": "asphalt",
        "maxspeed": null
      }
    },
    {
      "type": "Feature",
      "id": 183798649,
      "geometry": {
        "type": "LineString",
        "coordinates": [
          [
            -464.123,
            171.732
          ],
          [
            -470.943,
            169.921
          ],
          [
            -473.585,
            169.222
          ]
        ]
      },
      "properties": {
        "osm_id": 183798649,
        "name": null,
        "highway": "footway",
        "lanes": null,
        "width_m": 2.0,
        "surface": null,
        "maxspeed": null
      }
    },
    {
      "type": "Feature",
      "id": 183798652,
      "geometry": {
        "type": "LineString",
        "coordinates": [
          [
            -434.422,
            13.026
          ],
          [
            -436.159,
            12.482
          ],
          [
            -447.057,
            8.283
          ]
        ]
      },
      "properties": {
        "osm_id": 183798652,
        "name": null,
        "highway": "footway",
        "lanes": null,
        "width_m": 2.0,
        "surface": null,
        "maxspeed": null
      }
    },
    {
      "type": "Feature",
      "id": 183798653,
      "geometry": {
        "type": "LineString",
        "coordinates": [
          [
            -442.011,
            -50.395
          ],
          [
            -452.088,
            -53.084
          ],
          [
            -466.749,
            -62.936
          ]
        ]
      },
      "properties": {
        "osm_id": 183798653,
        "name": null,
        "highway": "footway",
        "lanes": null,
        "width_m": 2.0,
        "surface": "asphalt",
        "maxspeed": null
      }
    },
    {
      "type": "Feature",
      "id": 183798654,
      "geometry": {
        "type": "LineString",
        "coordinates": [
          [
            -489.037,
            -70.124
          ],
          [
            -484.85,
            -68.436
          ],
          [
            -480.763,
            -66.703
          ],
          [
            -476.801,
            -64.925
          ]
        ]
      },
      "properties": {
        "osm_id": 183798654,
        "name": null,
        "highway": "footway",
        "lanes": null,
        "width_m": 2.0,
        "surface": "asphalt",
        "maxspeed": null
      }
    },
    {
      "type": "Feature",
      "id": 183798661,
      "geometry": {
        "type": "LineString",
        "coordinates": [
          [
            -430.899,
            -143.216
          ],
          [
            -428.059,
            -130.676
          ],
          [
            -425.417,
            -122.801
          ],
          [
            -414.353,
            -117.946
          ]
        ]
      },
      "properties": {
        "osm_id": 183798661,
        "name": null,
        "highway": "footway",
        "lanes": null,
        "width_m": 2.0,
        "surface": "concrete",
        "maxspeed": null
      }
    },
    {
      "type": "Feature",
      "id": 183798662,
      "geometry": {
        "type": "LineString",
        "coordinates": [
          [
            -442.325,
            47.88
          ],
          [
            -441.585,
            46.269
          ],
          [
            -436.825,
            47.669
          ],
          [
            -435.18,
            48.191
          ]
        ]
      },
      "properties": {
        "osm_id": 183798662,
        "name": null,
        "highway": "footway",
        "lanes": null,
        "width_m": 2.0,
        "surface": null,
        "maxspeed": null
      }
    },
    {
      "type": "Feature",
      "id": 183798665,
      "geometry": {
        "type": "LineString",
        "coordinates": [
          [
            -452.828,
            97.35
          ],
          [
            -454.074,
            96.927
          ],
          [
            -468.487,
            91.54
          ],
          [
            -469.285,
            93.661
          ]
        ]
      },
      "properties": {
        "osm_id": 183798665,
        "name": null,
        "highway": "footway",
        "lanes": null,
        "width_m": 2.0,
        "surface": null,
        "maxspeed": null
      }
    },
    {
      "type": "Feature",
      "id": 183798666,
      "geometry": {
        "type": "LineString",
        "coordinates": [
          [
            -490.914,
            -78.277
          ],
          [
            -499.138,
            -77.467
          ],
          [
            -500.742,
            -77.233
          ],
          [
            -519.258,
            -79.512
          ]
        ]
      },
      "properties": {
        "osm_id": 183798666,
        "name": null,
        "highway": "footway",
        "lanes": null,
        "width_m": 2.0,
        "surface": "paving_stones",
        "maxspeed": null
      }
    },
    {
      "type": "Feature",
      "id": 183798676,
      "geometry": {
        "type": "LineString",
        "coordinates": [
          [
            -437.176,
            -65.334
          ],
          [
            -427.63,
            -67.166
          ],
          [
            -420.22,
            -67.843
          ],
          [
            -414.356,
            -66.71
          ],
          [
            -411.556,
            -64.788
          ]
        ]
      },
      "properties": {
        "osm_id": 183798676,
        "name": null,
        "highway": "footway",
        "lanes": null,
        "width_m": 2.0,
        "surface": "concrete",
        "maxspeed": null
      }
    },
    {
      "type": "Feature",
      "id": 183798681,
      "geometry": {
        "type": "LineString",
        "coordinates": [
          [
            -474.317,
            -71.711
          ],
          [
            -476.801,
            -64.925
          ],
          [
            -477.092,
            -64.137
          ],
          [
            -477.856,
            -62.071
          ],
          [
            -479.651,
            -57.184
          ],
          [
            -489.048,
            -32.838
          ],
          [
            -498.969,
            -7.115
          ],
          [
            -506.496,
            12.389
          ],
          [
            -508.142,
            16.654
          ],
          [
            -515.404,
            35.457
          ],
          [
            -529.138,
            71.065
          ],
          [
            -534.074,
            83.849
          ],
          [
            -540.139,
            99.565
          ],
          [
            -542.225,
            104.974
          ],
          [
            -543.903,
            109.328
          ],
          [
            -552.287,
            131.052
          ],
          [
            -562.308,
            157.308
          ],
          [
            -562.724,
            158.308
          ],
          [
            -560.821,
            159.097
          ],
          [
            -536.863,
            168.662
          ],
          [
            -513.345,
            177.349
          ],
          [
            -504.78,
            179.838
          ],
          [
            -499.298,
            180.749
          ],
          [
            -495.16,
            181.093
          ],
          [
            -488.672,
            181.072
          ],
          [
            -483.414,
            180.661
          ],
          [
            -477.465,
            179.851
          ],
          [
            -473.86,
            178.985
          ],
          [
            -465.403,
            176.097
          ],
          [
            -463.849,
            174.976
          ],
          [
            -463.085,
            173.743
          ],
          [
            -462.162,
            172.266
          ],
          [
            -459.911,
            166.401
          ],
          [
            -457.16,
            158.704
          ],
          [
            -457.219,
            157.149
          ],
          [
            -458.838,
            153.739
          ],
          [
            -460.425,
            148.619
          ],
          [
            -461.961,
            143.665
          ],
          [
            -462.65,
            136.146
          ],
          [
            -462.583,
            129.059
          ],
          [
            -461.952,
            123.506
          ],
          [
            -458.96,
            113.843
          ],
          [
            -452.828,
            97.35
          ],
          [
            -452.214,
            95.628
          ],
          [
            -449.978,
            89.353
          ],
          [
            -436.502,
            52.878
          ],
          [
            -435.18,
            48.191
          ],
          [
            -434.424,
            45.57
          ],
          [
            -433.385,
            36.718
          ],
          [
            -433.177,
            32.508
          ],
          [
            -432.945,
            27.765
          ],
          [
            -433.633,
            17.58
          ],
          [
            -434.422,
            13.026
          ],
          [
            -435.253,
            8.195
          ],
          [
            -437.753,
            -2.679
          ],
          [
            -437.661,
            -3.268
          ],
          [
            -439.871,
            -9.577
          ],
          [
            -452.088,
            -53.084
          ],
          [
            -454.995,
            -63.891
          ],
          [
            -455.219,
            -65.102
          ]
        ]
      },
      "properties": {
        "osm_id": 183798681,
        "name": null,
        "highway": "footway",
        "lanes": null,
        "width_m": 2.0,
        "surface": "paving_stones",
        "maxspeed": null
      }
    },
    {
      "type": "Feature",
      "id": 185103131,
      "geometry": {
        "type": "LineString",
        "coordinates": [
          [
            -168.374,
            87.332
          ],
          [
            -181.965,
            90.209
          ],
          [
            -183.527,
            98.65
          ],
          [
            -196.678,
            97.095
          ],
          [
            -206.888,
            103.37
          ]
        ]
      },
      "properties": {
        "osm_id": 185103131,
        "name": null,
        "highway": "steps",
        "lanes": null,
        "width_m": 2.0,
        "surface": null,
        "maxspeed": null
      }
    },
    {
      "type": "Feature",
      "id": 185103132,
      "geometry": {
        "type": "LineString",
        "coordinates": [
          [
            68.742,
            -122.821
          ],
          [
            64.704,
            -116.646
          ],
          [
            61.863,
            -114.114
          ],
          [
            57.236,
            -111.226
          ],
          [
            53.199,
            -108.671
          ],
          [
            49.993,
            -106.128
          ],
          [
            47.957,
            -103.995
          ],
          [
            46.537,
            -101.874
          ],
          [
            44.585,
            -97.842
          ],
          [
            42.242,
            -91.766
          ],
          [
            40.572,
            -89.012
          ],
          [
            38.911,
            -86.69
          ]
        ]
      },
      "properties": {
        "osm_id": 185103132,
        "name": null,
        "highway": "footway",
        "lanes": null,
        "width_m": 2.0,
        "surface": "asphalt",
        "maxspeed": null
      }
    },
    {
      "type": "Feature",
      "id": 185103133,
      "geometry": {
        "type": "LineString",
        "coordinates": [
          [
            -255.335,
            70.403
          ],
          [
            -243.655,
            62.317
          ],
          [
            -238.429,
            52.721
          ],
          [
            -227.314,
            44.913
          ]
        ]
      },
      "properties": {
        "osm_id": 185103133,
        "name": null,
        "highway": "steps",
        "lanes": null,
        "width_m": 2.0,
        "surface": null,
        "maxspeed": null
      }
    },
    {
      "type": "Feature",
      "id": 185103134,
      "geometry": {
        "type": "LineString",
        "coordinates": [
          [
            -111.942,
            88.822
          ],
          [
            -115.124,
            96.43
          ],
          [
            -132.204,
            89.777
          ],
          [
            -149.658,
            88.221
          ],
          [
            -161.778,
            87.643
          ],
          [
            -168.374,
            87.332
          ]
        ]
      },
      "properties": {
        "osm_id": 185103134,
        "name": null,
        "highway": "footway",
        "lanes": null,
        "width_m": 2.0,
        "surface": "asphalt",
        "maxspeed": null
      }
    },
    {
      "type": "Feature",
      "id": 190022900,
      "geometry": {
        "type": "LineString",
        "coordinates": [
          [
            -446.842,
            156.55
          ],
          [
            -455.673,
            159.337
          ],
          [
            -458.922,
            168.101
          ],
          [
            -461.805,
            175.753
          ],
          [
            -458.757,
            183.717
          ],
          [
            -456.249,
            190.37
          ],
          [
            -449.536,
            187.905
          ],
          [
            -445.457,
            186.939
          ],
          [
            -441.752,
            185.795
          ],
          [
            -433.344,
            179.776
          ],
          [
            -425.701,
            176.333
          ],
          [
            -430.569,
            168.413
          ],
          [
            -435.445,
            163.171
          ],
          [
            -440.612,
            155.495
          ],
          [
            -446.842,
            156.55
          ]
        ]
      },
      "properties": {
        "osm_id": 190022900,
        "name": "Largo del Ciclismo",
        "highway": "pedestrian",
        "lanes": null,
        "width_m": 2.0,
        "surface": "asphalt",
        "maxspeed": null
      }
    },
    {
      "type": "Feature",
      "id": 193859380,
      "geometry": {
        "type": "LineString",
        "coordinates": [
          [
            -3.182,
            134.095
          ],
          [
            18.958,
            142.547
          ]
        ]
      },
      "properties": {
        "osm_id": 193859380,
        "name": null,
        "highway": "footway",
        "lanes": null,
        "width_m": 2.0,
        "surface": null,
        "maxspeed": null
      }
    },
    {
      "type": "Feature",
      "id": 201318419,
      "geometry": {
        "type": "LineString",
        "coordinates": [
          [
            -504.815,
            202.718
          ],
          [
            -509.409,
            197.808
          ],
          [
            -518.181,
            192.887
          ],
          [
            -534.106,
            186.511
          ],
          [
            -566.721,
            173.646
          ],
          [
            -568.299,
            173.435
          ],
          [
            -569.08,
            174.79
          ],
          [
            -583.995,
            211.442
          ],
          [
            -577.233,
            220.539
          ],
          [
            -593.645,
            265.81
          ],
          [
            -602.342,
            262.644
          ],
          [
            -603.24,
            262.477
          ],
          [
            -603.721,
            262.544
          ],
          [
            -604.203,
            262.788
          ],
          [
            -604.32,
            262.955
          ],
          [
            -604.71,
            263.532
          ],
          [
            -615.961,
            292.943
          ],
          [
            -624.512,
            317.088
          ],
          [
            -625.127,
            318.832
          ],
          [
            -633.262,
            339.835
          ],
          [
            -634.06,
            341.878
          ],
          [
            -633.237,
            342.745
          ],
          [
            -631.908,
            343.434
          ],
          [
            -627.621,
            345.3
          ],
          [
            -590.819,
            359.02
          ],
          [
            -585.719,
            360.409
          ],
          [
            -582.886,
            361.031
          ],
          [
            -579.978,
            361.487
          ],
          [
            -576.281,
            361.787
          ],
          [
            -571.762,
            361.81
          ],
          [
            -566.112,
            361.177
          ],
          [
            -559.599,
            360.0
          ],
          [
            -552.072,
            358.113
          ],
          [
            -546.165,
            356.447
          ],
          [
            -539.835,
            353.493
          ],
          [
            -534.883,
            350.617
          ],
          [
            -531.178,
            348.218
          ],
          [
            -527.123,
            345.197
          ],
          [
            -517.785,
            336.179
          ],
          [
            -514.752,
            331.27
          ],
          [
            -510.889,
            325.705
          ],
          [
            -503.252,
            307.124
          ],
          [
            -493.556,
            281.678
          ],
          [
            -492.691,
            276.247
          ],
          [
            -491.694,
            269.294
          ],
          [
            -492.39,
            250.312
          ],
          [
            -497.473,
            222.5
          ],
          [
            -499.765,
            210.871
          ],
          [
            -504.815,
            202.718
          ]
        ]
      },
      "properties": {
        "osm_id": 201318419,
        "name": null,
        "highway": "footway",
        "lanes": null,
        "width_m": 2.0,
        "surface": "paving_stones",
        "maxspeed": null
      }
    },
    {
      "type": "Feature",
      "id": 220186345,
      "geometry": {
        "type": "LineString",
        "coordinates": [
          [
            197.859,
            -150.258
          ],
          [
            215.213,
            -143.661
          ]
        ]
      },
      "properties": {
        "osm_id": 220186345,
        "name": null,
        "highway": "steps",
        "lanes": null,
        "width_m": 2.0,
        "surface": "concrete",
        "maxspeed": null
      }
    },
    {
      "type": "Feature",
      "id": 220186346,
      "geometry": {
        "type": "LineString",
        "coordinates": [
          [
            252.828,
            -129.245
          ],
          [
            268.072,
            -123.426
          ]
        ]
      },
      "properties": {
        "osm_id": 220186346,
        "name": null,
        "highway": "steps",
        "lanes": null,
        "width_m": 2.0,
        "surface": "concrete",
        "maxspeed": null
      }
    },
    {
      "type": "Feature",
      "id": 220186347,
      "geometry": {
        "type": "LineString",
        "coordinates": [
          [
            215.213,
            -143.661
          ],
          [
            252.828,
            -129.245
          ]
        ]
      },
      "properties": {
        "osm_id": 220186347,
        "name": null,
        "highway": "footway",
        "lanes": null,
        "width_m": 2.0,
        "surface": "asphalt",
        "maxspeed": null
      }
    },
    {
      "type": "Feature",
      "id": 292902146,
      "geometry": {
        "type": "LineString",
        "coordinates": [
          [
            268.481,
            -273.159
          ],
          [
            275.11,
            -270.55
          ],
          [
            281.067,
            -268.173
          ]
        ]
      },
      "properties": {
        "osm_id": 292902146,
        "name": null,
        "highway": "footway",
        "lanes": null,
        "width_m": 2.0,
        "surface": "sett",
        "maxspeed": null
      }
    },
    {
      "type": "Feature",
      "id": 292902147,
      "geometry": {
        "type": "LineString",
        "coordinates": [
          [
            284.615,
            -246.126
          ],
          [
            279.215,
            -248.291
          ]
        ]
      },
      "properties": {
        "osm_id": 292902147,
        "name": null,
        "highway": "footway",
        "lanes": null,
        "width_m": 2.0,
        "surface": "asphalt",
        "maxspeed": null
      }
    },
    {
      "type": "Feature",
      "id": 339565300,
      "geometry": {
        "type": "LineString",
        "coordinates": [
          [
            440.69,
            351.301
          ],
          [
            434.308,
            311.638
          ]
        ]
      },
      "properties": {
        "osm_id": 339565300,
        "name": null,
        "highway": "footway",
        "lanes": null,
        "width_m": 2.0,
        "surface": null,
        "maxspeed": null
      }
    },
    {
      "type": "Feature",
      "id": 353239592,
      "geometry": {
        "type": "LineString",
        "coordinates": [
          [
            -464.024,
            -199.286
          ],
          [
            -469.407,
            -201.474
          ]
        ]
      },
      "properties": {
        "osm_id": 353239592,
        "name": null,
        "highway": "footway",
        "lanes": null,
        "width_m": 2.0,
        "surface": null,
        "maxspeed": null
      }
    },
    {
      "type": "Feature",
      "id": 353239593,
      "geometry": {
        "type": "LineString",
        "coordinates": [
          [
            -469.407,
            -201.474
          ],
          [
            -474.865,
            -203.618
          ]
        ]
      },
      "properties": {
        "osm_id": 353239593,
        "name": null,
        "highway": "steps",
        "lanes": null,
        "width_m": 2.0,
        "surface": null,
        "maxspeed": null
      }
    },
    {
      "type": "Feature",
      "id": 353239599,
      "geometry": {
        "type": "LineString",
        "coordinates": [
          [
            -454.37,
            -226.02
          ],
          [
            -460.027,
            -228.13
          ]
        ]
      },
      "properties": {
        "osm_id": 353239599,
        "name": null,
        "highway": "footway",
        "lanes": null,
        "width_m": 2.0,
        "surface": null,
        "maxspeed": null
      }
    },
    {
      "type": "Feature",
      "id": 353239600,
      "geometry": {
        "type": "LineString",
        "coordinates": [
          [
            -460.027,
            -228.13
          ],
          [
            -464.952,
            -229.963
          ]
        ]
      },
      "properties": {
        "osm_id": 353239600,
        "name": null,
        "highway": "steps",
        "lanes": null,
        "width_m": 2.0,
        "surface": null,
        "maxspeed": null
      }
    },
    {
      "type": "Feature",
      "id": 353239602,
      "geometry": {
        "type": "LineString",
        "coordinates": [
          [
            -474.865,
            -203.618
          ],
          [
            -479.433,
            -205.473
          ],
          [
            -507.502,
            -216.194
          ]
        ]
      },
      "properties": {
        "osm_id": 353239602,
        "name": null,
        "highway": "footway",
        "lanes": null,
        "width_m": 2.0,
        "surface": null,
        "maxspeed": null
      }
    },
    {
      "type": "Feature",
      "id": 353239603,
      "geometry": {
        "type": "LineString",
        "coordinates": [
          [
            -464.952,
            -229.963
          ],
          [
            -469.737,
            -231.752
          ],
          [
            -497.274,
            -242.383
          ]
        ]
      },
      "properties": {
        "osm_id": 353239603,
        "name": null,
        "highway": "footway",
        "lanes": null,
        "width_m": 2.0,
        "surface": null,
        "maxspeed": null
      }
    },
    {
      "type": "Feature",
      "id": 353239604,
      "geometry": {
        "type": "LineString",
        "coordinates": [
          [
            -474.614,
            -218.524
          ],
          [
            -502.45,
            -229.111
          ],
          [
            -512.153,
            -233.01
          ]
        ]
      },
      "properties": {
        "osm_id": 353239604,
        "name": null,
        "highway": "footway",
        "lanes": null,
        "width_m": 2.0,
        "surface": null,
        "maxspeed": null
      }
    },
    {
      "type": "Feature",
      "id": 398311199,
      "geometry": {
        "type": "LineString",
        "coordinates": [
          [
            -497.378,
            -61.939
          ],
          [
            -506.069,
            -37.648
          ],
          [
            -523.369,
            11.121
          ]
        ]
      },
      "properties": {
        "osm_id": 398311199,
        "name": null,
        "highway": "footway",
        "lanes": null,
        "width_m": 2.0,
        "surface": "paving_stones",
        "maxspeed": null
      }
    },
    {
      "type": "Feature",
      "id": 408845867,
      "geometry": {
        "type": "LineString",
        "coordinates": [
          [
            -441.05,
            120.009
          ],
          [
            -443.169,
            127.239
          ],
          [
            -444.199,
            133.392
          ],
          [
            -443.651,
            139.19
          ],
          [
            -442.804,
            144.433
          ],
          [
            -440.628,
            150.464
          ],
          [
            -436.998,
            156.917
          ],
          [
            -433.974,
            161.982
          ],
          [
            -433.003,
            162.827
          ],
          [
            -430.884,
            162.827
          ],
          [
            -426.157,
            161.738
          ],
          [
            -422.834,
            161.017
          ],
          [
            -419.503,
            158.362
          ],
          [
            -415.564,
            150.888
          ],
          [
            -412.557,
            143.946
          ],
          [
            -408.536,
            136.504
          ],
          [
            -401.964,
            129.874
          ],
          [
            -394.819,
            125.865
          ],
          [
            -386.686,
            122.844
          ],
          [
            -376.426,
            121.701
          ],
          [
            -367.388,
            121.945
          ],
          [
            -362.952,
            122.101
          ],
          [
            -361.39,
            121.124
          ],
          [
            -360.734,
            117.936
          ]
        ]
      },
      "properties": {
        "osm_id": 408845867,
        "name": null,
        "highway": "footway",
        "lanes": null,
        "width_m": 2.0,
        "surface": null,
        "maxspeed": null
      }
    },
    {
      "type": "Feature",
      "id": 408845868,
      "geometry": {
        "type": "LineString",
        "coordinates": [
          [
            -419.63,
            346.848
          ],
          [
            -418.3,
            338.162
          ],
          [
            -416.123,
            329.777
          ],
          [
            -412.974,
            319.758
          ],
          [
            -408.886,
            305.886
          ],
          [
            -406.31,
            299.078
          ],
          [
            -403.468,
            289.248
          ],
          [
            -400.502,
            280.618
          ],
          [
            -398.018,
            271.755
          ],
          [
            -395.898,
            260.715
          ],
          [
            -395.715,
            250.285
          ],
          [
            -396.197,
            243.532
          ],
          [
            -398.198,
            230.681
          ],
          [
            -400.499,
            222.484
          ],
          [
            -402.982,
            216.508
          ],
          [
            -408.548,
            205.956
          ],
          [
            -424.688,
            177.91
          ],
          [
            -425.701,
            176.333
          ],
          [
            -419.562,
            172.113
          ],
          [
            -414.178,
            168.137
          ],
          [
            -409.576,
            163.916
          ],
          [
            -406.668,
            158.907
          ],
          [
            -404.424,
            151.91
          ],
          [
            -402.131,
            146.668
          ],
          [
            -400.278,
            143.98
          ],
          [
            -398.043,
            141.47
          ],
          [
            -395.942,
            139.46
          ],
          [
            -391.106,
            135.872
          ]
        ]
      },
      "properties": {
        "osm_id": 408845868,
        "name": null,
        "highway": "footway",
        "lanes": null,
        "width_m": 2.0,
        "surface": null,
        "maxspeed": null
      }
    },
    {
      "type": "Feature",
      "id": 408845869,
      "geometry": {
        "type": "LineString",
        "coordinates": [
          [
            -436.829,
            372.215
          ],
          [
            -437.792,
            361.419
          ],
          [
            -438.099,
            354.966
          ],
          [
            -437.857,
            342.782
          ],
          [
            -435.912,
            334.34
          ],
          [
            -425.326,
            300.287
          ],
          [
            -415.447,
            269.321
          ],
          [
            -414.175,
            258.77
          ],
          [
            -413.875,
            247.363
          ],
          [
            -414.664,
            240.61
          ],
          [
            -417.206,
            228.736
          ],
          [
            -420.105,
            222.872
          ],
          [
            -424.225,
            214.552
          ],
          [
            -440.489,
            187.372
          ],
          [
            -441.901,
            187.05
          ],
          [
            -448.996,
            189.349
          ],
          [
            -484.462,
            200.443
          ],
          [
            -485.559,
            206.363
          ],
          [
            -485.991,
            213.104
          ],
          [
            -482.744,
            231.964
          ],
          [
            -480.178,
            245.582
          ],
          [
            -479.655,
            252.868
          ],
          [
            -479.498,
            270.139
          ],
          [
            -485.191,
            295.674
          ],
          [
            -499.05,
            327.661
          ],
          [
            -503.437,
            336.213
          ],
          [
            -514.247,
            351.995
          ],
          [
            -522.954,
            360.825
          ],
          [
            -531.985,
            366.722
          ],
          [
            -544.962,
            371.952
          ],
          [
            -560.73,
            374.572
          ],
          [
            -566.155,
            375.549
          ],
          [
            -567.958,
            377.682
          ],
          [
            -569.578,
            381.825
          ]
        ]
      },
      "properties": {
        "osm_id": 408845869,
        "name": null,
        "highway": "footway",
        "lanes": null,
        "width_m": 2.0,
        "surface": null,
        "maxspeed": null
      }
    },
    {
      "type": "Feature",
      "id": 408845870,
      "geometry": {
        "type": "LineString",
        "coordinates": [
          [
            -425.326,
            300.287
          ],
          [
            -417.119,
            303.153
          ],
          [
            -408.886,
            305.886
          ]
        ]
      },
      "properties": {
        "osm_id": 408845870,
        "name": null,
        "highway": "footway",
        "lanes": null,
        "width_m": 2.0,
        "surface": "asphalt",
        "maxspeed": null
      }
    },
    {
      "type": "Feature",
      "id": 408845871,
      "geometry": {
        "type": "LineString",
        "coordinates": [
          [
            -440.489,
            187.372
          ],
          [
            -439.509,
            186.784
          ],
          [
            -431.832,
            182.175
          ],
          [
            -424.688,
            177.91
          ]
        ]
      },
      "properties": {
        "osm_id": 408845871,
        "name": null,
        "highway": "footway",
        "lanes": null,
        "width_m": 2.0,
        "surface": "asphalt",
        "maxspeed": null
      }
    },
    {
      "type": "Feature",
      "id": 408845872,
      "geometry": {
        "type": "LineString",
        "coordinates": [
          [
            -415.947,
            7.829
          ],
          [
            -416.404,
            9.84
          ],
          [
            -415.374,
            18.337
          ],
          [
            -414.353,
            27.422
          ],
          [
            -414.752,
            36.43
          ],
          [
            -415.633,
            46.171
          ],
          [
            -417.702,
            55.523
          ],
          [
            -420.993,
            67.74
          ],
          [
            -437.178,
            110.546
          ],
          [
            -446.2,
            109.201
          ]
        ]
      },
      "properties": {
        "osm_id": 408845872,
        "name": null,
        "highway": "footway",
        "lanes": null,
        "width_m": 2.0,
        "surface": null,
        "maxspeed": null
      }
    },
    {
      "type": "Feature",
      "id": 408845873,
      "geometry": {
        "type": "LineString",
        "coordinates": [
          [
            -415.947,
            7.829
          ],
          [
            -408.935,
            6.786
          ],
          [
            -392.038,
            4.832
          ]
        ]
      },
      "properties": {
        "osm_id": 408845873,
        "name": null,
        "highway": "footway",
        "lanes": null,
        "width_m": 2.0,
        "surface": null,
        "maxspeed": null
      }
    },
    {
      "type": "Feature",
      "id": 408845874,
      "geometry": {
        "type": "LineString",
        "coordinates": [
          [
            -416.378,
            6.274
          ],
          [
            -418.139,
            0.054
          ],
          [
            -419.46,
            -4.6
          ]
        ]
      },
      "properties": {
        "osm_id": 408845874,
        "name": null,
        "highway": "footway",
        "lanes": null,
        "width_m": 2.0,
        "surface": "asphalt",
        "maxspeed": null
      }
    },
    {
      "type": "Feature",
      "id": 408845875,
      "geometry": {
        "type": "LineString",
        "coordinates": [
          [
            -136.222,
            402.594
          ],
          [
            -135.117,
            401.905
          ],
          [
            -82.91,
            266.334
          ],
          [
            -46.738,
            174.102
          ],
          [
            -34.667,
            143.002
          ],
          [
            -34.451,
            134.728
          ],
          [
            -37.026,
            130.107
          ],
          [
            -43.514,
            125.387
          ],
          [
            -83.581,
            109.992
          ],
          [
            -85.89,
            111.103
          ],
          [
            -93.417,
            123.665
          ],
          [
            -103.178,
            120.477
          ]
        ]
      },
      "properties": {
        "osm_id": 408845875,
        "name": null,
        "highway": "footway",
        "lanes": null,
        "width_m": 2.0,
        "surface": "asphalt",
        "maxspeed": null
      }
    },
    {
      "type": "Feature",
      "id": 408845876,
      "geometry": {
        "type": "LineString",
        "coordinates": [
          [
            -188.096,
            390.164
          ],
          [
            -188.694,
            388.664
          ],
          [
            -187.905,
            386.554
          ],
          [
            -185.545,
            384.799
          ],
          [
            -180.353,
            382.933
          ],
          [
            -175.476,
            382.523
          ],
          [
            -170.342,
            381.579
          ],
          [
            -165.332,
            379.424
          ],
          [
            -161.818,
            374.715
          ],
          [
            -159.109,
            369.05
          ],
          [
            -153.56,
            358.543
          ]
        ]
      },
      "properties": {
        "osm_id": 408845876,
        "name": null,
        "highway": "footway",
        "lanes": null,
        "width_m": 2.0,
        "surface": null,
        "maxspeed": null
      }
    },
    {
      "type": "Feature",
      "id": 408845877,
      "geometry": {
        "type": "LineString",
        "coordinates": [
          [
            -367.253,
            404.141
          ],
          [
            -354.575,
            401.753
          ],
          [
            -344.614,
            399.677
          ],
          [
            -318.719,
            394.069
          ],
          [
            -296.611,
            390.149
          ],
          [
            -272.535,
            385.141
          ],
          [
            -265.125,
            383.775
          ],
          [
            -258.562,
            383.042
          ],
          [
            -249.44,
            382.232
          ],
          [
            -242.511,
            381.91
          ],
          [
            -235.325,
            381.91
          ],
          [
            -224.849,
            382.643
          ],
          [
            -215.245,
            383.899
          ],
          [
            -209.629,
            385.11
          ],
          [
            -204.528,
            386.409
          ],
          [
            -198.322,
            387.92
          ],
          [
            -197.575,
            387.642
          ],
          [
            -196.079,
            385.943
          ],
          [
            -194.443,
            383.533
          ],
          [
            -192.465,
            380.823
          ],
          [
            -188.544,
            377.802
          ],
          [
            -184.141,
            375.27
          ],
          [
            -183.285,
            374.226
          ],
          [
            -182.936,
            373.359
          ],
          [
            -182.537,
            372.371
          ],
          [
            -182.396,
            371.393
          ],
          [
            -182.595,
            370.538
          ],
          [
            -183.468,
            369.672
          ],
          [
            -185.81,
            368.328
          ],
          [
            -200.291,
            363.018
          ]
        ]
      },
      "properties": {
        "osm_id": 408845877,
        "name": null,
        "highway": "footway",
        "lanes": null,
        "width_m": 2.0,
        "surface": null,
        "maxspeed": null
      }
    },
    {
      "type": "Feature",
      "id": 408845878,
      "geometry": {
        "type": "LineString",
        "coordinates": [
          [
            -189.79,
            390.275
          ],
          [
            -193.786,
            389.075
          ],
          [
            -195.98,
            388.409
          ]
        ]
      },
      "properties": {
        "osm_id": 408845878,
        "name": null,
        "highway": "footway",
        "lanes": null,
        "width_m": 2.0,
        "surface": null,
        "maxspeed": null
      }
    },
    {
      "type": "Feature",
      "id": 408845879,
      "geometry": {
        "type": "LineString",
        "coordinates": [
          [
            -372.894,
            404.973
          ],
          [
            -374.356,
            404.984
          ],
          [
            -375.494,
            404.995
          ],
          [
            -378.377,
            404.684
          ],
          [
            -380.869,
            404.24
          ],
          [
            -385.547,
            403.018
          ],
          [
            -387.956,
            402.207
          ],
          [
            -390.033,
            401.029
          ],
          [
            -393.165,
            399.163
          ],
          [
            -395.914,
            397.075
          ],
          [
            -399.362,
            394.209
          ],
          [
            -402.627,
            391.188
          ],
          [
            -406.622,
            387.311
          ],
          [
            -408.575,
            384.923
          ],
          [
            -410.593,
            382.146
          ],
          [
            -413.459,
            377.026
          ],
          [
            -414.963,
            373.583
          ],
          [
            -419.714,
            362.953
          ],
          [
            -420.046,
            352.812
          ],
          [
            -419.63,
            346.848
          ]
        ]
      },
      "properties": {
        "osm_id": 408845879,
        "name": null,
        "highway": "footway",
        "lanes": null,
        "width_m": 2.0,
        "surface": null,
        "maxspeed": null
      }
    },
    {
      "type": "Feature",
      "id": 408845880,
      "geometry": {
        "type": "LineString",
        "coordinates": [
          [
            -375.494,
            404.995
          ],
          [
            -374.913,
            412.193
          ],
          [
            -374.656,
            415.436
          ],
          [
            -374.332,
            421.656
          ]
        ]
      },
      "properties": {
        "osm_id": 408845880,
        "name": null,
        "highway": "footway",
        "lanes": null,
        "width_m": 2.0,
        "surface": null,
        "maxspeed": null
      }
    },
    {
      "type": "Feature",
      "id": 408847498,
      "geometry": {
        "type": "LineString",
        "coordinates": [
          [
            -103.178,
            120.477
          ],
          [
            -113.355,
            116.878
          ],
          [
            -138.028,
            109.869
          ],
          [
            -149.068,
            108.903
          ],
          [
            -155.847,
            109.902
          ],
          [
            -164.769,
            113.523
          ],
          [
            -166.738,
            116.699
          ],
          [
            -170.801,
            123.263
          ],
          [
            -171.814,
            127.906
          ],
          [
            -170.909,
            134.704
          ],
          [
            -167.379,
            141.979
          ],
          [
            -158.016,
            151.964
          ],
          [
            -138.22,
            166.859
          ],
          [
            -125.402,
            178.222
          ],
          [
            -118.681,
            183.953
          ],
          [
            -113.813,
            192.039
          ],
          [
            -111.944,
            197.615
          ],
          [
            -116.621,
            202.069
          ]
        ]
      },
      "properties": {
        "osm_id": 408847498,
        "name": null,
        "highway": "footway",
        "lanes": null,
        "width_m": 2.0,
        "surface": "asphalt",
        "maxspeed": null
      }
    },
    {
      "type": "Feature",
      "id": 409361480,
      "geometry": {
        "type": "LineString",
        "coordinates": [
          [
            -191.112,
            408.701
          ],
          [
            -185.147,
            410.168
          ],
          [
            -171.315,
            415.955
          ],
          [
            -154.658,
            422.764
          ],
          [
            -151.044,
            424.308
          ],
          [
            -148.502,
            425.652
          ],
          [
            -146.932,
            427.518
          ],
          [
            -146.001,
            429.35
          ],
          [
            -145.652,
            431.094
          ],
          [
            -146.101,
            434.426
          ],
          [
            -148.768,
            449.41
          ],
          [
            -148.66,
            461.949
          ],
          [
            -147.996,
            473.834
          ],
          [
            -144.092,
            487.818
          ],
          [
            -140.636,
            498.869
          ],
          [
            -133.732,
            517.34
          ],
          [
            -127.718,
            534.878
          ],
          [
            -122.26,
            550.095
          ],
          [
            -100.527,
            614.693
          ],
          [
            -95.966,
            630.899
          ],
          [
            -94.579,
            642.661
          ],
          [
            -94.961,
            654.212
          ],
          [
            -98.741,
            673.505
          ],
          [
            -100.611,
            678.714
          ],
          [
            -106.659,
            693.875
          ],
          [
            -108.886,
            699.928
          ],
          [
            -110.415,
            703.26
          ],
          [
            -117.452,
            707.959
          ],
          [
            -125.353,
            711.324
          ],
          [
            -129.249,
            711.89
          ],
          [
            -131.85,
            711.279
          ]
        ]
      },
      "properties": {
        "osm_id": 409361480,
        "name": null,
        "highway": "footway",
        "lanes": null,
        "width_m": 2.0,
        "surface": "asphalt",
        "maxspeed": null
      }
    },
    {
      "type": "Feature",
      "id": 409361483,
      "geometry": {
        "type": "LineString",
        "coordinates": [
          [
            -145.012,
            407.514
          ],
          [
            -147.405,
            414.3
          ],
          [
            -150.28,
            422.453
          ]
        ]
      },
      "properties": {
        "osm_id": 409361483,
        "name": null,
        "highway": "footway",
        "lanes": null,
        "width_m": 2.0,
        "surface": "asphalt",
        "maxspeed": null
      }
    },
    {
      "type": "Feature",
      "id": 431984066,
      "geometry": {
        "type": "LineString",
        "coordinates": [
          [
            69.124,
            -50.348
          ],
          [
            63.758,
            -43.04
          ]
        ]
      },
      "properties": {
        "osm_id": 431984066,
        "name": null,
        "highway": "footway",
        "lanes": null,
        "width_m": 2.0,
        "surface": "paved",
        "maxspeed": null
      }
    },
    {
      "type": "Feature",
      "id": 431984067,
      "geometry": {
        "type": "LineString",
        "coordinates": [
          [
            294.171,
            46.099
          ],
          [
            296.14,
            37.291
          ]
        ]
      },
      "properties": {
        "osm_id": 431984067,
        "name": null,
        "highway": "footway",
        "lanes": null,
        "width_m": 2.0,
        "surface": "paved",
        "maxspeed": null
      }
    },
    {
      "type": "Feature",
      "id": 431984068,
      "geometry": {
        "type": "LineString",
        "coordinates": [
          [
            274.863,
            -17.21
          ],
          [
            277.255,
            -14.933
          ],
          [
            285.239,
            -2.96
          ],
          [
            290.182,
            5.148
          ],
          [
            292.874,
            11.856
          ],
          [
            294.876,
            18.52
          ],
          [
            296.198,
            24.085
          ]
        ]
      },
      "properties": {
        "osm_id": 431984068,
        "name": null,
        "highway": "footway",
        "lanes": null,
        "width_m": 2.0,
        "surface": "paved",
        "maxspeed": null
      }
    },
    {
      "type": "Feature",
      "id": 431984070,
      "geometry": {
        "type": "LineString",
        "coordinates": [
          [
            76.651,
            -58.457
          ],
          [
            82.79,
            -63.877
          ],
          [
            90.083,
            -68.153
          ],
          [
            100.118,
            -72.418
          ],
          [
            110.81,
            -74.918
          ],
          [
            120.687,
            -75.717
          ],
          [
            129.933,
            -73.441
          ],
          [
            150.253,
            -65.555
          ],
          [
            177.16,
            -55.115
          ],
          [
            218.896,
            -38.922
          ],
          [
            245.396,
            -28.649
          ],
          [
            274.863,
            -17.21
          ]
        ]
      },
      "properties": {
        "osm_id": 431984070,
        "name": null,
        "highway": "footway",
        "lanes": null,
        "width_m": 2.0,
        "surface": "paved",
        "maxspeed": null
      }
    },
    {
      "type": "Feature",
      "id": 431984071,
      "geometry": {
        "type": "LineString",
        "coordinates": [
          [
            296.198,
            24.085
          ],
          [
            299.903,
            24.085
          ],
          [
            299.986,
            36.569
          ],
          [
            303.384,
            37.846
          ]
        ]
      },
      "properties": {
        "osm_id": 431984071,
        "name": null,
        "highway": "steps",
        "lanes": null,
        "width_m": 2.0,
        "surface": "paved",
        "maxspeed": null
      }
    },
    {
      "type": "Feature",
      "id": 431984073,
      "geometry": {
        "type": "LineString",
        "coordinates": [
          [
            69.124,
            -50.348
          ],
          [
            76.651,
            -58.457
          ],
          [
            74.001,
            -60.867
          ],
          [
            66.566,
            -52.792
          ],
          [
            63.916,
            -54.947
          ]
        ]
      },
      "properties": {
        "osm_id": 431984073,
        "name": null,
        "highway": "steps",
        "lanes": null,
        "width_m": 2.0,
        "surface": "paved",
        "maxspeed": null
      }
    },
    {
      "type": "Feature",
      "id": 431989660,
      "geometry": {
        "type": "LineString",
        "coordinates": [
          [
            33.154,
            -60.533
          ],
          [
            38.413,
            -67.997
          ]
        ]
      },
      "properties": {
        "osm_id": 431989660,
        "name": null,
        "highway": "footway",
        "lanes": null,
        "width_m": 2.0,
        "surface": "asphalt",
        "maxspeed": null
      }
    },
    {
      "type": "Feature",
      "id": 433277810,
      "geometry": {
        "type": "LineString",
        "coordinates": [
          [
            -228.857,
            -289.619
          ],
          [
            -226.506,
            -295.55
          ],
          [
            -220.258,
            -311.355
          ],
          [
            -217.94,
            -317.208
          ]
        ]
      },
      "properties": {
        "osm_id": 433277810,
        "name": null,
        "highway": "footway",
        "lanes": null,
        "width_m": 2.0,
        "surface": "asphalt",
        "maxspeed": null
      }
    },
    {
      "type": "Feature",
      "id": 433277812,
      "geometry": {
        "type": "LineString",
        "coordinates": [
          [
            -382.615,
            -349.359
          ],
          [
            -380.58,
            -354.968
          ],
          [
            -378.353,
            -361.121
          ]
        ]
      },
      "properties": {
        "osm_id": 433277812,
        "name": null,
        "highway": "footway",
        "lanes": null,
        "width_m": 2.0,
        "surface": "asphalt",
        "maxspeed": null
      }
    },
    {
      "type": "Feature",
      "id": 433277814,
      "geometry": {
        "type": "LineString",
        "coordinates": [
          [
            -411.897,
            -344.251
          ],
          [
            -406.605,
            -356.735
          ],
          [
            -403.797,
            -363.966
          ],
          [
            -371.08,
            -448.71
          ],
          [
            -357.181,
            -486.129
          ],
          [
            -356.691,
            -487.317
          ]
        ]
      },
      "properties": {
        "osm_id": 433277814,
        "name": null,
        "highway": "footway",
        "lanes": null,
        "width_m": 2.0,
        "surface": "sett",
        "maxspeed": null
      }
    },
    {
      "type": "Feature",
      "id": 433277815,
      "geometry": {
        "type": "LineString",
        "coordinates": [
          [
            -415.726,
            -218.698
          ],
          [
            -417.678,
            -219.431
          ]
        ]
      },
      "properties": {
        "osm_id": 433277815,
        "name": null,
        "highway": "footway",
        "lanes": null,
        "width_m": 2.0,
        "surface": "asphalt",
        "maxspeed": null
      }
    },
    {
      "type": "Feature",
      "id": 433277816,
      "geometry": {
        "type": "LineString",
        "coordinates": [
          [
            -432.082,
            -225.496
          ],
          [
            -436.268,
            -226.963
          ]
        ]
      },
      "properties": {
        "osm_id": 433277816,
        "name": null,
        "highway": "footway",
        "lanes": null,
        "width_m": 2.0,
        "surface": "asphalt",
        "maxspeed": null
      }
    },
    {
      "type": "Feature",
      "id": 433277818,
      "geometry": {
        "type": "LineString",
        "coordinates": [
          [
            -417.678,
            -219.431
          ],
          [
            -424.523,
            -222.308
          ],
          [
            -432.082,
            -225.496
          ]
        ]
      },
      "properties": {
        "osm_id": 433277818,
        "name": null,
        "highway": "footway",
        "lanes": null,
        "width_m": 2.0,
        "surface": "asphalt",
        "maxspeed": null
      }
    },
    {
      "type": "Feature",
      "id": 438981299,
      "geometry": {
        "type": "LineString",
        "coordinates": [
          [
            -52.132,
            444.18
          ],
          [
            -50.511,
            444.824
          ],
          [
            -24.143,
            455.32
          ],
          [
            -20.761,
            456.864
          ]
        ]
      },
      "properties": {
        "osm_id": 438981299,
        "name": null,
        "highway": "footway",
        "lanes": null,
        "width_m": 2.0,
        "surface": null,
        "maxspeed": null
      }
    },
    {
      "type": "Feature",
      "id": 439103937,
      "geometry": {
        "type": "LineString",
        "coordinates": [
          [
            -50.511,
            444.824
          ],
          [
            -49.98,
            443.08
          ]
        ]
      },
      "properties": {
        "osm_id": 439103937,
        "name": null,
        "highway": "footway",
        "lanes": null,
        "width_m": 2.0,
        "surface": "asphalt",
        "maxspeed": null
      }
    },
    {
      "type": "Feature",
      "id": 439103938,
      "geometry": {
        "type": "LineString",
        "coordinates": [
          [
            -66.546,
            438.981
          ],
          [
            -66.413,
            438.382
          ]
        ]
      },
      "properties": {
        "osm_id": 439103938,
        "name": null,
        "highway": "footway",
        "lanes": null,
        "width_m": 2.0,
        "surface": "asphalt",
        "maxspeed": null
      }
    },
    {
      "type": "Feature",
      "id": 439103939,
      "geometry": {
        "type": "LineString",
        "coordinates": [
          [
            39.03,
            472.713
          ],
          [
            38.291,
            474.946
          ],
          [
            36.995,
            478.822
          ]
        ]
      },
      "properties": {
        "osm_id": 439103939,
        "name": null,
        "highway": "footway",
        "lanes": null,
        "width_m": 2.0,
        "surface": "asphalt",
        "maxspeed": null
      }
    },
    {
      "type": "Feature",
      "id": 439103940,
      "geometry": {
        "type": "LineString",
        "coordinates": [
          [
            -23.337,
            453.165
          ],
          [
            -24.143,
            455.32
          ]
        ]
      },
      "properties": {
        "osm_id": 439103940,
        "name": null,
        "highway": "footway",
        "lanes": null,
        "width_m": 2.0,
        "surface": null,
        "maxspeed": null
      }
    },
    {
      "type": "Feature",
      "id": 439103941,
      "geometry": {
        "type": "LineString",
        "coordinates": [
          [
            36.995,
            478.822
          ],
          [
            34.129,
            486.32
          ],
          [
            31.695,
            492.162
          ]
        ]
      },
      "properties": {
        "osm_id": 439103941,
        "name": null,
        "highway": "footway",
        "lanes": null,
        "width_m": 2.0,
        "surface": "asphalt",
        "maxspeed": null
      }
    },
    {
      "type": "Feature",
      "id": 439103943,
      "geometry": {
        "type": "LineString",
        "coordinates": [
          [
            -24.143,
            455.32
          ],
          [
            -24.4,
            456.02
          ],
          [
            -26.951,
            462.451
          ],
          [
            -29.144,
            468.671
          ]
        ]
      },
      "properties": {
        "osm_id": 439103943,
        "name": null,
        "highway": "footway",
        "lanes": null,
        "width_m": 2.0,
        "surface": "asphalt",
        "maxspeed": null
      }
    },
    {
      "type": "Feature",
      "id": 439665840,
      "geometry": {
        "type": "LineString",
        "coordinates": [
          [
            258.224,
            226.178
          ],
          [
            255.79,
            233.231
          ],
          [
            253.306,
            240.062
          ],
          [
            252.633,
            241.906
          ]
        ]
      },
      "properties": {
        "osm_id": 439665840,
        "name": null,
        "highway": "footway",
        "lanes": null,
        "width_m": 2.0,
        "surface": null,
        "maxspeed": null
      }
    },
    {
      "type": "Feature",
      "id": 439665841,
      "geometry": {
        "type": "LineString",
        "coordinates": [
          [
            248.903,
            242.45
          ],
          [
            256.622,
            271.517
          ],
          [
            260.926,
            287.589
          ]
        ]
      },
      "properties": {
        "osm_id": 439665841,
        "name": null,
        "highway": "footway",
        "lanes": null,
        "width_m": 2.0,
        "surface": null,
        "maxspeed": null
      }
    },
    {
      "type": "Feature",
      "id": 439665842,
      "geometry": {
        "type": "LineString",
        "coordinates": [
          [
            150.93,
            520.805
          ],
          [
            140.794,
            517.04
          ],
          [
            140.088,
            516.585
          ],
          [
            139.598,
            516.085
          ],
          [
            139.165,
            515.319
          ],
          [
            138.949,
            514.563
          ],
          [
            138.817,
            513.408
          ],
          [
            138.908,
            512.253
          ],
          [
            167.402,
            440.024
          ],
          [
            195.946,
            367.183
          ],
          [
            221.988,
            300.085
          ],
          [
            241.817,
            248.437
          ],
          [
            242.581,
            247.16
          ],
          [
            244.018,
            245.782
          ],
          [
            245.339,
            244.538
          ],
          [
            247.101,
            243.306
          ],
          [
            248.903,
            242.45
          ],
          [
            250.739,
            241.928
          ],
          [
            252.633,
            241.906
          ],
          [
            256.031,
            243.028
          ],
          [
            277.224,
            250.935
          ],
          [
            338.585,
            272.48
          ],
          [
            340.994,
            274.879
          ],
          [
            339.549,
            279.0
          ]
        ]
      },
      "properties": {
        "osm_id": 439665842,
        "name": null,
        "highway": "footway",
        "lanes": null,
        "width_m": 2.0,
        "surface": "asphalt",
        "maxspeed": null
      }
    },
    {
      "type": "Feature",
      "id": 440168906,
      "geometry": {
        "type": "LineString",
        "coordinates": [
          [
            -297.236,
            218.813
          ],
          [
            -277.28,
            198.11
          ],
          [
            -277.529,
            196.555
          ],
          [
            -301.836,
            172.008
          ],
          [
            -318.259,
            156.879
          ],
          [
            -324.747,
            152.458
          ],
          [
            -331.402,
            152.047
          ]
        ]
      },
      "properties": {
        "osm_id": 440168906,
        "name": null,
        "highway": "footway",
        "lanes": null,
        "width_m": 2.0,
        "surface": null,
        "maxspeed": null
      }
    },
    {
      "type": "Feature",
      "id": 440168908,
      "geometry": {
        "type": "LineString",
        "coordinates": [
          [
            -277.529,
            196.555
          ],
          [
            -273.018,
            192.157
          ],
          [
            -269.479,
            188.947
          ]
        ]
      },
      "properties": {
        "osm_id": 440168908,
        "name": null,
        "highway": "footway",
        "lanes": null,
        "width_m": 2.0,
        "surface": null,
        "maxspeed": null
      }
    },
    {
      "type": "Feature",
      "id": 440168910,
      "geometry": {
        "type": "LineString",
        "coordinates": [
          [
            -360.734,
            117.936
          ],
          [
            -356.032,
            118.792
          ],
          [
            -351.919,
            119.58
          ],
          [
            -341.295,
            128.044
          ],
          [
            -331.301,
            132.921
          ],
          [
            -325.752,
            137.12
          ],
          [
            -312.693,
            146.983
          ],
          [
            -293.312,
            164.655
          ]
        ]
      },
      "properties": {
        "osm_id": 440168910,
        "name": null,
        "highway": "footway",
        "lanes": null,
        "width_m": 2.0,
        "surface": null,
        "maxspeed": null
      }
    },
    {
      "type": "Feature",
      "id": 440168911,
      "geometry": {
        "type": "LineString",
        "coordinates": [
          [
            -287.074,
            170.875
          ],
          [
            -269.479,
            188.947
          ],
          [
            -267.444,
            190.924
          ],
          [
            -265.143,
            191.046
          ],
          [
            -259.327,
            187.881
          ]
        ]
      },
      "properties": {
        "osm_id": 440168911,
        "name": null,
        "highway": "footway",
        "lanes": null,
        "width_m": 2.0,
        "surface": null,
        "maxspeed": null
      }
    },
    {
      "type": "Feature",
      "id": 440168913,
      "geometry": {
        "type": "LineString",
        "coordinates": [
          [
            -153.56,
            358.543
          ],
          [
            -149.256,
            359.676
          ],
          [
            -139.145,
            325.633
          ],
          [
            -132.515,
            302.32
          ],
          [
            -131.593,
            299.21
          ],
          [
            -131.119,
            295.411
          ]
        ]
      },
      "properties": {
        "osm_id": 440168913,
        "name": null,
        "highway": "footway",
        "lanes": null,
        "width_m": 2.0,
        "surface": null,
        "maxspeed": null
      }
    },
    {
      "type": "Feature",
      "id": 440168915,
      "geometry": {
        "type": "LineString",
        "coordinates": [
          [
            -269.612,
            403.334
          ],
          [
            -301.854,
            409.308
          ],
          [
            -333.374,
            416.049
          ],
          [
            -352.998,
            420.491
          ],
          [
            -353.264,
            422.646
          ],
          [
            -351.378,
            433.93
          ],
          [
            -350.922,
            438.273
          ],
          [
            -350.573,
            442.949
          ],
          [
            -350.781,
            448.447
          ],
          [
            -351.105,
            454.267
          ],
          [
            -351.753,
            459.943
          ],
          [
            -352.85,
            465.663
          ],
          [
            -354.064,
            470.939
          ],
          [
            -355.792,
            476.725
          ],
          [
            -358.052,
            482.512
          ],
          [
            -359.298,
            485.011
          ],
          [
            -360.76,
            487.399
          ],
          [
            -363.17,
            490.909
          ],
          [
            -365.812,
            494.318
          ],
          [
            -368.105,
            496.984
          ],
          [
            -370.149,
            499.05
          ],
          [
            -372.533,
            501.227
          ],
          [
            -375.981,
            503.759
          ],
          [
            -379.762,
            506.391
          ],
          [
            -384.082,
            509.201
          ],
          [
            -387.372,
            510.978
          ],
          [
            -391.476,
            513.021
          ],
          [
            -395.688,
            514.954
          ],
          [
            -400.374,
            516.586
          ],
          [
            -407.012,
            518.696
          ],
          [
            -418.444,
            522.005
          ],
          [
            -467.146,
            535.208
          ],
          [
            -471.341,
            538.718
          ],
          [
            -472.654,
            541.45
          ],
          [
            -474.724,
            549.769
          ]
        ]
      },
      "properties": {
        "osm_id": 440168915,
        "name": null,
        "highway": "footway",
        "lanes": null,
        "width_m": 2.0,
        "surface": null,
        "maxspeed": null
      }
    },
    {
      "type": "Feature",
      "id": 440168916,
      "geometry": {
        "type": "LineString",
        "coordinates": [
          [
            -272.319,
            386.307
          ],
          [
            -271.007,
            394.449
          ],
          [
            -269.836,
            401.724
          ]
        ]
      },
      "properties": {
        "osm_id": 440168916,
        "name": null,
        "highway": "footway",
        "lanes": null,
        "width_m": 2.0,
        "surface": "asphalt",
        "maxspeed": null
      }
    },
    {
      "type": "Feature",
      "id": 440168920,
      "geometry": {
        "type": "LineString",
        "coordinates": [
          [
            -372.894,
            404.973
          ],
          [
            -369.737,
            404.64
          ],
          [
            -367.253,
            404.141
          ]
        ]
      },
      "properties": {
        "osm_id": 440168920,
        "name": null,
        "highway": "footway",
        "lanes": null,
        "width_m": 2.0,
        "surface": null,
        "maxspeed": null
      }
    },
    {
      "type": "Feature",
      "id": 440263432,
      "geometry": {
        "type": "LineString",
        "coordinates": [
          [
            -259.327,
            187.881
          ],
          [
            -256.594,
            190.658
          ],
          [
            -252.034,
            195.112
          ],
          [
            -254.152,
            197.445
          ],
          [
            -254.376,
            201.099
          ],
          [
            -252.707,
            204.653
          ],
          [
            -249.143,
            208.541
          ],
          [
            -221.289,
            233.621
          ],
          [
            -206.36,
            244.729
          ],
          [
            -186.082,
            256.602
          ],
          [
            -171.602,
            262.934
          ],
          [
            -149.387,
            270.032
          ],
          [
            -143.464,
            275.185
          ]
        ]
      },
      "properties": {
        "osm_id": 440263432,
        "name": null,
        "highway": "footway",
        "lanes": null,
        "width_m": 2.0,
        "surface": null,
        "maxspeed": null
      }
    },
    {
      "type": "Feature",
      "id": 440263441,
      "geometry": {
        "type": "LineString",
        "coordinates": [
          [
            494.249,
            334.27
          ],
          [
            490.818,
            333.082
          ],
          [
            487.021,
            331.771
          ]
        ]
      },
      "properties": {
        "osm_id": 440263441,
        "name": null,
        "highway": "footway",
        "lanes": null,
        "width_m": 2.0,
        "surface": null,
        "maxspeed": null
      }
    },
    {
      "type": "Feature",
      "id": 450901987,
      "geometry": {
        "type": "LineString",
        "coordinates": [
          [
            -293.312,
            164.655
          ],
          [
            -287.074,
            170.875
          ]
        ]
      },
      "properties": {
        "osm_id": 450901987,
        "name": null,
        "highway": "footway",
        "lanes": null,
        "width_m": 2.0,
        "surface": null,
        "maxspeed": null
      }
    },
    {
      "type": "Feature",
      "id": 451882682,
      "geometry": {
        "type": "LineString",
        "coordinates": [
          [
            -551.621,
            539.079
          ],
          [
            -492.326,
            524.355
          ],
          [
            -417.837,
            505.622
          ],
          [
            -412.553,
            504.234
          ],
          [
            -408.382,
            502.88
          ],
          [
            -402.649,
            500.903
          ],
          [
            -398.811,
            499.437
          ],
          [
            -395.305,
            497.96
          ],
          [
            -392.19,
            496.072
          ],
          [
            -389.406,
            494.173
          ],
          [
            -384.405,
            490.052
          ],
          [
            -380.716,
            485.088
          ],
          [
            -377.243,
            479.679
          ],
          [
            -376.071,
            477.691
          ],
          [
            -374.559,
            475.047
          ],
          [
            -373.388,
            472.382
          ],
          [
            -371.493,
            467.895
          ],
          [
            -370.729,
            465.595
          ],
          [
            -369.956,
            462.419
          ],
          [
            -369.441,
            459.709
          ],
          [
            -368.926,
            456.443
          ],
          [
            -368.551,
            450.657
          ],
          [
            -368.294,
            445.536
          ],
          [
            -368.335,
            440.649
          ],
          [
            -368.833,
            436.018
          ],
          [
            -369.165,
            432.563
          ],
          [
            -369.888,
            428.076
          ],
          [
            -370.369,
            425.099
          ],
          [
            -370.544,
            424.078
          ],
          [
            -370.835,
            423.389
          ],
          [
            -371.217,
            423.011
          ],
          [
            -371.865,
            422.622
          ],
          [
            -372.978,
            422.589
          ],
          [
            -374.316,
            422.667
          ],
          [
            -385.73,
            422.866
          ],
          [
            -398.2,
            421.755
          ],
          [
            -415.771,
            412.757
          ],
          [
            -428.09,
            399.006
          ],
          [
            -433.838,
            383.3
          ],
          [
            -436.829,
            372.215
          ]
        ]
      },
      "properties": {
        "osm_id": 451882682,
        "name": null,
        "highway": "footway",
        "lanes": null,
        "width_m": 2.0,
        "surface": null,
        "maxspeed": null
      }
    },
    {
      "type": "Feature",
      "id": 451882683,
      "geometry": {
        "type": "LineString",
        "coordinates": [
          [
            -392.038,
            4.832
          ],
          [
            -344.429,
            -2.552
          ],
          [
            -315.469,
            -6.916
          ],
          [
            -295.864,
            -9.614
          ],
          [
            -278.975,
            -9.335
          ],
          [
            -270.12,
            -8.38
          ],
          [
            -251.802,
            -4.98
          ],
          [
            -223.317,
            6.661
          ],
          [
            -180.742,
            22.401
          ],
          [
            -170.691,
            26.122
          ],
          [
            -168.448,
            28.721
          ],
          [
            -168.331,
            31.031
          ],
          [
            -172.219,
            42.382
          ],
          [
            -182.696,
            71.76
          ],
          [
            -159.419,
            79.358
          ]
        ]
      },
      "properties": {
        "osm_id": 451882683,
        "name": null,
        "highway": "footway",
        "lanes": null,
        "width_m": 2.0,
        "surface": null,
        "maxspeed": null
      }
    },
    {
      "type": "Feature",
      "id": 451882684,
      "geometry": {
        "type": "LineString",
        "coordinates": [
          [
            -158.911,
            44.926
          ],
          [
            -172.219,
            42.382
          ],
          [
            -177.794,
            44.37
          ],
          [
            -186.051,
            44.959
          ],
          [
            -204.635,
            45.136
          ],
          [
            -220.734,
            46.391
          ],
          [
            -227.314,
            44.913
          ],
          [
            -232.414,
            40.881
          ],
          [
            -234.117,
            32.44
          ],
          [
            -238.511,
            23.621
          ],
          [
            -249.618,
            15.09
          ],
          [
            -263.524,
            9.836
          ],
          [
            -281.8,
            4.959
          ],
          [
            -296.953,
            4.07
          ],
          [
            -307.229,
            6.024
          ],
          [
            -317.912,
            4.669
          ],
          [
            -326.336,
            6.934
          ],
          [
            -334.826,
            10.277
          ],
          [
            -345.526,
            12.942
          ],
          [
            -359.341,
            11.609
          ],
          [
            -370.929,
            9.831
          ],
          [
            -382.959,
            12.052
          ],
          [
            -394.987,
            12.051
          ],
          [
            -404.765,
            11.562
          ],
          [
            -414.485,
            9.096
          ],
          [
            -415.947,
            7.829
          ]
        ]
      },
      "properties": {
        "osm_id": 451882684,
        "name": null,
        "highway": "footway",
        "lanes": null,
        "width_m": 2.0,
        "surface": null,
        "maxspeed": null
      }
    },
    {
      "type": "Feature",
      "id": 451882691,
      "geometry": {
        "type": "LineString",
        "coordinates": [
          [
            -527.796,
            -99.538
          ],
          [
            -515.476,
            -107.223
          ],
          [
            -494.782,
            -121.294
          ],
          [
            -477.369,
            -138.32
          ],
          [
            -466.851,
            -153.203
          ],
          [
            -457.987,
            -170.218
          ],
          [
            -455.145,
            -177.238
          ],
          [
            -447.003,
            -199.04
          ]
        ]
      },
      "properties": {
        "osm_id": 451882691,
        "name": null,
        "highway": "footway",
        "lanes": null,
        "width_m": 2.0,
        "surface": "asphalt",
        "maxspeed": null
      }
    },
    {
      "type": "Feature",
      "id": 451882692,
      "geometry": {
        "type": "LineString",
        "coordinates": [
          [
            -440.473,
            -215.223
          ],
          [
            -436.268,
            -226.963
          ],
          [
            -419.452,
            -272.289
          ],
          [
            -418.331,
            -277.565
          ],
          [
            -417.658,
            -281.619
          ],
          [
            -416.735,
            -293.97
          ],
          [
            -417.389,
            -323.259
          ],
          [
            -417.248,
            -325.769
          ],
          [
            -416.882,
            -328.957
          ],
          [
            -415.254,
            -335.865
          ],
          [
            -411.897,
            -344.251
          ]
        ]
      },
      "properties": {
        "osm_id": 451882692,
        "name": null,
        "highway": "footway",
        "lanes": null,
        "width_m": 2.0,
        "surface": null,
        "maxspeed": null
      }
    },
    {
      "type": "Feature",
      "id": 451882693,
      "geometry": {
        "type": "LineString",
        "coordinates": [
          [
            -381.659,
            -364.364
          ],
          [
            -377.622,
            -362.887
          ],
          [
            -294.123,
            -330.984
          ]
        ]
      },
      "properties": {
        "osm_id": 451882693,
        "name": null,
        "highway": "footway",
        "lanes": null,
        "width_m": 2.0,
        "surface": null,
        "maxspeed": null
      }
    },
    {
      "type": "Feature",
      "id": 455302269,
      "geometry": {
        "type": "LineString",
        "coordinates": [
          [
            339.549,
            279.0
          ],
          [
            336.317,
            280.177
          ],
          [
            325.194,
            283.421
          ],
          [
            321.33,
            282.721
          ],
          [
            318.223,
            280.933
          ],
          [
            314.452,
            278.357
          ],
          [
            311.403,
            275.724
          ],
          [
            308.628,
            274.38
          ],
          [
            302.58,
            273.326
          ],
          [
            293.749,
            268.483
          ],
          [
            290.143,
            267.251
          ],
          [
            285.69,
            266.173
          ],
          [
            280.249,
            265.229
          ],
          [
            274.143,
            265.041
          ],
          [
            271.958,
            265.541
          ],
          [
            267.048,
            266.574
          ],
          [
            261.964,
            268.529
          ],
          [
            256.622,
            271.517
          ],
          [
            253.166,
            273.683
          ],
          [
            249.569,
            276.771
          ],
          [
            247.417,
            279.403
          ],
          [
            245.266,
            282.147
          ],
          [
            244.012,
            284.779
          ],
          [
            236.618,
            305.238
          ],
          [
            218.833,
            348.723
          ],
          [
            216.241,
            353.821
          ],
          [
            212.536,
            359.486
          ],
          [
            204.902,
            365.417
          ],
          [
            198.737,
            367.639
          ],
          [
            195.946,
            367.183
          ]
        ]
      },
      "properties": {
        "osm_id": 455302269,
        "name": null,
        "highway": "footway",
        "lanes": null,
        "width_m": 2.0,
        "surface": null,
        "maxspeed": null
      }
    },
    {
      "type": "Feature",
      "id": 455302270,
      "geometry": {
        "type": "LineString",
        "coordinates": [
          [
            339.549,
            279.0
          ],
          [
            334.739,
            289.129
          ],
          [
            334.041,
            290.24
          ],
          [
            332.579,
            291.673
          ],
          [
            330.91,
            292.984
          ],
          [
            329.672,
            293.639
          ],
          [
            327.927,
            294.039
          ],
          [
            326.664,
            294.139
          ],
          [
            325.759,
            294.095
          ],
          [
            323.657,
            293.684
          ],
          [
            321.547,
            293.195
          ],
          [
            280.349,
            281.357
          ],
          [
            278.92,
            281.035
          ],
          [
            277.35,
            280.79
          ],
          [
            275.007,
            280.724
          ]
        ]
      },
      "properties": {
        "osm_id": 455302270,
        "name": null,
        "highway": "footway",
        "lanes": null,
        "width_m": 2.0,
        "surface": null,
        "maxspeed": null
      }
    },
    {
      "type": "Feature",
      "id": 455302271,
      "geometry": {
        "type": "LineString",
        "coordinates": [
          [
            275.007,
            280.724
          ],
          [
            274.143,
            265.041
          ],
          [
            273.569,
            254.978
          ],
          [
            275.28,
            252.712
          ],
          [
            277.224,
            250.935
          ]
        ]
      },
      "properties": {
        "osm_id": 455302271,
        "name": null,
        "highway": "footway",
        "lanes": null,
        "width_m": 2.0,
        "surface": null,
        "maxspeed": null
      }
    },
    {
      "type": "Feature",
      "id": 455302272,
      "geometry": {
        "type": "LineString",
        "coordinates": [
          [
            275.007,
            280.724
          ],
          [
            273.063,
            280.702
          ],
          [
            270.679,
            281.202
          ],
          [
            267.971,
            282.235
          ],
          [
            266.143,
            283.19
          ],
          [
            264.747,
            284.034
          ],
          [
            263.443,
            284.989
          ],
          [
            262.139,
            286.245
          ],
          [
            260.926,
            287.589
          ],
          [
            259.298,
            289.866
          ]
        ]
      },
      "properties": {
        "osm_id": 455302272,
        "name": null,
        "highway": "footway",
        "lanes": null,
        "width_m": 2.0,
        "surface": null,
        "maxspeed": null
      }
    },
    {
      "type": "Feature",
      "id": 455302273,
      "geometry": {
        "type": "LineString",
        "coordinates": [
          [
            483.557,
            342.234
          ],
          [
            485.949,
            331.438
          ],
          [
            483.665,
            330.15
          ],
          [
            434.308,
            311.638
          ]
        ]
      },
      "properties": {
        "osm_id": 455302273,
        "name": null,
        "highway": "footway",
        "lanes": null,
        "width_m": 2.0,
        "surface": null,
        "maxspeed": null
      }
    },
    {
      "type": "Feature",
      "id": 455302274,
      "geometry": {
        "type": "LineString",
        "coordinates": [
          [
            415.058,
            303.642
          ],
          [
            414.776,
            304.93
          ],
          [
            417.136,
            317.07
          ],
          [
            416.481,
            339.64
          ],
          [
            440.69,
            351.301
          ],
          [
            443.482,
            356.665
          ]
        ]
      },
      "properties": {
        "osm_id": 455302274,
        "name": null,
        "highway": "steps",
        "lanes": null,
        "width_m": 2.0,
        "surface": null,
        "maxspeed": null
      }
    },
    {
      "type": "Feature",
      "id": 455302275,
      "geometry": {
        "type": "LineString",
        "coordinates": [
          [
            415.058,
            303.642
          ],
          [
            396.64,
            296.812
          ]
        ]
      },
      "properties": {
        "osm_id": 455302275,
        "name": null,
        "highway": "footway",
        "lanes": null,
        "width_m": 2.0,
        "surface": null,
        "maxspeed": null
      }
    },
    {
      "type": "Feature",
      "id": 455302276,
      "geometry": {
        "type": "LineString",
        "coordinates": [
          [
            434.308,
            311.638
          ],
          [
            415.058,
            303.642
          ]
        ]
      },
      "properties": {
        "osm_id": 455302276,
        "name": null,
        "highway": "footway",
        "lanes": null,
        "width_m": 2.0,
        "surface": null,
        "maxspeed": null
      }
    },
    {
      "type": "Feature",
      "id": 475648052,
      "geometry": {
        "type": "LineString",
        "coordinates": [
          [
            -345.526,
            12.942
          ],
          [
            -348.417,
            17.996
          ],
          [
            -348.417,
            24.138
          ],
          [
            -345.66,
            32.391
          ],
          [
            -343.791,
            34.679
          ]
        ]
      },
      "properties": {
        "osm_id": 475648052,
        "name": null,
        "highway": "steps",
        "lanes": null,
        "width_m": 2.0,
        "surface": null,
        "maxspeed": null
      }
    },
    {
      "type": "Feature",
      "id": 475648053,
      "geometry": {
        "type": "LineString",
        "coordinates": [
          [
            -156.727,
            71.261
          ],
          [
            -159.419,
            79.358
          ]
        ]
      },
      "properties": {
        "osm_id": 475648053,
        "name": null,
        "highway": "footway",
        "lanes": null,
        "width_m": 2.0,
        "surface": null,
        "maxspeed": null
      }
    },
    {
      "type": "Feature",
      "id": 530400896,
      "geometry": {
        "type": "LineString",
        "coordinates": [
          [
            22.778,
            -109.215
          ],
          [
            18.874,
            -63.354
          ],
          [
            31.667,
            -57.579
          ],
          [
            38.263,
            -54.824
          ]
        ]
      },
      "properties": {
        "osm_id": 530400896,
        "name": "Passeggiata del Giappone",
        "highway": "footway",
        "lanes": null,
        "width_m": 2.0,
        "surface": "asphalt",
        "maxspeed": null
      }
    },
    {
      "type": "Feature",
      "id": 530400898,
      "geometry": {
        "type": "LineString",
        "coordinates": [
          [
            83.678,
            -151.689
          ],
          [
            86.602,
            -159.219
          ],
          [
            37.423,
            -178.501
          ],
          [
            -56.297,
            -215.576
          ],
          [
            -54.876,
            -219.175
          ]
        ]
      },
      "properties": {
        "osm_id": 530400898,
        "name": null,
        "highway": "footway",
        "lanes": null,
        "width_m": 2.0,
        "surface": "paving_stones",
        "maxspeed": null
      }
    },
    {
      "type": "Feature",
      "id": 530665874,
      "geometry": {
        "type": "LineString",
        "coordinates": [
          [
            48.065,
            -75.928
          ],
          [
            50.109,
            -78.993
          ],
          [
            52.111,
            -82.536
          ],
          [
            55.068,
            -89.534
          ],
          [
            57.411,
            -97.409
          ],
          [
            57.909,
            -103.406
          ],
          [
            57.236,
            -111.226
          ]
        ]
      },
      "properties": {
        "osm_id": 530665874,
        "name": null,
        "highway": "footway",
        "lanes": null,
        "width_m": 2.0,
        "surface": "asphalt",
        "maxspeed": null
      }
    },
    {
      "type": "Feature",
      "id": 574541240,
      "geometry": {
        "type": "LineString",
        "coordinates": [
          [
            122.318,
            90.499
          ],
          [
            121.678,
            92.631
          ],
          [
            106.709,
            142.546
          ]
        ]
      },
      "properties": {
        "osm_id": 574541240,
        "name": null,
        "highway": "footway",
        "lanes": null,
        "width_m": 2.0,
        "surface": "paved",
        "maxspeed": null
      }
    },
    {
      "type": "Feature",
      "id": 587931721,
      "geometry": {
        "type": "LineString",
        "coordinates": [
          [
            61.115,
            -146.968
          ],
          [
            63.317,
            -146.113
          ]
        ]
      },
      "properties": {
        "osm_id": 587931721,
        "name": null,
        "highway": "footway",
        "lanes": null,
        "width_m": 2.0,
        "surface": "asphalt",
        "maxspeed": null
      }
    },
    {
      "type": "Feature",
      "id": 587931724,
      "geometry": {
        "type": "LineString",
        "coordinates": [
          [
            269.002,
            -123.093
          ],
          [
            273.438,
            -121.36
          ],
          [
            276.213,
            -120.261
          ]
        ]
      },
      "properties": {
        "osm_id": 587931724,
        "name": null,
        "highway": "footway",
        "lanes": null,
        "width_m": 2.0,
        "surface": "sett",
        "maxspeed": null
      }
    },
    {
      "type": "Feature",
      "id": 588205785,
      "geometry": {
        "type": "LineString",
        "coordinates": [
          [
            228.201,
            -259.885
          ],
          [
            189.111,
            -162.942
          ],
          [
            164.854,
            -172.649
          ],
          [
            156.265,
            -176.037
          ],
          [
            125.354,
            -188.009
          ],
          [
            121.358,
            -189.542
          ],
          [
            113.956,
            -192.43
          ],
          [
            107.277,
            -195.04
          ],
          [
            101.039,
            -197.328
          ],
          [
            93.454,
            -200.193
          ],
          [
            89.857,
            -201.604
          ],
          [
            53.73,
            -215.587
          ],
          [
            50.914,
            -216.62
          ],
          [
            46.877,
            -218.031
          ],
          [
            43.006,
            -219.252
          ],
          [
            40.214,
            -220.307
          ],
          [
            -26.682,
            -247.22
          ],
          [
            -10.342,
            -291.459
          ],
          [
            -7.526,
            -299.789
          ],
          [
            -1.429,
            -316.094
          ],
          [
            1.097,
            -323.136
          ],
          [
            9.952,
            -345.106
          ],
          [
            26.632,
            -338.808
          ],
          [
            149.882,
            -290.55
          ],
          [
            228.201,
            -259.885
          ]
        ]
      },
      "properties": {
        "osm_id": 588205785,
        "name": null,
        "highway": "footway",
        "lanes": null,
        "width_m": 2.0,
        "surface": "sett",
        "maxspeed": null
      }
    },
    {
      "type": "Feature",
      "id": 588205789,
      "geometry": {
        "type": "LineString",
        "coordinates": [
          [
            48.488,
            -221.907
          ],
          [
            46.877,
            -218.031
          ],
          [
            44.958,
            -213.021
          ]
        ]
      },
      "properties": {
        "osm_id": 588205789,
        "name": null,
        "highway": "footway",
        "lanes": null,
        "width_m": 2.0,
        "surface": "sett",
        "maxspeed": null
      }
    },
    {
      "type": "Feature",
      "id": 588485337,
      "geometry": {
        "type": "LineString",
        "coordinates": [
          [
            53.115,
            -213.921
          ],
          [
            53.73,
            -215.587
          ]
        ]
      },
      "properties": {
        "osm_id": 588485337,
        "name": null,
        "highway": "footway",
        "lanes": null,
        "width_m": 2.0,
        "surface": "sett",
        "maxspeed": null
      }
    },
    {
      "type": "Feature",
      "id": 588485338,
      "geometry": {
        "type": "LineString",
        "coordinates": [
          [
            50.798,
            -207.757
          ],
          [
            51.786,
            -210.511
          ],
          [
            53.115,
            -213.921
          ]
        ]
      },
      "properties": {
        "osm_id": 588485338,
        "name": null,
        "highway": "footway",
        "lanes": null,
        "width_m": 2.0,
        "surface": "asphalt",
        "maxspeed": null
      }
    },
    {
      "type": "Feature",
      "id": 588485339,
      "geometry": {
        "type": "LineString",
        "coordinates": [
          [
            45.996,
            -199.937
          ],
          [
            46.52,
            -201.337
          ],
          [
            47.857,
            -204.713
          ],
          [
            50.798,
            -207.757
          ]
        ]
      },
      "properties": {
        "osm_id": 588485339,
        "name": null,
        "highway": "footway",
        "lanes": null,
        "width_m": 2.0,
        "surface": "sett",
        "maxspeed": null
      }
    },
    {
      "type": "Feature",
      "id": 588485341,
      "geometry": {
        "type": "LineString",
        "coordinates": [
          [
            39.409,
            -218.608
          ],
          [
            38.021,
            -215.742
          ],
          [
            36.991,
            -213.488
          ]
        ]
      },
      "properties": {
        "osm_id": 588485341,
        "name": null,
        "highway": "footway",
        "lanes": null,
        "width_m": 2.0,
        "surface": "asphalt",
        "maxspeed": null
      }
    },
    {
      "type": "Feature",
      "id": 588485342,
      "geometry": {
        "type": "LineString",
        "coordinates": [
          [
            40.214,
            -220.307
          ],
          [
            39.409,
            -218.608
          ]
        ]
      },
      "properties": {
        "osm_id": 588485342,
        "name": null,
        "highway": "footway",
        "lanes": null,
        "width_m": 2.0,
        "surface": "asphalt",
        "maxspeed": null
      }
    },
    {
      "type": "Feature",
      "id": 588485343,
      "geometry": {
        "type": "LineString",
        "coordinates": [
          [
            37.274,
            -205.091
          ],
          [
            41.037,
            -203.569
          ],
          [
            44.601,
            -202.059
          ]
        ]
      },
      "properties": {
        "osm_id": 588485343,
        "name": null,
        "highway": "footway",
        "lanes": null,
        "width_m": 2.0,
        "surface": "asphalt",
        "maxspeed": null
      }
    },
    {
      "type": "Feature",
      "id": 588485344,
      "geometry": {
        "type": "LineString",
        "coordinates": [
          [
            33.835,
            -206.257
          ],
          [
            37.274,
            -205.091
          ]
        ]
      },
      "properties": {
        "osm_id": 588485344,
        "name": null,
        "highway": "footway",
        "lanes": null,
        "width_m": 2.0,
        "surface": "sett",
        "maxspeed": null
      }
    },
    {
      "type": "Feature",
      "id": 588485345,
      "geometry": {
        "type": "LineString",
        "coordinates": [
          [
            77.148,
            -192.751
          ],
          [
            74.489,
            -193.773
          ]
        ]
      },
      "properties": {
        "osm_id": 588485345,
        "name": null,
        "highway": "footway",
        "lanes": null,
        "width_m": 2.0,
        "surface": "sett",
        "maxspeed": null
      }
    },
    {
      "type": "Feature",
      "id": 588485346,
      "geometry": {
        "type": "LineString",
        "coordinates": [
          [
            88.013,
            -188.475
          ],
          [
            77.148,
            -192.751
          ]
        ]
      },
      "properties": {
        "osm_id": 588485346,
        "name": null,
        "highway": "steps",
        "lanes": null,
        "width_m": 2.0,
        "surface": "sett",
        "maxspeed": null
      }
    },
    {
      "type": "Feature",
      "id": 588485347,
      "geometry": {
        "type": "LineString",
        "coordinates": [
          [
            72.006,
            -189.763
          ],
          [
            93.529,
            -181.145
          ]
        ]
      },
      "properties": {
        "osm_id": 588485347,
        "name": null,
        "highway": "footway",
        "lanes": null,
        "width_m": 2.0,
        "surface": "sett",
        "maxspeed": null
      }
    },
    {
      "type": "Feature",
      "id": 588485348,
      "geometry": {
        "type": "LineString",
        "coordinates": [
          [
            45.996,
            -199.937
          ],
          [
            72.006,
            -189.763
          ],
          [
            72.944,
            -192.285
          ],
          [
            73.75,
            -191.918
          ],
          [
            74.489,
            -193.773
          ],
          [
            75.569,
            -196.694
          ],
          [
            96.312,
            -188.453
          ],
          [
            93.529,
            -181.145
          ]
        ]
      },
      "properties": {
        "osm_id": 588485348,
        "name": null,
        "highway": "footway",
        "lanes": null,
        "width_m": 2.0,
        "surface": "sett",
        "maxspeed": null
      }
    },
    {
      "type": "Feature",
      "id": 588485349,
      "geometry": {
        "type": "LineString",
        "coordinates": [
          [
            36.991,
            -213.488
          ],
          [
            33.835,
            -206.257
          ],
          [
            -32.09,
            -232.025
          ],
          [
            -29.548,
            -239.078
          ]
        ]
      },
      "properties": {
        "osm_id": 588485349,
        "name": null,
        "highway": "footway",
        "lanes": null,
        "width_m": 2.0,
        "surface": "sett",
        "maxspeed": null
      }
    },
    {
      "type": "Feature",
      "id": 588788188,
      "geometry": {
        "type": "LineString",
        "coordinates": [
          [
            21.465,
            -473.158
          ],
          [
            29.746,
            -469.726
          ],
          [
            28.716,
            -467.283
          ]
        ]
      },
      "properties": {
        "osm_id": 588788188,
        "name": null,
        "highway": "footway",
        "lanes": null,
        "width_m": 2.0,
        "surface": "asphalt",
        "maxspeed": null
      }
    },
    {
      "type": "Feature",
      "id": 588788189,
      "geometry": {
        "type": "LineString",
        "coordinates": [
          [
            28.716,
            -467.283
          ],
          [
            26.773,
            -462.94
          ],
          [
            24.821,
            -457.964
          ]
        ]
      },
      "properties": {
        "osm_id": 588788189,
        "name": null,
        "highway": "footway",
        "lanes": null,
        "width_m": 2.0,
        "surface": "asphalt",
        "maxspeed": null
      }
    },
    {
      "type": "Feature",
      "id": 588788190,
      "geometry": {
        "type": "LineString",
        "coordinates": [
          [
            45.687,
            -535.069
          ],
          [
            35.237,
            -508.756
          ],
          [
            26.067,
            -485.731
          ],
          [
            21.116,
            -473.303
          ],
          [
            21.465,
            -473.158
          ]
        ]
      },
      "properties": {
        "osm_id": 588788190,
        "name": null,
        "highway": "footway",
        "lanes": null,
        "width_m": 2.0,
        "surface": "sett",
        "maxspeed": null
      }
    },
    {
      "type": "Feature",
      "id": 588788191,
      "geometry": {
        "type": "LineString",
        "coordinates": [
          [
            -15.908,
            -355.18
          ],
          [
            -11.929,
            -353.558
          ],
          [
            -46.087,
            -268.667
          ]
        ]
      },
      "properties": {
        "osm_id": 588788191,
        "name": null,
        "highway": "footway",
        "lanes": null,
        "width_m": 2.0,
        "surface": "sett",
        "maxspeed": null
      }
    },
    {
      "type": "Feature",
      "id": 588788192,
      "geometry": {
        "type": "LineString",
        "coordinates": [
          [
            -4.162,
            -384.48
          ],
          [
            -9.927,
            -370.085
          ],
          [
            -14.603,
            -358.401
          ]
        ]
      },
      "properties": {
        "osm_id": 588788192,
        "name": null,
        "highway": "footway",
        "lanes": null,
        "width_m": 2.0,
        "surface": "asphalt",
        "maxspeed": null
      }
    },
    {
      "type": "Feature",
      "id": 588788193,
      "geometry": {
        "type": "LineString",
        "coordinates": [
          [
            24.821,
            -457.964
          ],
          [
            24.43,
            -456.964
          ],
          [
            26.881,
            -456.02
          ],
          [
            25.668,
            -452.233
          ],
          [
            13.125,
            -421.433
          ],
          [
            0.0,
            -387.756
          ],
          [
            -1.047,
            -385.479
          ],
          [
            -3.389,
            -386.412
          ]
        ]
      },
      "properties": {
        "osm_id": 588788193,
        "name": null,
        "highway": "footway",
        "lanes": null,
        "width_m": 2.0,
        "surface": "sett",
        "maxspeed": null
      }
    },
    {
      "type": "Feature",
      "id": 588788196,
      "geometry": {
        "type": "LineString",
        "coordinates": [
          [
            58.678,
            -543.766
          ],
          [
            57.034,
            -544.41
          ],
          [
            4.319,
            -565.124
          ],
          [
            -3.456,
            -545.076
          ],
          [
            -25.086,
            -489.319
          ],
          [
            28.716,
            -467.283
          ]
        ]
      },
      "properties": {
        "osm_id": 588788196,
        "name": null,
        "highway": "footway",
        "lanes": null,
        "width_m": 2.0,
        "surface": "sett",
        "maxspeed": null
      }
    },
    {
      "type": "Feature",
      "id": 589349848,
      "geometry": {
        "type": "LineString",
        "coordinates": [
          [
            -3.389,
            -386.412
          ],
          [
            -109.06,
            -427.443
          ]
        ]
      },
      "properties": {
        "osm_id": 589349848,
        "name": null,
        "highway": "footway",
        "lanes": null,
        "width_m": 2.0,
        "surface": "sett",
        "maxspeed": null
      }
    },
    {
      "type": "Feature",
      "id": 589349849,
      "geometry": {
        "type": "LineString",
        "coordinates": [
          [
            24.43,
            -456.964
          ],
          [
            -19.263,
            -473.913
          ],
          [
            -49.375,
            -485.598
          ],
          [
            -36.898,
            -519.341
          ],
          [
            -68.704,
            -531.548
          ],
          [
            -109.06,
            -427.443
          ]
        ]
      },
      "properties": {
        "osm_id": 589349849,
        "name": null,
        "highway": "footway",
        "lanes": null,
        "width_m": 2.0,
        "surface": "paved",
        "maxspeed": null
      }
    },
    {
      "type": "Feature",
      "id": 590600529,
      "geometry": {
        "type": "LineString",
        "coordinates": [
          [
            38.911,
            -86.69
          ],
          [
            28.676,
            -69.041
          ],
          [
            33.154,
            -60.533
          ],
          [
            31.667,
            -57.579
          ]
        ]
      },
      "properties": {
        "osm_id": 590600529,
        "name": null,
        "highway": "footway",
        "lanes": null,
        "width_m": 2.0,
        "surface": "asphalt",
        "maxspeed": null
      }
    },
    {
      "type": "Feature",
      "id": 590600530,
      "geometry": {
        "type": "LineString",
        "coordinates": [
          [
            76.666,
            -140.893
          ],
          [
            79.059,
            -139.96
          ],
          [
            80.114,
            -142.648
          ]
        ]
      },
      "properties": {
        "osm_id": 590600530,
        "name": null,
        "highway": "footway",
        "lanes": null,
        "width_m": 2.0,
        "surface": "paving_stones",
        "maxspeed": null
      }
    },
    {
      "type": "Feature",
      "id": 590600531,
      "geometry": {
        "type": "LineString",
        "coordinates": [
          [
            63.317,
            -146.113
          ],
          [
            76.666,
            -140.893
          ]
        ]
      },
      "properties": {
        "osm_id": 590600531,
        "name": null,
        "highway": "steps",
        "lanes": null,
        "width_m": 2.0,
        "surface": "paving_stones",
        "maxspeed": null
      }
    },
    {
      "type": "Feature",
      "id": 590600532,
      "geometry": {
        "type": "LineString",
        "coordinates": [
          [
            100.3,
            -157.82
          ],
          [
            105.583,
            -155.721
          ],
          [
            130.081,
            -146.225
          ]
        ]
      },
      "properties": {
        "osm_id": 590600532,
        "name": null,
        "highway": "footway",
        "lanes": null,
        "width_m": 2.0,
        "surface": "paving_stones",
        "maxspeed": null
      }
    },
    {
      "type": "Feature",
      "id": 590600533,
      "geometry": {
        "type": "LineString",
        "coordinates": [
          [
            106.339,
            -172.726
          ],
          [
            103.972,
            -166.917
          ],
          [
            102.576,
            -163.496
          ]
        ]
      },
      "properties": {
        "osm_id": 590600533,
        "name": null,
        "highway": "footway",
        "lanes": null,
        "width_m": 2.0,
        "surface": null,
        "maxspeed": null
      }
    },
    {
      "type": "Feature",
      "id": 590600534,
      "geometry": {
        "type": "LineString",
        "coordinates": [
          [
            117.504,
            -171.004
          ],
          [
            114.463,
            -172.204
          ],
          [
            114.679,
            -172.77
          ],
          [
            112.137,
            -173.803
          ],
          [
            108.208,
            -175.38
          ],
          [
            106.339,
            -172.726
          ]
        ]
      },
      "properties": {
        "osm_id": 590600534,
        "name": null,
        "highway": "footway",
        "lanes": null,
        "width_m": 2.0,
        "surface": "sett",
        "maxspeed": null
      }
    },
    {
      "type": "Feature",
      "id": 590600535,
      "geometry": {
        "type": "LineString",
        "coordinates": [
          [
            96.271,
            -181.178
          ],
          [
            101.097,
            -179.179
          ],
          [
            105.749,
            -177.246
          ]
        ]
      },
      "properties": {
        "osm_id": 590600535,
        "name": null,
        "highway": "footway",
        "lanes": null,
        "width_m": 2.0,
        "surface": null,
        "maxspeed": null
      }
    },
    {
      "type": "Feature",
      "id": 590600536,
      "geometry": {
        "type": "LineString",
        "coordinates": [
          [
            123.975,
            -174.237
          ],
          [
            121.333,
            -175.269
          ]
        ]
      },
      "properties": {
        "osm_id": 590600536,
        "name": null,
        "highway": "footway",
        "lanes": null,
        "width_m": 2.0,
        "surface": "sett",
        "maxspeed": null
      }
    },
    {
      "type": "Feature",
      "id": 590600537,
      "geometry": {
        "type": "LineString",
        "coordinates": [
          [
            121.333,
            -175.269
          ],
          [
            111.165,
            -179.29
          ]
        ]
      },
      "properties": {
        "osm_id": 590600537,
        "name": null,
        "highway": "steps",
        "lanes": null,
        "width_m": 2.0,
        "surface": null,
        "maxspeed": null
      }
    },
    {
      "type": "Feature",
      "id": 590600538,
      "geometry": {
        "type": "LineString",
        "coordinates": [
          [
            114.679,
            -172.77
          ],
          [
            114.937,
            -173.414
          ],
          [
            122.463,
            -170.471
          ],
          [
            123.975,
            -174.237
          ],
          [
            124.797,
            -176.336
          ]
        ]
      },
      "properties": {
        "osm_id": 590600538,
        "name": null,
        "highway": "footway",
        "lanes": null,
        "width_m": 2.0,
        "surface": "sett",
        "maxspeed": null
      }
    },
    {
      "type": "Feature",
      "id": 590600539,
      "geometry": {
        "type": "LineString",
        "coordinates": [
          [
            130.081,
            -146.225
          ],
          [
            134.949,
            -144.337
          ],
          [
            136.087,
            -143.748
          ],
          [
            136.727,
            -143.193
          ],
          [
            137.009,
            -142.526
          ],
          [
            137.234,
            -141.482
          ],
          [
            137.009,
            -140.172
          ],
          [
            135.398,
            -135.207
          ],
          [
            134.667,
            -133.596
          ],
          [
            133.379,
            -131.93
          ],
          [
            131.934,
            -130.764
          ],
          [
            129.483,
            -129.82
          ],
          [
            114.672,
            -125.61
          ],
          [
            104.977,
            -122.778
          ],
          [
            101.023,
            -121.778
          ],
          [
            97.509,
            -121.167
          ],
          [
            94.062,
            -121.222
          ],
          [
            90.108,
            -121.889
          ],
          [
            84.758,
            -123.333
          ],
          [
            56.464,
            -134.373
          ],
          [
            61.115,
            -146.968
          ]
        ]
      },
      "properties": {
        "osm_id": 590600539,
        "name": null,
        "highway": "footway",
        "lanes": null,
        "width_m": 2.0,
        "surface": "sett",
        "maxspeed": null
      }
    },
    {
      "type": "Feature",
      "id": 590600540,
      "geometry": {
        "type": "LineString",
        "coordinates": [
          [
            102.576,
            -163.496
          ],
          [
            100.3,
            -157.82
          ],
          [
            98.971,
            -154.366
          ],
          [
            86.602,
            -159.219
          ]
        ]
      },
      "properties": {
        "osm_id": 590600540,
        "name": null,
        "highway": "footway",
        "lanes": null,
        "width_m": 2.0,
        "surface": "paving_stones",
        "maxspeed": null
      }
    },
    {
      "type": "Feature",
      "id": 590600541,
      "geometry": {
        "type": "LineString",
        "coordinates": [
          [
            105.749,
            -177.246
          ],
          [
            108.208,
            -175.38
          ],
          [
            110.717,
            -181.989
          ],
          [
            124.797,
            -176.336
          ],
          [
            129.732,
            -174.381
          ]
        ]
      },
      "properties": {
        "osm_id": 590600541,
        "name": null,
        "highway": "footway",
        "lanes": null,
        "width_m": 2.0,
        "surface": "sett",
        "maxspeed": null
      }
    },
    {
      "type": "Feature",
      "id": 590870306,
      "geometry": {
        "type": "LineString",
        "coordinates": [
          [
            25.17,
            -335.32
          ],
          [
            26.632,
            -338.808
          ]
        ]
      },
      "properties": {
        "osm_id": 590870306,
        "name": null,
        "highway": "footway",
        "lanes": null,
        "width_m": 2.0,
        "surface": null,
        "maxspeed": null
      }
    },
    {
      "type": "Feature",
      "id": 590870315,
      "geometry": {
        "type": "LineString",
        "coordinates": [
          [
            17.411,
            -489.463
          ],
          [
            25.635,
            -485.92
          ],
          [
            26.067,
            -485.731
          ]
        ]
      },
      "properties": {
        "osm_id": 590870315,
        "name": null,
        "highway": "steps",
        "lanes": null,
        "width_m": 2.0,
        "surface": "paving_stones",
        "maxspeed": null
      }
    },
    {
      "type": "Feature",
      "id": 590870319,
      "geometry": {
        "type": "LineString",
        "coordinates": [
          [
            24.663,
            -334.132
          ],
          [
            25.17,
            -335.32
          ]
        ]
      },
      "properties": {
        "osm_id": 590870319,
        "name": null,
        "highway": "steps",
        "lanes": null,
        "width_m": 2.0,
        "surface": null,
        "maxspeed": null
      }
    },
    {
      "type": "Feature",
      "id": 591668080,
      "geometry": {
        "type": "LineString",
        "coordinates": [
          [
            29.913,
            -450.511
          ],
          [
            36.874,
            -447.679
          ],
          [
            45.521,
            -444.425
          ]
        ]
      },
      "properties": {
        "osm_id": 591668080,
        "name": null,
        "highway": "footway",
        "lanes": null,
        "width_m": 2.0,
        "surface": "asphalt",
        "maxspeed": null
      }
    },
    {
      "type": "Feature",
      "id": 591668081,
      "geometry": {
        "type": "LineString",
        "coordinates": [
          [
            7.435,
            -346.116
          ],
          [
            -1.678,
            -349.504
          ],
          [
            -7.792,
            -351.914
          ]
        ]
      },
      "properties": {
        "osm_id": 591668081,
        "name": null,
        "highway": "footway",
        "lanes": null,
        "width_m": 2.0,
        "surface": "asphalt",
        "maxspeed": null
      }
    },
    {
      "type": "Feature",
      "id": 591668082,
      "geometry": {
        "type": "LineString",
        "coordinates": [
          [
            2.235,
            -386.923
          ],
          [
            11.439,
            -383.636
          ],
          [
            20.327,
            -380.448
          ]
        ]
      },
      "properties": {
        "osm_id": 591668082,
        "name": null,
        "highway": "footway",
        "lanes": null,
        "width_m": 2.0,
        "surface": "asphalt",
        "maxspeed": null
      }
    },
    {
      "type": "Feature",
      "id": 614225847,
      "geometry": {
        "type": "LineString",
        "coordinates": [
          [
            296.14,
            37.291
          ],
          [
            296.198,
            24.085
          ]
        ]
      },
      "properties": {
        "osm_id": 614225847,
        "name": null,
        "highway": "steps",
        "lanes": null,
        "width_m": 2.0,
        "surface": "paved",
        "maxspeed": null
      }
    },
    {
      "type": "Feature",
      "id": 734866524,
      "geometry": {
        "type": "LineString",
        "coordinates": [
          [
            -438.561,
            -373.509
          ],
          [
            -437.198,
            -376.918
          ]
        ]
      },
      "properties": {
        "osm_id": 734866524,
        "name": null,
        "highway": "footway",
        "lanes": null,
        "width_m": 2.0,
        "surface": null,
        "maxspeed": null
      }
    },
    {
      "type": "Feature",
      "id": 734866525,
      "geometry": {
        "type": "LineString",
        "coordinates": [
          [
            -435.952,
            -380.461
          ],
          [
            -467.035,
            -392.414
          ]
        ]
      },
      "properties": {
        "osm_id": 734866525,
        "name": "Viale America",
        "highway": "steps",
        "lanes": null,
        "width_m": 2.0,
        "surface": null,
        "maxspeed": null
      }
    },
    {
      "type": "Feature",
      "id": 734866526,
      "geometry": {
        "type": "LineString",
        "coordinates": [
          [
            -437.198,
            -376.918
          ],
          [
            -435.952,
            -380.461
          ]
        ]
      },
      "properties": {
        "osm_id": 734866526,
        "name": "Viale America",
        "highway": "footway",
        "lanes": null,
        "width_m": 2.0,
        "surface": null,
        "maxspeed": null
      }
    },
    {
      "type": "Feature",
      "id": 734867255,
      "geometry": {
        "type": "LineString",
        "coordinates": [
          [
            -465.138,
            -181.737
          ],
          [
            -461.375,
            -179.915
          ],
          [
            -455.145,
            -177.238
          ]
        ]
      },
      "properties": {
        "osm_id": 734867255,
        "name": null,
        "highway": "footway",
        "lanes": null,
        "width_m": 2.0,
        "surface": null,
        "maxspeed": null
      }
    },
    {
      "type": "Feature",
      "id": 739124452,
      "geometry": {
        "type": "LineString",
        "coordinates": [
          [
            404.174,
            282.628
          ],
          [
            505.646,
            322.063
          ]
        ]
      },
      "properties": {
        "osm_id": 739124452,
        "name": null,
        "highway": "footway",
        "lanes": null,
        "width_m": 2.0,
        "surface": null,
        "maxspeed": null
      }
    },
    {
      "type": "Feature",
      "id": 739124453,
      "geometry": {
        "type": "LineString",
        "coordinates": [
          [
            494.249,
            334.27
          ],
          [
            500.388,
            336.48
          ],
          [
            501.967,
            337.102
          ]
        ]
      },
      "properties": {
        "osm_id": 739124453,
        "name": null,
        "highway": "footway",
        "lanes": null,
        "width_m": 2.0,
        "surface": null,
        "maxspeed": null
      }
    },
    {
      "type": "Feature",
      "id": 820225143,
      "geometry": {
        "type": "LineString",
        "coordinates": [
          [
            -160.016,
            426.529
          ],
          [
            -164.444,
            425.851
          ],
          [
            -169.62,
            425.296
          ],
          [
            -176.748,
            425.129
          ],
          [
            -182.456,
            425.851
          ],
          [
            -184.898,
            427.017
          ],
          [
            -187.415,
            428.683
          ]
        ]
      },
      "properties": {
        "osm_id": 820225143,
        "name": null,
        "highway": "steps",
        "lanes": null,
        "width_m": 2.0,
        "surface": "asphalt",
        "maxspeed": null
      }
    },
    {
      "type": "Feature",
      "id": 820225144,
      "geometry": {
        "type": "LineString",
        "coordinates": [
          [
            -136.222,
            402.594
          ],
          [
            -140.559,
            404.848
          ],
          [
            -142.212,
            405.393
          ],
          [
            -144.505,
            405.937
          ],
          [
            -146.3,
            405.981
          ],
          [
            -148.144,
            405.459
          ],
          [
            -184.515,
            391.575
          ],
          [
            -188.096,
            390.164
          ]
        ]
      },
      "properties": {
        "osm_id": 820225144,
        "name": null,
        "highway": "footway",
        "lanes": null,
        "width_m": 2.0,
        "surface": null,
        "maxspeed": null
      }
    },
    {
      "type": "Feature",
      "id": 822837441,
      "geometry": {
        "type": "LineString",
        "coordinates": [
          [
            -132.925,
            -4.577
          ],
          [
            -130.939,
            -9.809
          ],
          [
            -130.266,
            -11.675
          ],
          [
            -142.237,
            -16.773
          ],
          [
            -144.522,
            -22.049
          ],
          [
            -136.33,
            -42.919
          ],
          [
            -110.038,
            -32.144
          ]
        ]
      },
      "properties": {
        "osm_id": 822837441,
        "name": null,
        "highway": "footway",
        "lanes": null,
        "width_m": 2.0,
        "surface": null,
        "maxspeed": null
      }
    },
    {
      "type": "Feature",
      "id": 822839312,
      "geometry": {
        "type": "LineString",
        "coordinates": [
          [
            -159.419,
            79.358
          ],
          [
            -161.778,
            87.643
          ]
        ]
      },
      "properties": {
        "osm_id": 822839312,
        "name": null,
        "highway": "steps",
        "lanes": null,
        "width_m": 2.0,
        "surface": null,
        "maxspeed": null
      }
    },
    {
      "type": "Feature",
      "id": 822839313,
      "geometry": {
        "type": "LineString",
        "coordinates": [
          [
            -76.646,
            300.71
          ],
          [
            -51.607,
            311.995
          ]
        ]
      },
      "properties": {
        "osm_id": 822839313,
        "name": null,
        "highway": "steps",
        "lanes": null,
        "width_m": 2.0,
        "surface": "paving_stones",
        "maxspeed": null
      }
    },
    {
      "type": "Feature",
      "id": 822839314,
      "geometry": {
        "type": "LineString",
        "coordinates": [
          [
            -355.667,
            -29.098
          ],
          [
            -349.96,
            -28.231
          ],
          [
            -340.83,
            -27.298
          ]
        ]
      },
      "properties": {
        "osm_id": 822839314,
        "name": null,
        "highway": "footway",
        "lanes": null,
        "width_m": 2.0,
        "surface": "paved",
        "maxspeed": null
      }
    },
    {
      "type": "Feature",
      "id": 997954486,
      "geometry": {
        "type": "LineString",
        "coordinates": [
          [
            324.495,
            -291.266
          ],
          [
            332.76,
            -288.168
          ]
        ]
      },
      "properties": {
        "osm_id": 997954486,
        "name": null,
        "highway": "path",
        "lanes": null,
        "width_m": 2.0,
        "surface": "concrete",
        "maxspeed": null
      }
    },
    {
      "type": "Feature",
      "id": 997954487,
      "geometry": {
        "type": "LineString",
        "coordinates": [
          [
            340.201,
            -336.661
          ],
          [
            341.987,
            -338.05
          ],
          [
            342.651,
            -340.715
          ],
          [
            343.772,
            -344.092
          ],
          [
            344.329,
            -347.091
          ],
          [
            343.598,
            -350.812
          ],
          [
            343.215,
            -352.811
          ],
          [
            343.041,
            -354.977
          ],
          [
            343.597,
            -356.587
          ],
          [
            344.935,
            -357.865
          ],
          [
            346.33,
            -358.909
          ],
          [
            347.95,
            -360.131
          ],
          [
            349.337,
            -361.186
          ],
          [
            351.289,
            -362.741
          ],
          [
            352.46,
            -364.685
          ],
          [
            352.984,
            -367.095
          ],
          [
            353.042,
            -369.461
          ],
          [
            353.241,
            -372.093
          ],
          [
            353.573,
            -376.169
          ],
          [
            354.786,
            -380.946
          ]
        ]
      },
      "properties": {
        "osm_id": 997954487,
        "name": null,
        "highway": "path",
        "lanes": null,
        "width_m": 2.0,
        "surface": "concrete",
        "maxspeed": null
      }
    },
    {
      "type": "Feature",
      "id": 997954488,
      "geometry": {
        "type": "LineString",
        "coordinates": [
          [
            307.541,
            -257.656
          ],
          [
            308.347,
            -259.744
          ],
          [
            310.125,
            -264.409
          ],
          [
            314.585,
            -267.952
          ],
          [
            315.474,
            -269.618
          ],
          [
            315.59,
            -271.284
          ],
          [
            314.585,
            -276.838
          ],
          [
            315.141,
            -281.058
          ],
          [
            315.756,
            -282.824
          ],
          [
            317.7,
            -284.935
          ],
          [
            322.16,
            -288.267
          ],
          [
            324.495,
            -291.266
          ],
          [
            324.943,
            -296.264
          ],
          [
            324.777,
            -300.696
          ],
          [
            325.225,
            -302.362
          ],
          [
            326.172,
            -303.473
          ],
          [
            327.451,
            -304.361
          ],
          [
            328.789,
            -305.195
          ],
          [
            329.902,
            -306.305
          ],
          [
            331.073,
            -308.027
          ],
          [
            332.294,
            -311.248
          ],
          [
            333.299,
            -313.458
          ],
          [
            334.52,
            -316.124
          ],
          [
            335.359,
            -318.457
          ],
          [
            336.978,
            -322.344
          ],
          [
            339.038,
            -327.009
          ],
          [
            339.761,
            -329.553
          ],
          [
            340.151,
            -332.218
          ],
          [
            340.093,
            -334.773
          ],
          [
            340.201,
            -336.661
          ],
          [
            330.241,
            -340.304
          ]
        ]
      },
      "properties": {
        "osm_id": 997954488,
        "name": null,
        "highway": "path",
        "lanes": null,
        "width_m": 2.0,
        "surface": "concrete",
        "maxspeed": null
      }
    },
    {
      "type": "Feature",
      "id": 1059068076,
      "geometry": {
        "type": "LineString",
        "coordinates": [
          [
            316.756,
            -395.805
          ],
          [
            322.895,
            -393.428
          ],
          [
            339.326,
            -386.965
          ],
          [
            344.992,
            -384.821
          ]
        ]
      },
      "properties": {
        "osm_id": 1059068076,
        "name": null,
        "highway": "footway",
        "lanes": null,
        "width_m": 2.0,
        "surface": null,
        "maxspeed": null
      }
    },
    {
      "type": "Feature",
      "id": 1059179701,
      "geometry": {
        "type": "LineString",
        "coordinates": [
          [
            493.274,
            176.318
          ],
          [
            497.179,
            179.016
          ],
          [
            499.19,
            184.248
          ],
          [
            499.838,
            187.302
          ]
        ]
      },
      "properties": {
        "osm_id": 1059179701,
        "name": null,
        "highway": "footway",
        "lanes": null,
        "width_m": 2.0,
        "surface": null,
        "maxspeed": null
      }
    },
    {
      "type": "Feature",
      "id": 1059179707,
      "geometry": {
        "type": "LineString",
        "coordinates": [
          [
            438.007,
            -45.574
          ],
          [
            441.704,
            -54.816
          ],
          [
            499.216,
            -32.783
          ],
          [
            495.844,
            -22.975
          ],
          [
            438.664,
            -44.864
          ],
          [
            438.007,
            -45.574
          ]
        ]
      },
      "properties": {
        "osm_id": 1059179707,
        "name": null,
        "highway": "footway",
        "lanes": null,
        "width_m": 2.0,
        "surface": null,
        "maxspeed": null
      }
    },
    {
      "type": "Feature",
      "id": 1059179708,
      "geometry": {
        "type": "LineString",
        "coordinates": [
          [
            278.382,
            -83.352
          ],
          [
            284.38,
            -82.197
          ],
          [
            299.167,
            -79.299
          ],
          [
            305.148,
            -78.122
          ]
        ]
      },
      "properties": {
        "osm_id": 1059179708,
        "name": null,
        "highway": "footway",
        "lanes": null,
        "width_m": 2.0,
        "surface": "asphalt",
        "maxspeed": null
      }
    },
    {
      "type": "Feature",
      "id": 1059179712,
      "geometry": {
        "type": "LineString",
        "coordinates": [
          [
            41.228,
            -167.849
          ],
          [
            36.493,
            -155.62
          ],
          [
            33.619,
            -147.634
          ],
          [
            30.147,
            -137.971
          ]
        ]
      },
      "properties": {
        "osm_id": 1059179712,
        "name": null,
        "highway": "footway",
        "lanes": null,
        "width_m": 2.0,
        "surface": "asphalt",
        "maxspeed": null
      }
    },
    {
      "type": "Feature",
      "id": 1059179713,
      "geometry": {
        "type": "LineString",
        "coordinates": [
          [
            40.306,
            -185.587
          ],
          [
            42.532,
            -191.074
          ],
          [
            44.767,
            -196.805
          ]
        ]
      },
      "properties": {
        "osm_id": 1059179713,
        "name": null,
        "highway": "footway",
        "lanes": null,
        "width_m": 2.0,
        "surface": "asphalt",
        "maxspeed": null
      }
    },
    {
      "type": "Feature",
      "id": 1059377770,
      "geometry": {
        "type": "LineString",
        "coordinates": [
          [
            448.574,
            215.006
          ],
          [
            452.379,
            219.493
          ],
          [
            462.067,
            230.899
          ],
          [
            465.066,
            234.431
          ]
        ]
      },
      "properties": {
        "osm_id": 1059377770,
        "name": null,
        "highway": "footway",
        "lanes": null,
        "width_m": 2.0,
        "surface": null,
        "maxspeed": null
      }
    },
    {
      "type": "Feature",
      "id": 1059377771,
      "geometry": {
        "type": "LineString",
        "coordinates": [
          [
            459.24,
            205.953
          ],
          [
            462.564,
            210.862
          ],
          [
            470.681,
            223.824
          ]
        ]
      },
      "properties": {
        "osm_id": 1059377771,
        "name": null,
        "highway": "footway",
        "lanes": null,
        "width_m": 2.0,
        "surface": null,
        "maxspeed": null
      }
    },
    {
      "type": "Feature",
      "id": 1069375186,
      "geometry": {
        "type": "LineString",
        "coordinates": [
          [
            191.498,
            -78.24
          ],
          [
            166.667,
            -87.792
          ]
        ]
      },
      "properties": {
        "osm_id": 1069375186,
        "name": null,
        "highway": "footway",
        "lanes": null,
        "width_m": 2.0,
        "surface": "paved",
        "maxspeed": null
      }
    },
    {
      "type": "Feature",
      "id": 1069375187,
      "geometry": {
        "type": "LineString",
        "coordinates": [
          [
            268.531,
            -49.209
          ],
          [
            265.599,
            -48.309
          ],
          [
            248.669,
            -56.406
          ],
          [
            224.694,
            -65.49
          ]
        ]
      },
      "properties": {
        "osm_id": 1069375187,
        "name": null,
        "highway": "footway",
        "lanes": null,
        "width_m": 2.0,
        "surface": "paved",
        "maxspeed": null
      }
    },
    {
      "type": "Feature",
      "id": 1069375188,
      "geometry": {
        "type": "LineString",
        "coordinates": [
          [
            247.066,
            -42.855
          ],
          [
            221.87,
            -52.551
          ],
          [
            184.487,
            -66.933
          ],
          [
            158.576,
            -76.829
          ]
        ]
      },
      "properties": {
        "osm_id": 1069375188,
        "name": null,
        "highway": "footway",
        "lanes": null,
        "width_m": 2.0,
        "surface": "concrete",
        "maxspeed": null
      }
    },
    {
      "type": "Feature",
      "id": 1069375189,
      "geometry": {
        "type": "LineString",
        "coordinates": [
          [
            170.39,
            -44.197
          ],
          [
            177.16,
            -55.115
          ],
          [
            184.487,
            -66.933
          ],
          [
            191.498,
            -78.24
          ],
          [
            195.892,
            -85.438
          ],
          [
            198.567,
            -89.803
          ]
        ]
      },
      "properties": {
        "osm_id": 1069375189,
        "name": null,
        "highway": "steps",
        "lanes": null,
        "width_m": 2.0,
        "surface": "concrete",
        "maxspeed": null
      }
    },
    {
      "type": "Feature",
      "id": 1069375190,
      "geometry": {
        "type": "LineString",
        "coordinates": [
          [
            216.147,
            -26.36
          ],
          [
            218.896,
            -38.922
          ],
          [
            221.87,
            -52.551
          ],
          [
            224.694,
            -65.49
          ],
          [
            226.413,
            -73.354
          ],
          [
            227.526,
            -78.43
          ]
        ]
      },
      "properties": {
        "osm_id": 1069375190,
        "name": null,
        "highway": "steps",
        "lanes": null,
        "width_m": 2.0,
        "surface": "paved",
        "maxspeed": null
      }
    },
    {
      "type": "Feature",
      "id": 1069375191,
      "geometry": {
        "type": "LineString",
        "coordinates": [
          [
            243.852,
            -15.554
          ],
          [
            245.396,
            -28.649
          ],
          [
            247.066,
            -42.855
          ],
          [
            248.669,
            -56.406
          ],
          [
            250.329,
            -70.512
          ],
          [
            251.509,
            -80.475
          ]
        ]
      },
      "properties": {
        "osm_id": 1069375191,
        "name": null,
        "highway": "steps",
        "lanes": null,
        "width_m": 2.0,
        "surface": "paved",
        "maxspeed": null
      }
    },
    {
      "type": "Feature",
      "id": 1069375192,
      "geometry": {
        "type": "LineString",
        "coordinates": [
          [
            142.519,
            -55.07
          ],
          [
            150.253,
            -65.555
          ],
          [
            158.576,
            -76.829
          ],
          [
            166.667,
            -87.792
          ],
          [
            175.298,
            -99.488
          ],
          [
            180.581,
            -106.641
          ]
        ]
      },
      "properties": {
        "osm_id": 1069375192,
        "name": null,
        "highway": "steps",
        "lanes": null,
        "width_m": 2.0,
        "surface": "paved",
        "maxspeed": null
      }
    },
    {
      "type": "Feature",
      "id": 1071323184,
      "geometry": {
        "type": "LineString",
        "coordinates": [
          [
            -364.788,
            -527.447
          ],
          [
            -370.969,
            -511.454
          ],
          [
            -377.208,
            -495.293
          ]
        ]
      },
      "properties": {
        "osm_id": 1071323184,
        "name": null,
        "highway": "footway",
        "lanes": null,
        "width_m": 2.0,
        "surface": "sett",
        "maxspeed": null
      }
    },
    {
      "type": "Feature",
      "id": 1071323192,
      "geometry": {
        "type": "LineString",
        "coordinates": [
          [
            -356.691,
            -487.317
          ],
          [
            -377.208,
            -495.293
          ],
          [
            -397.277,
            -503.125
          ],
          [
            -416.963,
            -510.79
          ]
        ]
      },
      "properties": {
        "osm_id": 1071323192,
        "name": "Scalea Carlo Mosca",
        "highway": "steps",
        "lanes": null,
        "width_m": 2.0,
        "surface": "sett",
        "maxspeed": null
      }
    },
    {
      "type": "Feature",
      "id": 1071323199,
      "geometry": {
        "type": "LineString",
        "coordinates": [
          [
            -294.123,
            -330.984
          ],
          [
            -257.918,
            -427.446
          ],
          [
            -278.643,
            -435.877
          ],
          [
            -272.379,
            -452.06
          ]
        ]
      },
      "properties": {
        "osm_id": 1071323199,
        "name": null,
        "highway": "footway",
        "lanes": null,
        "width_m": 2.0,
        "surface": "sett",
        "maxspeed": null
      }
    },
    {
      "type": "Feature",
      "id": 1071323200,
      "geometry": {
        "type": "LineString",
        "coordinates": [
          [
            -356.691,
            -487.317
          ],
          [
            -350.319,
            -503.578
          ],
          [
            -344.437,
            -518.761
          ],
          [
            -344.063,
            -519.716
          ]
        ]
      },
      "properties": {
        "osm_id": 1071323200,
        "name": null,
        "highway": "footway",
        "lanes": null,
        "width_m": 2.0,
        "surface": "sett",
        "maxspeed": null
      }
    },
    {
      "type": "Feature",
      "id": 1071323202,
      "geometry": {
        "type": "LineString",
        "coordinates": [
          [
            -238.005,
            -475.906
          ],
          [
            -309.5,
            -504.087
          ],
          [
            -322.532,
            -510.74
          ],
          [
            -328.713,
            -513.318
          ]
        ]
      },
      "properties": {
        "osm_id": 1071323202,
        "name": null,
        "highway": "footway",
        "lanes": null,
        "width_m": 2.0,
        "surface": "sett",
        "maxspeed": null
      }
    },
    {
      "type": "Feature",
      "id": 1071323203,
      "geometry": {
        "type": "LineString",
        "coordinates": [
          [
            157.833,
            103.538
          ],
          [
            157.534,
            105.97
          ],
          [
            135.038,
            153.386
          ]
        ]
      },
      "properties": {
        "osm_id": 1071323203,
        "name": null,
        "highway": "footway",
        "lanes": null,
        "width_m": 2.0,
        "surface": "paved",
        "maxspeed": null
      }
    },
    {
      "type": "Feature",
      "id": 1071375754,
      "geometry": {
        "type": "LineString",
        "coordinates": [
          [
            -83.269,
            -246.609
          ],
          [
            -107.343,
            -256.317
          ]
        ]
      },
      "properties": {
        "osm_id": 1071375754,
        "name": null,
        "highway": "footway",
        "lanes": null,
        "width_m": 2.0,
        "surface": "asphalt",
        "maxspeed": null
      }
    },
    {
      "type": "Feature",
      "id": 1071375755,
      "geometry": {
        "type": "LineString",
        "coordinates": [
          [
            -29.548,
            -239.078
          ],
          [
            -28.46,
            -242.221
          ],
          [
            -26.682,
            -247.22
          ]
        ]
      },
      "properties": {
        "osm_id": 1071375755,
        "name": null,
        "highway": "footway",
        "lanes": null,
        "width_m": 2.0,
        "surface": "asphalt",
        "maxspeed": null
      }
    },
    {
      "type": "Feature",
      "id": 1071375756,
      "geometry": {
        "type": "LineString",
        "coordinates": [
          [
            -56.106,
            -242.277
          ],
          [
            -57.136,
            -239.634
          ],
          [
            -57.784,
            -238.101
          ]
        ]
      },
      "properties": {
        "osm_id": 1071375756,
        "name": null,
        "highway": "footway",
        "lanes": null,
        "width_m": 2.0,
        "surface": null,
        "maxspeed": null
      }
    },
    {
      "type": "Feature",
      "id": 1071375757,
      "geometry": {
        "type": "LineString",
        "coordinates": [
          [
            -105.274,
            -261.037
          ],
          [
            -103.405,
            -265.936
          ],
          [
            -100.224,
            -273.777
          ]
        ]
      },
      "properties": {
        "osm_id": 1071375757,
        "name": null,
        "highway": "footway",
        "lanes": null,
        "width_m": 2.0,
        "surface": null,
        "maxspeed": null
      }
    },
    {
      "type": "Feature",
      "id": 1071375758,
      "geometry": {
        "type": "LineString",
        "coordinates": [
          [
            -57.784,
            -238.101
          ],
          [
            -59.495,
            -237.901
          ],
          [
            -61.372,
            -238.301
          ],
          [
            -78.011,
            -244.599
          ]
        ]
      },
      "properties": {
        "osm_id": 1071375758,
        "name": null,
        "highway": "footway",
        "lanes": null,
        "width_m": 2.0,
        "surface": null,
        "maxspeed": null
      }
    },
    {
      "type": "Feature",
      "id": 1071375759,
      "geometry": {
        "type": "LineString",
        "coordinates": [
          [
            -54.436,
            -246.742
          ],
          [
            -56.106,
            -242.277
          ]
        ]
      },
      "properties": {
        "osm_id": 1071375759,
        "name": null,
        "highway": "footway",
        "lanes": null,
        "width_m": 2.0,
        "surface": null,
        "maxspeed": null
      }
    },
    {
      "type": "Feature",
      "id": 1071375760,
      "geometry": {
        "type": "LineString",
        "coordinates": [
          [
            -51.462,
            -254.906
          ],
          [
            -54.436,
            -246.742
          ]
        ]
      },
      "properties": {
        "osm_id": 1071375760,
        "name": null,
        "highway": "footway",
        "lanes": null,
        "width_m": 2.0,
        "surface": null,
        "maxspeed": null
      }
    },
    {
      "type": "Feature",
      "id": 1071375761,
      "geometry": {
        "type": "LineString",
        "coordinates": [
          [
            -57.784,
            -238.101
          ],
          [
            -60.567,
            -230.859
          ],
          [
            -62.818,
            -224.961
          ]
        ]
      },
      "properties": {
        "osm_id": 1071375761,
        "name": null,
        "highway": "footway",
        "lanes": null,
        "width_m": 2.0,
        "surface": null,
        "maxspeed": null
      }
    },
    {
      "type": "Feature",
      "id": 1071375762,
      "geometry": {
        "type": "LineString",
        "coordinates": [
          [
            -78.011,
            -244.599
          ],
          [
            -80.453,
            -245.532
          ],
          [
            -83.269,
            -246.609
          ]
        ]
      },
      "properties": {
        "osm_id": 1071375762,
        "name": null,
        "highway": "footway",
        "lanes": null,
        "width_m": 2.0,
        "surface": null,
        "maxspeed": null
      }
    },
    {
      "type": "Feature",
      "id": 1071375763,
      "geometry": {
        "type": "LineString",
        "coordinates": [
          [
            -29.997,
            -248.241
          ],
          [
            -39.342,
            -251.84
          ],
          [
            -46.685,
            -254.461
          ]
        ]
      },
      "properties": {
        "osm_id": 1071375763,
        "name": null,
        "highway": "footway",
        "lanes": null,
        "width_m": 2.0,
        "surface": "asphalt",
        "maxspeed": null
      }
    },
    {
      "type": "Feature",
      "id": 1071375764,
      "geometry": {
        "type": "LineString",
        "coordinates": [
          [
            -109.06,
            -427.443
          ],
          [
            -112.441,
            -428.509
          ],
          [
            -119.751,
            -430.819
          ]
        ]
      },
      "properties": {
        "osm_id": 1071375764,
        "name": null,
        "highway": "footway",
        "lanes": null,
        "width_m": 2.0,
        "surface": "asphalt",
        "maxspeed": null
      }
    },
    {
      "type": "Feature",
      "id": 1071375765,
      "geometry": {
        "type": "LineString",
        "coordinates": [
          [
            241.242,
            -292.251
          ],
          [
            161.52,
            -322.682
          ],
          [
            26.208,
            -374.384
          ],
          [
            23.417,
            -375.528
          ]
        ]
      },
      "properties": {
        "osm_id": 1071375765,
        "name": null,
        "highway": "footway",
        "lanes": null,
        "width_m": 2.0,
        "surface": null,
        "maxspeed": null
      }
    },
    {
      "type": "Feature",
      "id": 1071375766,
      "geometry": {
        "type": "LineString",
        "coordinates": [
          [
            242.056,
            -291.874
          ],
          [
            246.135,
            -290.163
          ],
          [
            249.641,
            -288.72
          ]
        ]
      },
      "properties": {
        "osm_id": 1071375766,
        "name": null,
        "highway": "footway",
        "lanes": null,
        "width_m": 2.0,
        "surface": null,
        "maxspeed": null
      }
    },
    {
      "type": "Feature",
      "id": 1071375767,
      "geometry": {
        "type": "LineString",
        "coordinates": [
          [
            256.211,
            -302.97
          ],
          [
            250.588,
            -288.331
          ],
          [
            247.714,
            -280.3
          ],
          [
            267.219,
            -272.815
          ]
        ]
      },
      "properties": {
        "osm_id": 1071375767,
        "name": null,
        "highway": "footway",
        "lanes": null,
        "width_m": 2.0,
        "surface": "sett",
        "maxspeed": null
      }
    },
    {
      "type": "Feature",
      "id": 1071375768,
      "geometry": {
        "type": "LineString",
        "coordinates": [
          [
            -184.505,
            -306.578
          ],
          [
            -180.867,
            -305.211
          ],
          [
            -172.319,
            -302.001
          ]
        ]
      },
      "properties": {
        "osm_id": 1071375768,
        "name": null,
        "highway": "footway",
        "lanes": null,
        "width_m": 2.0,
        "surface": "asphalt",
        "maxspeed": null
      }
    },
    {
      "type": "Feature",
      "id": 1071375769,
      "geometry": {
        "type": "LineString",
        "coordinates": [
          [
            -207.657,
            -315.275
          ],
          [
            -184.505,
            -306.578
          ]
        ]
      },
      "properties": {
        "osm_id": 1071375769,
        "name": null,
        "highway": "footway",
        "lanes": null,
        "width_m": 2.0,
        "surface": "asphalt",
        "maxspeed": null
      }
    },
    {
      "type": "Feature",
      "id": 1071375770,
      "geometry": {
        "type": "LineString",
        "coordinates": [
          [
            -220.145,
            -469.452
          ],
          [
            -230.653,
            -473.34
          ],
          [
            -238.005,
            -475.906
          ]
        ]
      },
      "properties": {
        "osm_id": 1071375770,
        "name": null,
        "highway": "footway",
        "lanes": null,
        "width_m": 2.0,
        "surface": "asphalt",
        "maxspeed": null
      }
    },
    {
      "type": "Feature",
      "id": 1071375771,
      "geometry": {
        "type": "LineString",
        "coordinates": [
          [
            -249.486,
            -446.595
          ],
          [
            -250.856,
            -443.263
          ]
        ]
      },
      "properties": {
        "osm_id": 1071375771,
        "name": null,
        "highway": "footway",
        "lanes": null,
        "width_m": 2.0,
        "surface": "asphalt",
        "maxspeed": null
      }
    },
    {
      "type": "Feature",
      "id": 1071375772,
      "geometry": {
        "type": "LineString",
        "coordinates": [
          [
            -239.882,
            -472.007
          ],
          [
            -243.687,
            -461.911
          ],
          [
            -248.281,
            -449.738
          ],
          [
            -249.103,
            -447.539
          ]
        ]
      },
      "properties": {
        "osm_id": 1071375772,
        "name": null,
        "highway": "footway",
        "lanes": null,
        "width_m": 2.0,
        "surface": "asphalt",
        "maxspeed": null
      }
    },
    {
      "type": "Feature",
      "id": 1071375773,
      "geometry": {
        "type": "LineString",
        "coordinates": [
          [
            -217.268,
            -318.907
          ],
          [
            -209.857,
            -337.934
          ],
          [
            -179.222,
            -326.115
          ],
          [
            -172.319,
            -302.001
          ],
          [
            -100.224,
            -273.777
          ],
          [
            -73.5,
            -263.192
          ],
          [
            -51.462,
            -254.906
          ],
          [
            -49.485,
            -255.461
          ],
          [
            -45.306,
            -266.29
          ],
          [
            -46.087,
            -268.667
          ]
        ]
      },
      "properties": {
        "osm_id": 1071375773,
        "name": null,
        "highway": "footway",
        "lanes": null,
        "width_m": 2.0,
        "surface": null,
        "maxspeed": null
      }
    },
    {
      "type": "Feature",
      "id": 1071375774,
      "geometry": {
        "type": "LineString",
        "coordinates": [
          [
            -248.688,
            -442.463
          ],
          [
            -243.796,
            -440.552
          ],
          [
            -238.637,
            -438.508
          ]
        ]
      },
      "properties": {
        "osm_id": 1071375774,
        "name": null,
        "highway": "footway",
        "lanes": null,
        "width_m": 2.0,
        "surface": "asphalt",
        "maxspeed": null
      }
    },
    {
      "type": "Feature",
      "id": 1071375775,
      "geometry": {
        "type": "LineString",
        "coordinates": [
          [
            -270.327,
            -451.36
          ],
          [
            -265.609,
            -449.761
          ],
          [
            -263.781,
            -449.161
          ]
        ]
      },
      "properties": {
        "osm_id": 1071375775,
        "name": null,
        "highway": "footway",
        "lanes": null,
        "width_m": 2.0,
        "surface": "asphalt",
        "maxspeed": null
      }
    },
    {
      "type": "Feature",
      "id": 1071375776,
      "geometry": {
        "type": "LineString",
        "coordinates": [
          [
            -261.962,
            -448.561
          ],
          [
            -261.015,
            -450.805
          ],
          [
            -249.486,
            -446.595
          ]
        ]
      },
      "properties": {
        "osm_id": 1071375776,
        "name": null,
        "highway": "footway",
        "lanes": null,
        "width_m": 2.0,
        "surface": "asphalt",
        "maxspeed": null
      }
    },
    {
      "type": "Feature",
      "id": 1071375777,
      "geometry": {
        "type": "LineString",
        "coordinates": [
          [
            -340.551,
            -481.119
          ],
          [
            -340.975,
            -480.03
          ],
          [
            -361.753,
            -426.673
          ],
          [
            -376.566,
            -389.932
          ],
          [
            -385.48,
            -365.742
          ],
          [
            -381.659,
            -364.364
          ]
        ]
      },
      "properties": {
        "osm_id": 1071375777,
        "name": null,
        "highway": "footway",
        "lanes": null,
        "width_m": 2.0,
        "surface": "sett",
        "maxspeed": null
      }
    },
    {
      "type": "Feature",
      "id": 1071375779,
      "geometry": {
        "type": "LineString",
        "coordinates": [
          [
            -343.143,
            -480.864
          ],
          [
            -349.589,
            -483.33
          ],
          [
            -355.03,
            -485.296
          ]
        ]
      },
      "properties": {
        "osm_id": 1071375779,
        "name": null,
        "highway": "footway",
        "lanes": null,
        "width_m": 2.0,
        "surface": "asphalt",
        "maxspeed": null
      }
    },
    {
      "type": "Feature",
      "id": 1071375780,
      "geometry": {
        "type": "LineString",
        "coordinates": [
          [
            -323.396,
            -508.219
          ],
          [
            -328.041,
            -494.758
          ],
          [
            -333.274,
            -480.93
          ]
        ]
      },
      "properties": {
        "osm_id": 1071375780,
        "name": null,
        "highway": "footway",
        "lanes": null,
        "width_m": 2.0,
        "surface": "asphalt",
        "maxspeed": null
      }
    },
    {
      "type": "Feature",
      "id": 1097700414,
      "geometry": {
        "type": "LineString",
        "coordinates": [
          [
            288.437,
            -419.14
          ],
          [
            286.568,
            -413.708
          ],
          [
            284.517,
            -408.654
          ]
        ]
      },
      "properties": {
        "osm_id": 1097700414,
        "name": null,
        "highway": "footway",
        "lanes": null,
        "width_m": 2.0,
        "surface": null,
        "maxspeed": null
      }
    },
    {
      "type": "Feature",
      "id": 1097700415,
      "geometry": {
        "type": "LineString",
        "coordinates": [
          [
            267.219,
            -272.815
          ],
          [
            267.568,
            -273.581
          ],
          [
            276.646,
            -295.263
          ],
          [
            287.793,
            -322.753
          ]
        ]
      },
      "properties": {
        "osm_id": 1097700415,
        "name": null,
        "highway": "footway",
        "lanes": null,
        "width_m": 2.0,
        "surface": "sett",
        "maxspeed": null
      }
    },
    {
      "type": "Feature",
      "id": 1097700416,
      "geometry": {
        "type": "LineString",
        "coordinates": [
          [
            316.756,
            -395.805
          ],
          [
            315.842,
            -393.817
          ]
        ]
      },
      "properties": {
        "osm_id": 1097700416,
        "name": null,
        "highway": "footway",
        "lanes": null,
        "width_m": 2.0,
        "surface": null,
        "maxspeed": null
      }
    },
    {
      "type": "Feature",
      "id": 1097700417,
      "geometry": {
        "type": "LineString",
        "coordinates": [
          [
            312.902,
            -397.782
          ],
          [
            315.576,
            -396.693
          ]
        ]
      },
      "properties": {
        "osm_id": 1097700417,
        "name": null,
        "highway": "footway",
        "lanes": null,
        "width_m": 2.0,
        "surface": null,
        "maxspeed": null
      }
    },
    {
      "type": "Feature",
      "id": 1097700418,
      "geometry": {
        "type": "LineString",
        "coordinates": [
          [
            315.576,
            -396.693
          ],
          [
            316.756,
            -395.805
          ]
        ]
      },
      "properties": {
        "osm_id": 1097700418,
        "name": null,
        "highway": "footway",
        "lanes": null,
        "width_m": 2.0,
        "surface": null,
        "maxspeed": null
      }
    },
    {
      "type": "Feature",
      "id": 1097700419,
      "geometry": {
        "type": "LineString",
        "coordinates": [
          [
            360.051,
            -234.978
          ],
          [
            523.87,
            -171.145
          ]
        ]
      },
      "properties": {
        "osm_id": 1097700419,
        "name": null,
        "highway": "footway",
        "lanes": null,
        "width_m": 2.0,
        "surface": "paving_stones",
        "maxspeed": null
      }
    },
    {
      "type": "Feature",
      "id": 1097700420,
      "geometry": {
        "type": "LineString",
        "coordinates": [
          [
            307.145,
            -396.427
          ],
          [
            308.258,
            -399.592
          ]
        ]
      },
      "properties": {
        "osm_id": 1097700420,
        "name": null,
        "highway": "footway",
        "lanes": null,
        "width_m": 2.0,
        "surface": "concrete",
        "maxspeed": null
      }
    },
    {
      "type": "Feature",
      "id": 1097700421,
      "geometry": {
        "type": "LineString",
        "coordinates": [
          [
            312.902,
            -397.782
          ],
          [
            308.258,
            -399.592
          ],
          [
            297.069,
            -403.901
          ],
          [
            295.0,
            -402.624
          ],
          [
            290.656,
            -392.127
          ],
          [
            256.211,
            -302.97
          ]
        ]
      },
      "properties": {
        "osm_id": 1097700421,
        "name": null,
        "highway": "footway",
        "lanes": null,
        "width_m": 2.0,
        "surface": null,
        "maxspeed": null
      }
    },
    {
      "type": "Feature",
      "id": 1097700422,
      "geometry": {
        "type": "LineString",
        "coordinates": [
          [
            301.936,
            -419.951
          ],
          [
            300.997,
            -417.507
          ],
          [
            301.113,
            -416.386
          ],
          [
            301.521,
            -415.419
          ],
          [
            302.459,
            -414.42
          ],
          [
            303.539,
            -413.809
          ],
          [
            315.294,
            -409.211
          ],
          [
            319.812,
            -407.49
          ]
        ]
      },
      "properties": {
        "osm_id": 1097700422,
        "name": null,
        "highway": "footway",
        "lanes": null,
        "width_m": 2.0,
        "surface": null,
        "maxspeed": null
      }
    },
    {
      "type": "Feature",
      "id": 1097700423,
      "geometry": {
        "type": "LineString",
        "coordinates": [
          [
            280.097,
            -422.449
          ],
          [
            286.086,
            -420.117
          ],
          [
            288.437,
            -419.14
          ],
          [
            290.265,
            -420.339
          ],
          [
            292.05,
            -425.26
          ]
        ]
      },
      "properties": {
        "osm_id": 1097700423,
        "name": null,
        "highway": "footway",
        "lanes": null,
        "width_m": 2.0,
        "surface": null,
        "maxspeed": null
      }
    },
    {
      "type": "Feature",
      "id": 1097700424,
      "geometry": {
        "type": "LineString",
        "coordinates": [
          [
            490.457,
            35.87
          ],
          [
            493.688,
            37.036
          ]
        ]
      },
      "properties": {
        "osm_id": 1097700424,
        "name": null,
        "highway": "footway",
        "lanes": null,
        "width_m": 2.0,
        "surface": "paved",
        "maxspeed": null
      }
    },
    {
      "type": "Feature",
      "id": 1097700425,
      "geometry": {
        "type": "LineString",
        "coordinates": [
          [
            478.427,
            31.717
          ],
          [
            490.457,
            35.87
          ]
        ]
      },
      "properties": {
        "osm_id": 1097700425,
        "name": null,
        "highway": "steps",
        "lanes": null,
        "width_m": 2.0,
        "surface": "paved",
        "maxspeed": null
      }
    },
    {
      "type": "Feature",
      "id": 1097700426,
      "geometry": {
        "type": "LineString",
        "coordinates": [
          [
            470.236,
            33.05
          ],
          [
            471.756,
            29.251
          ],
          [
            478.427,
            31.717
          ]
        ]
      },
      "properties": {
        "osm_id": 1097700426,
        "name": null,
        "highway": "footway",
        "lanes": null,
        "width_m": 2.0,
        "surface": "paved",
        "maxspeed": null
      }
    },
    {
      "type": "Feature",
      "id": 1097700427,
      "geometry": {
        "type": "LineString",
        "coordinates": [
          [
            468.459,
            37.704
          ],
          [
            470.236,
            33.05
          ]
        ]
      },
      "properties": {
        "osm_id": 1097700427,
        "name": null,
        "highway": "steps",
        "lanes": null,
        "width_m": 2.0,
        "surface": "paved",
        "maxspeed": null
      }
    },
    {
      "type": "Feature",
      "id": 1097700428,
      "geometry": {
        "type": "LineString",
        "coordinates": [
          [
            459.487,
            39.148
          ],
          [
            462.943,
            40.314
          ]
        ]
      },
      "properties": {
        "osm_id": 1097700428,
        "name": null,
        "highway": "steps",
        "lanes": null,
        "width_m": 2.0,
        "surface": "paved",
        "maxspeed": null
      }
    },
    {
      "type": "Feature",
      "id": 1097700429,
      "geometry": {
        "type": "LineString",
        "coordinates": [
          [
            456.064,
            37.849
          ],
          [
            459.487,
            39.148
          ]
        ]
      },
      "properties": {
        "osm_id": 1097700429,
        "name": null,
        "highway": "footway",
        "lanes": null,
        "width_m": 2.0,
        "surface": "paved",
        "maxspeed": null
      }
    },
    {
      "type": "Feature",
      "id": 1097700433,
      "geometry": {
        "type": "LineString",
        "coordinates": [
          [
            493.688,
            37.036
          ],
          [
            505.624,
            4.68
          ],
          [
            508.581,
            -1.229
          ],
          [
            516.174,
            1.381
          ]
        ]
      },
      "properties": {
        "osm_id": 1097700433,
        "name": null,
        "highway": "footway",
        "lanes": null,
        "width_m": 2.0,
        "surface": null,
        "maxspeed": null
      }
    },
    {
      "type": "Feature",
      "id": 1097700434,
      "geometry": {
        "type": "LineString",
        "coordinates": [
          [
            424.267,
            -50.994
          ],
          [
            423.337,
            -51.36
          ]
        ]
      },
      "properties": {
        "osm_id": 1097700434,
        "name": null,
        "highway": "footway",
        "lanes": null,
        "width_m": 2.0,
        "surface": null,
        "maxspeed": null
      }
    },
    {
      "type": "Feature",
      "id": 1097700435,
      "geometry": {
        "type": "LineString",
        "coordinates": [
          [
            215.885,
            -167.619
          ],
          [
            226.825,
            -164.276
          ]
        ]
      },
      "properties": {
        "osm_id": 1097700435,
        "name": null,
        "highway": "footway",
        "lanes": null,
        "width_m": 2.0,
        "surface": null,
        "maxspeed": null
      }
    },
    {
      "type": "Feature",
      "id": 1097700436,
      "geometry": {
        "type": "LineString",
        "coordinates": [
          [
            220.278,
            -194.587
          ],
          [
            220.113,
            -186.99
          ],
          [
            217.33,
            -176.66
          ],
          [
            216.109,
            -171.951
          ],
          [
            215.885,
            -167.619
          ],
          [
            214.547,
            -165.231
          ],
          [
            212.762,
            -161.288
          ],
          [
            208.924,
            -155.856
          ],
          [
            207.304,
            -152.413
          ],
          [
            206.083,
            -150.469
          ],
          [
            198.224,
            -153.557
          ]
        ]
      },
      "properties": {
        "osm_id": 1097700436,
        "name": null,
        "highway": "footway",
        "lanes": null,
        "width_m": 2.0,
        "surface": null,
        "maxspeed": null
      }
    },
    {
      "type": "Feature",
      "id": 1097700437,
      "geometry": {
        "type": "LineString",
        "coordinates": [
          [
            197.045,
            -150.68
          ],
          [
            197.859,
            -150.258
          ]
        ]
      },
      "properties": {
        "osm_id": 1097700437,
        "name": null,
        "highway": "footway",
        "lanes": null,
        "width_m": 2.0,
        "surface": null,
        "maxspeed": null
      }
    },
    {
      "type": "Feature",
      "id": 1097700438,
      "geometry": {
        "type": "LineString",
        "coordinates": [
          [
            195.359,
            -138.696
          ],
          [
            203.292,
            -135.408
          ],
          [
            204.505,
            -135.275
          ],
          [
            205.909,
            -135.464
          ],
          [
            207.761,
            -135.719
          ],
          [
            209.871,
            -136.23
          ],
          [
            211.815,
            -137.208
          ],
          [
            214.714,
            -139.485
          ],
          [
            216.658,
            -142.195
          ],
          [
            217.746,
            -143.728
          ],
          [
            218.61,
            -145.25
          ],
          [
            223.179,
            -155.801
          ],
          [
            226.825,
            -164.276
          ],
          [
            228.752,
            -169.063
          ],
          [
            250.191,
            -224.388
          ],
          [
            248.912,
            -223.499
          ],
          [
            247.965,
            -223.61
          ],
          [
            244.9,
            -221.611
          ],
          [
            241.618,
            -219.345
          ],
          [
            237.997,
            -218.345
          ],
          [
            232.979,
            -217.79
          ],
          [
            230.196,
            -218.512
          ],
          [
            220.278,
            -194.587
          ],
          [
            214.04,
            -193.754
          ],
          [
            198.224,
            -153.557
          ],
          [
            197.045,
            -150.68
          ],
          [
            193.531,
            -141.595
          ],
          [
            193.44,
            -140.873
          ],
          [
            193.606,
            -140.14
          ],
          [
            194.37,
            -139.307
          ],
          [
            195.359,
            -138.696
          ]
        ]
      },
      "properties": {
        "osm_id": 1097700438,
        "name": null,
        "highway": "footway",
        "lanes": null,
        "width_m": 2.0,
        "surface": "asphalt",
        "maxspeed": null
      }
    },
    {
      "type": "Feature",
      "id": 1097700439,
      "geometry": {
        "type": "LineString",
        "coordinates": [
          [
            122.463,
            -170.471
          ],
          [
            121.74,
            -168.616
          ],
          [
            182.848,
            -145.526
          ]
        ]
      },
      "properties": {
        "osm_id": 1097700439,
        "name": null,
        "highway": "footway",
        "lanes": null,
        "width_m": 2.0,
        "surface": null,
        "maxspeed": null
      }
    },
    {
      "type": "Feature",
      "id": 1097700440,
      "geometry": {
        "type": "LineString",
        "coordinates": [
          [
            113.578,
            -471.382
          ],
          [
            192.784,
            -441.139
          ],
          [
            280.82,
            -407.077
          ],
          [
            283.694,
            -406.633
          ],
          [
            282.607,
            -400.702
          ],
          [
            241.242,
            -292.251
          ]
        ]
      },
      "properties": {
        "osm_id": 1097700440,
        "name": null,
        "highway": "footway",
        "lanes": null,
        "width_m": 2.0,
        "surface": null,
        "maxspeed": null
      }
    },
    {
      "type": "Feature",
      "id": 1097700441,
      "geometry": {
        "type": "LineString",
        "coordinates": [
          [
            482.635,
            -160.59
          ],
          [
            484.13,
            -159.902
          ],
          [
            536.358,
            -138.436
          ]
        ]
      },
      "properties": {
        "osm_id": 1097700441,
        "name": null,
        "highway": "footway",
        "lanes": null,
        "width_m": 2.0,
        "surface": null,
        "maxspeed": null
      }
    },
    {
      "type": "Feature",
      "id": 1097700442,
      "geometry": {
        "type": "LineString",
        "coordinates": [
          [
            467.814,
            -165.065
          ],
          [
            469.966,
            -165.587
          ]
        ]
      },
      "properties": {
        "osm_id": 1097700442,
        "name": null,
        "highway": "footway",
        "lanes": null,
        "width_m": 2.0,
        "surface": null,
        "maxspeed": null
      }
    },
    {
      "type": "Feature",
      "id": 1097700443,
      "geometry": {
        "type": "LineString",
        "coordinates": [
          [
            469.966,
            -165.587
          ],
          [
            476.379,
            -162.889
          ],
          [
            482.635,
            -160.59
          ]
        ]
      },
      "properties": {
        "osm_id": 1097700443,
        "name": null,
        "highway": "footway",
        "lanes": null,
        "width_m": 2.0,
        "surface": null,
        "maxspeed": null
      }
    },
    {
      "type": "Feature",
      "id": 1097700444,
      "geometry": {
        "type": "LineString",
        "coordinates": [
          [
            438.007,
            -45.574
          ],
          [
            432.034,
            -48.04
          ],
          [
            426.618,
            -50.016
          ]
        ]
      },
      "properties": {
        "osm_id": 1097700444,
        "name": null,
        "highway": "footway",
        "lanes": null,
        "width_m": 2.0,
        "surface": null,
        "maxspeed": null
      }
    },
    {
      "type": "Feature",
      "id": 1097700471,
      "geometry": {
        "type": "LineString",
        "coordinates": [
          [
            347.442,
            -383.866
          ],
          [
            330.241,
            -340.304
          ],
          [
            299.135,
            -260.987
          ]
        ]
      },
      "properties": {
        "osm_id": 1097700471,
        "name": null,
        "highway": "footway",
        "lanes": null,
        "width_m": 2.0,
        "surface": null,
        "maxspeed": null
      }
    },
    {
      "type": "Feature",
      "id": 1097700472,
      "geometry": {
        "type": "LineString",
        "coordinates": [
          [
            319.148,
            -224.38
          ],
          [
            313.997,
            -226.29
          ],
          [
            309.113,
            -228.1
          ]
        ]
      },
      "properties": {
        "osm_id": 1097700472,
        "name": null,
        "highway": "footway",
        "lanes": null,
        "width_m": 2.0,
        "surface": null,
        "maxspeed": null
      }
    },
    {
      "type": "Feature",
      "id": 1097700473,
      "geometry": {
        "type": "LineString",
        "coordinates": [
          [
            268.072,
            -123.426
          ],
          [
            268.612,
            -123.248
          ]
        ]
      },
      "properties": {
        "osm_id": 1097700473,
        "name": null,
        "highway": "footway",
        "lanes": null,
        "width_m": 2.0,
        "surface": "sett",
        "maxspeed": null
      }
    },
    {
      "type": "Feature",
      "id": 1097700474,
      "geometry": {
        "type": "LineString",
        "coordinates": [
          [
            268.612,
            -123.248
          ],
          [
            264.126,
            -112.341
          ],
          [
            263.013,
            -111.708
          ],
          [
            261.393,
            -111.375
          ],
          [
            254.49,
            -114.007
          ],
          [
            250.727,
            -116.817
          ],
          [
            247.993,
            -121.47
          ],
          [
            247.412,
            -126.469
          ],
          [
            248.3,
            -131.078
          ],
          [
            250.061,
            -136.432
          ],
          [
            254.015,
            -146.639
          ],
          [
            259.082,
            -159.768
          ],
          [
            272.115,
            -194.566
          ],
          [
            274.54,
            -195.566
          ],
          [
            276.484,
            -195.677
          ],
          [
            278.968,
            -195.033
          ],
          [
            280.555,
            -193.423
          ],
          [
            285.257,
            -186.714
          ],
          [
            280.497,
            -172.675
          ],
          [
            285.257,
            -166.177
          ],
          [
            271.643,
            -131.301
          ],
          [
            268.612,
            -123.248
          ]
        ]
      },
      "properties": {
        "osm_id": 1097700474,
        "name": null,
        "highway": "footway",
        "lanes": null,
        "width_m": 2.0,
        "surface": null,
        "maxspeed": null
      }
    },
    {
      "type": "Feature",
      "id": 1097700475,
      "geometry": {
        "type": "LineString",
        "coordinates": [
          [
            426.8,
            -60.546
          ],
          [
            423.337,
            -51.36
          ],
          [
            404.612,
            -58.456
          ],
          [
            379.507,
            -68.118
          ],
          [
            369.762,
            -71.672
          ],
          [
            353.222,
            -78.224
          ],
          [
            326.921,
            -88.552
          ],
          [
            273.505,
            -109.765
          ],
          [
            276.886,
            -120.028
          ]
        ]
      },
      "properties": {
        "osm_id": 1097700475,
        "name": null,
        "highway": "footway",
        "lanes": null,
        "width_m": 2.0,
        "surface": "sett",
        "maxspeed": null
      }
    },
    {
      "type": "Feature",
      "id": 1097700476,
      "geometry": {
        "type": "LineString",
        "coordinates": [
          [
            426.8,
            -60.546
          ],
          [
            408.092,
            -67.753
          ],
          [
            383.145,
            -77.371
          ],
          [
            373.674,
            -81.146
          ],
          [
            356.869,
            -87.499
          ],
          [
            330.925,
            -98.038
          ],
          [
            276.886,
            -120.028
          ]
        ]
      },
      "properties": {
        "osm_id": 1097700476,
        "name": "Viale America",
        "highway": "pedestrian",
        "lanes": null,
        "width_m": 2.0,
        "surface": null,
        "maxspeed": null
      }
    },
    {
      "type": "Feature",
      "id": 1097700477,
      "geometry": {
        "type": "LineString",
        "coordinates": [
          [
            229.389,
            -259.519
          ],
          [
            234.315,
            -257.819
          ],
          [
            237.646,
            -256.676
          ]
        ]
      },
      "properties": {
        "osm_id": 1097700477,
        "name": null,
        "highway": "footway",
        "lanes": null,
        "width_m": 2.0,
        "surface": "asphalt",
        "maxspeed": null
      }
    },
    {
      "type": "Feature",
      "id": 1097700478,
      "geometry": {
        "type": "LineString",
        "coordinates": [
          [
            260.466,
            -255.199
          ],
          [
            252.823,
            -257.964
          ],
          [
            241.974,
            -261.929
          ],
          [
            239.947,
            -260.13
          ],
          [
            238.377,
            -256.376
          ],
          [
            228.667,
            -231.796
          ],
          [
            233.876,
            -226.664
          ],
          [
            236.883,
            -223.699
          ],
          [
            249.584,
            -231.696
          ],
          [
            254.228,
            -234.629
          ],
          [
            261.762,
            -254.844
          ]
        ]
      },
      "properties": {
        "osm_id": 1097700478,
        "name": null,
        "highway": "footway",
        "lanes": null,
        "width_m": 2.0,
        "surface": null,
        "maxspeed": null
      }
    },
    {
      "type": "Feature",
      "id": 1097700479,
      "geometry": {
        "type": "LineString",
        "coordinates": [
          [
            297.791,
            -205.719
          ],
          [
            293.173,
            -192.901
          ],
          [
            279.798,
            -212.871
          ],
          [
            292.531,
            -242.994
          ]
        ]
      },
      "properties": {
        "osm_id": 1097700479,
        "name": null,
        "highway": "footway",
        "lanes": null,
        "width_m": 2.0,
        "surface": null,
        "maxspeed": null
      }
    },
    {
      "type": "Feature",
      "id": 1122899547,
      "geometry": {
        "type": "LineString",
        "coordinates": [
          [
            -387.813,
            -234.801
          ],
          [
            -394.094,
            -222.806
          ],
          [
            -395.739,
            -221.162
          ]
        ]
      },
      "properties": {
        "osm_id": 1122899547,
        "name": null,
        "highway": "footway",
        "lanes": null,
        "width_m": 2.0,
        "surface": "concrete",
        "maxspeed": null
      }
    },
    {
      "type": "Feature",
      "id": 1122899548,
      "geometry": {
        "type": "LineString",
        "coordinates": [
          [
            -395.739,
            -221.162
          ],
          [
            -417.498,
            -164.884
          ]
        ]
      },
      "properties": {
        "osm_id": 1122899548,
        "name": null,
        "highway": "footway",
        "lanes": null,
        "width_m": 2.0,
        "surface": "wood",
        "maxspeed": null
      }
    },
    {
      "type": "Feature",
      "id": 1127987314,
      "geometry": {
        "type": "LineString",
        "coordinates": [
          [
            177.081,
            105.648
          ],
          [
            173.268,
            104.915
          ],
          [
            166.738,
            104.171
          ],
          [
            157.833,
            103.538
          ],
          [
            152.034,
            103.094
          ],
          [
            147.415,
            102.15
          ]
        ]
      },
      "properties": {
        "osm_id": 1127987314,
        "name": "Passeggiata del Giappone",
        "highway": "footway",
        "lanes": null,
        "width_m": 2.0,
        "surface": "paved",
        "maxspeed": null
      }
    },
    {
      "type": "Feature",
      "id": 1127987315,
      "geometry": {
        "type": "LineString",
        "coordinates": [
          [
            179.764,
            106.925
          ],
          [
            177.081,
            105.648
          ]
        ]
      },
      "properties": {
        "osm_id": 1127987315,
        "name": "Passeggiata del Giappone",
        "highway": "footway",
        "lanes": null,
        "width_m": 2.0,
        "surface": "paved",
        "maxspeed": null
      }
    },
    {
      "type": "Feature",
      "id": 1127987316,
      "geometry": {
        "type": "LineString",
        "coordinates": [
          [
            134.646,
            97.352
          ],
          [
            128.457,
            93.786
          ],
          [
            122.318,
            90.499
          ],
          [
            111.535,
            82.38
          ],
          [
            109.034,
            81.558
          ]
        ]
      },
      "properties": {
        "osm_id": 1127987316,
        "name": "Passeggiata del Giappone",
        "highway": "footway",
        "lanes": null,
        "width_m": 2.0,
        "surface": "paved",
        "maxspeed": null
      }
    },
    {
      "type": "Feature",
      "id": 1127987317,
      "geometry": {
        "type": "LineString",
        "coordinates": [
          [
            109.034,
            81.558
          ],
          [
            104.922,
            80.225
          ]
        ]
      },
      "properties": {
        "osm_id": 1127987317,
        "name": "Passeggiata del Giappone",
        "highway": "footway",
        "lanes": null,
        "width_m": 2.0,
        "surface": "paved",
        "maxspeed": null
      }
    },
    {
      "type": "Feature",
      "id": 1127987318,
      "geometry": {
        "type": "LineString",
        "coordinates": [
          [
            -100.889,
            -198.349
          ],
          [
            -100.482,
            -193.851
          ],
          [
            -100.1,
            -191.996
          ],
          [
            -99.652,
            -190.519
          ],
          [
            -98.455,
            -187.72
          ],
          [
            -97.508,
            -185.921
          ],
          [
            -93.928,
            -180.945
          ],
          [
            -89.933,
            -178.146
          ],
          [
            -89.301,
            -177.69
          ]
        ]
      },
      "properties": {
        "osm_id": 1127987318,
        "name": null,
        "highway": "footway",
        "lanes": null,
        "width_m": 2.0,
        "surface": null,
        "maxspeed": null
      }
    },
    {
      "type": "Feature",
      "id": 1176327616,
      "geometry": {
        "type": "LineString",
        "coordinates": [
          [
            347.729,
            -286.647
          ],
          [
            367.151,
            -278.74
          ]
        ]
      },
      "properties": {
        "osm_id": 1176327616,
        "name": null,
        "highway": "steps",
        "lanes": null,
        "width_m": 2.0,
        "surface": null,
        "maxspeed": null
      }
    },
    {
      "type": "Feature",
      "id": 1176327617,
      "geometry": {
        "type": "LineString",
        "coordinates": [
          [
            347.729,
            -286.647
          ],
          [
            344.622,
            -288.135
          ],
          [
            372.663,
            -359.51
          ],
          [
            373.626,
            -361.976
          ],
          [
            374.822,
            -365.019
          ],
          [
            376.617,
            -367.441
          ],
          [
            462.994,
            -333.78
          ],
          [
            461.457,
            -329.704
          ],
          [
            488.846,
            -318.999
          ],
          [
            493.963,
            -322.187
          ],
          [
            555.776,
            -298.089
          ]
        ]
      },
      "properties": {
        "osm_id": 1176327617,
        "name": null,
        "highway": "footway",
        "lanes": null,
        "width_m": 2.0,
        "surface": null,
        "maxspeed": null
      }
    },
    {
      "type": "Feature",
      "id": 1176327618,
      "geometry": {
        "type": "LineString",
        "coordinates": [
          [
            344.622,
            -288.135
          ],
          [
            343.152,
            -284.247
          ],
          [
            341.558,
            -280.016
          ],
          [
            339.763,
            -275.284
          ],
          [
            339.107,
            -273.54
          ]
        ]
      },
      "properties": {
        "osm_id": 1176327618,
        "name": null,
        "highway": "footway",
        "lanes": null,
        "width_m": 2.0,
        "surface": null,
        "maxspeed": null
      }
    },
    {
      "type": "Feature",
      "id": 1176327619,
      "geometry": {
        "type": "LineString",
        "coordinates": [
          [
            343.152,
            -284.247
          ],
          [
            365.98,
            -275.641
          ]
        ]
      },
      "properties": {
        "osm_id": 1176327619,
        "name": null,
        "highway": "steps",
        "lanes": null,
        "width_m": 2.0,
        "surface": null,
        "maxspeed": null
      }
    },
    {
      "type": "Feature",
      "id": 1176327620,
      "geometry": {
        "type": "LineString",
        "coordinates": [
          [
            341.558,
            -280.016
          ],
          [
            364.319,
            -270.798
          ]
        ]
      },
      "properties": {
        "osm_id": 1176327620,
        "name": null,
        "highway": "steps",
        "lanes": null,
        "width_m": 2.0,
        "surface": null,
        "maxspeed": null
      }
    },
    {
      "type": "Feature",
      "id": 1176327621,
      "geometry": {
        "type": "LineString",
        "coordinates": [
          [
            339.763,
            -275.284
          ],
          [
            362.459,
            -266.91
          ]
        ]
      },
      "properties": {
        "osm_id": 1176327621,
        "name": null,
        "highway": "steps",
        "lanes": null,
        "width_m": 2.0,
        "surface": null,
        "maxspeed": null
      }
    },
    {
      "type": "Feature",
      "id": 1176327623,
      "geometry": {
        "type": "LineString",
        "coordinates": [
          [
            373.626,
            -361.976
          ],
          [
            390.756,
            -355.068
          ]
        ]
      },
      "properties": {
        "osm_id": 1176327623,
        "name": null,
        "highway": "steps",
        "lanes": null,
        "width_m": 2.0,
        "surface": null,
        "maxspeed": null
      }
    },
    {
      "type": "Feature",
      "id": 1176327624,
      "geometry": {
        "type": "LineString",
        "coordinates": [
          [
            372.663,
            -359.51
          ],
          [
            389.883,
            -352.702
          ]
        ]
      },
      "properties": {
        "osm_id": 1176327624,
        "name": null,
        "highway": "steps",
        "lanes": null,
        "width_m": 2.0,
        "surface": null,
        "maxspeed": null
      }
    },
    {
      "type": "Feature",
      "id": 1176327638,
      "geometry": {
        "type": "LineString",
        "coordinates": [
          [
            373.674,
            -81.146
          ],
          [
            370.46,
            -73.471
          ],
          [
            369.762,
            -71.672
          ]
        ]
      },
      "properties": {
        "osm_id": 1176327638,
        "name": null,
        "highway": "footway",
        "lanes": null,
        "width_m": 2.0,
        "surface": null,
        "maxspeed": null
      }
    },
    {
      "type": "Feature",
      "id": 1177320328,
      "geometry": {
        "type": "LineString",
        "coordinates": [
          [
            198.567,
            -89.803
          ],
          [
            175.298,
            -99.488
          ]
        ]
      },
      "properties": {
        "osm_id": 1177320328,
        "name": null,
        "highway": "footway",
        "lanes": null,
        "width_m": 2.0,
        "surface": null,
        "maxspeed": null
      }
    },
    {
      "type": "Feature",
      "id": 1177320329,
      "geometry": {
        "type": "LineString",
        "coordinates": [
          [
            227.526,
            -78.43
          ],
          [
            250.329,
            -70.512
          ]
        ]
      },
      "properties": {
        "osm_id": 1177320329,
        "name": null,
        "highway": "footway",
        "lanes": null,
        "width_m": 2.0,
        "surface": null,
        "maxspeed": null
      }
    },
    {
      "type": "Feature",
      "id": 1177320330,
      "geometry": {
        "type": "LineString",
        "coordinates": [
          [
            195.892,
            -85.438
          ],
          [
            200.685,
            -83.572
          ],
          [
            199.423,
            -80.206
          ],
          [
            218.762,
            -72.71
          ],
          [
            219.966,
            -75.864
          ]
        ]
      },
      "properties": {
        "osm_id": 1177320330,
        "name": null,
        "highway": "footway",
        "lanes": null,
        "width_m": 2.0,
        "surface": null,
        "maxspeed": null
      }
    },
    {
      "type": "Feature",
      "id": 1177320331,
      "geometry": {
        "type": "LineString",
        "coordinates": [
          [
            219.966,
            -75.864
          ],
          [
            226.413,
            -73.354
          ]
        ]
      },
      "properties": {
        "osm_id": 1177320331,
        "name": null,
        "highway": "steps",
        "lanes": null,
        "width_m": 2.0,
        "surface": null,
        "maxspeed": null
      }
    },
    {
      "type": "Feature",
      "id": 1177320336,
      "geometry": {
        "type": "LineString",
        "coordinates": [
          [
            33.619,
            -147.634
          ],
          [
            27.222,
            -150.144
          ],
          [
            27.995,
            -152.51
          ]
        ]
      },
      "properties": {
        "osm_id": 1177320336,
        "name": null,
        "highway": "footway",
        "lanes": null,
        "width_m": 2.0,
        "surface": "asphalt",
        "maxspeed": null
      }
    },
    {
      "type": "Feature",
      "id": 1177320337,
      "geometry": {
        "type": "LineString",
        "coordinates": [
          [
            -49.211,
            -181.966
          ],
          [
            -50.05,
            -179.745
          ],
          [
            -43.612,
            -176.957
          ]
        ]
      },
      "properties": {
        "osm_id": 1177320337,
        "name": null,
        "highway": "footway",
        "lanes": null,
        "width_m": 2.0,
        "surface": null,
        "maxspeed": null
      }
    },
    {
      "type": "Feature",
      "id": 1177320338,
      "geometry": {
        "type": "LineString",
        "coordinates": [
          [
            -38.453,
            -190.896
          ],
          [
            -40.339,
            -185.787
          ],
          [
            -43.612,
            -176.957
          ],
          [
            -46.935,
            -167.971
          ]
        ]
      },
      "properties": {
        "osm_id": 1177320338,
        "name": null,
        "highway": "footway",
        "lanes": null,
        "width_m": 2.0,
        "surface": null,
        "maxspeed": null
      }
    },
    {
      "type": "Feature",
      "id": 1177320343,
      "geometry": {
        "type": "LineString",
        "coordinates": [
          [
            515.176,
            -472.821
          ],
          [
            436.94,
            -521.365
          ]
        ]
      },
      "properties": {
        "osm_id": 1177320343,
        "name": null,
        "highway": "steps",
        "lanes": null,
        "width_m": 2.0,
        "surface": null,
        "maxspeed": null
      }
    },
    {
      "type": "Feature",
      "id": 1177320348,
      "geometry": {
        "type": "LineString",
        "coordinates": [
          [
            428.377,
            -506.836
          ],
          [
            422.571,
            -489.798
          ]
        ]
      },
      "properties": {
        "osm_id": 1177320348,
        "name": null,
        "highway": "steps",
        "lanes": null,
        "width_m": 2.0,
        "surface": null,
        "maxspeed": null
      }
    },
    {
      "type": "Feature",
      "id": 1177320349,
      "geometry": {
        "type": "LineString",
        "coordinates": [
          [
            422.571,
            -489.798
          ],
          [
            509.047,
            -456.605
          ]
        ]
      },
      "properties": {
        "osm_id": 1177320349,
        "name": null,
        "highway": "footway",
        "lanes": null,
        "width_m": 2.0,
        "surface": null,
        "maxspeed": null
      }
    },
    {
      "type": "Feature",
      "id": 1177320354,
      "geometry": {
        "type": "LineString",
        "coordinates": [
          [
            408.092,
            -67.753
          ],
          [
            406.663,
            -63.943
          ],
          [
            404.246,
            -64.832
          ]
        ]
      },
      "properties": {
        "osm_id": 1177320354,
        "name": null,
        "highway": "footway",
        "lanes": null,
        "width_m": 2.0,
        "surface": null,
        "maxspeed": null
      }
    },
    {
      "type": "Feature",
      "id": 1177320355,
      "geometry": {
        "type": "LineString",
        "coordinates": [
          [
            404.246,
            -64.832
          ],
          [
            395.805,
            -68.13
          ]
        ]
      },
      "properties": {
        "osm_id": 1177320355,
        "name": null,
        "highway": "steps",
        "lanes": null,
        "width_m": 2.0,
        "surface": null,
        "maxspeed": null
      }
    },
    {
      "type": "Feature",
      "id": 1177320356,
      "geometry": {
        "type": "LineString",
        "coordinates": [
          [
            356.869,
            -87.499
          ],
          [
            355.697,
            -84.522
          ],
          [
            353.222,
            -78.224
          ]
        ]
      },
      "properties": {
        "osm_id": 1177320356,
        "name": null,
        "highway": "footway",
        "lanes": null,
        "width_m": 2.0,
        "surface": null,
        "maxspeed": null
      }
    },
    {
      "type": "Feature",
      "id": 1177320357,
      "geometry": {
        "type": "LineString",
        "coordinates": [
          [
            355.697,
            -84.522
          ],
          [
            359.286,
            -83.045
          ]
        ]
      },
      "properties": {
        "osm_id": 1177320357,
        "name": null,
        "highway": "footway",
        "lanes": null,
        "width_m": 2.0,
        "surface": null,
        "maxspeed": null
      }
    },
    {
      "type": "Feature",
      "id": 1177320358,
      "geometry": {
        "type": "LineString",
        "coordinates": [
          [
            359.286,
            -83.045
          ],
          [
            367.585,
            -79.491
          ]
        ]
      },
      "properties": {
        "osm_id": 1177320358,
        "name": null,
        "highway": "steps",
        "lanes": null,
        "width_m": 2.0,
        "surface": null,
        "maxspeed": null
      }
    },
    {
      "type": "Feature",
      "id": 1177320359,
      "geometry": {
        "type": "LineString",
        "coordinates": [
          [
            406.663,
            -63.943
          ],
          [
            404.612,
            -58.456
          ]
        ]
      },
      "properties": {
        "osm_id": 1177320359,
        "name": null,
        "highway": "footway",
        "lanes": null,
        "width_m": 2.0,
        "surface": null,
        "maxspeed": null
      }
    },
    {
      "type": "Feature",
      "id": 1177320360,
      "geometry": {
        "type": "LineString",
        "coordinates": [
          [
            419.25,
            -38.132
          ],
          [
            416.302,
            -30.356
          ]
        ]
      },
      "properties": {
        "osm_id": 1177320360,
        "name": null,
        "highway": "footway",
        "lanes": null,
        "width_m": 2.0,
        "surface": null,
        "maxspeed": null
      }
    },
    {
      "type": "Feature",
      "id": 1177320361,
      "geometry": {
        "type": "LineString",
        "coordinates": [
          [
            490.819,
            -10.48
          ],
          [
            487.638,
            -2.371
          ]
        ]
      },
      "properties": {
        "osm_id": 1177320361,
        "name": null,
        "highway": "footway",
        "lanes": null,
        "width_m": 2.0,
        "surface": null,
        "maxspeed": null
      }
    },
    {
      "type": "Feature",
      "id": 1177320362,
      "geometry": {
        "type": "LineString",
        "coordinates": [
          [
            504.908,
            -19.277
          ],
          [
            502.997,
            -20.121
          ],
          [
            495.844,
            -22.975
          ],
          [
            492.92,
            -15.856
          ],
          [
            490.819,
            -10.48
          ]
        ]
      },
      "properties": {
        "osm_id": 1177320362,
        "name": null,
        "highway": "footway",
        "lanes": null,
        "width_m": 2.0,
        "surface": null,
        "maxspeed": null
      }
    },
    {
      "type": "Feature",
      "id": 1177320365,
      "geometry": {
        "type": "LineString",
        "coordinates": [
          [
            503.773,
            -443.709
          ],
          [
            499.545,
            -433.379
          ]
        ]
      },
      "properties": {
        "osm_id": 1177320365,
        "name": null,
        "highway": "footway",
        "lanes": null,
        "width_m": 2.0,
        "surface": null,
        "maxspeed": null
      }
    },
    {
      "type": "Feature",
      "id": 1177320366,
      "geometry": {
        "type": "LineString",
        "coordinates": [
          [
            499.545,
            -433.379
          ],
          [
            496.755,
            -426.548
          ]
        ]
      },
      "properties": {
        "osm_id": 1177320366,
        "name": null,
        "highway": "footway",
        "lanes": null,
        "width_m": 2.0,
        "surface": null,
        "maxspeed": null
      }
    },
    {
      "type": "Feature",
      "id": 1177320375,
      "geometry": {
        "type": "LineString",
        "coordinates": [
          [
            422.571,
            -489.798
          ],
          [
            419.307,
            -481.29
          ]
        ]
      },
      "properties": {
        "osm_id": 1177320375,
        "name": null,
        "highway": "footway",
        "lanes": null,
        "width_m": 2.0,
        "surface": null,
        "maxspeed": null
      }
    },
    {
      "type": "Feature",
      "id": 1177320376,
      "geometry": {
        "type": "LineString",
        "coordinates": [
          [
            419.307,
            -481.29
          ],
          [
            404.532,
            -440.915
          ]
        ]
      },
      "properties": {
        "osm_id": 1177320376,
        "name": null,
        "highway": "steps",
        "lanes": null,
        "width_m": 2.0,
        "surface": null,
        "maxspeed": null
      }
    },
    {
      "type": "Feature",
      "id": 1177320377,
      "geometry": {
        "type": "LineString",
        "coordinates": [
          [
            404.532,
            -440.915
          ],
          [
            393.768,
            -415.635
          ],
          [
            391.251,
            -409.715
          ],
          [
            386.135,
            -397.697
          ]
        ]
      },
      "properties": {
        "osm_id": 1177320377,
        "name": null,
        "highway": "footway",
        "lanes": null,
        "width_m": 2.0,
        "surface": null,
        "maxspeed": null
      }
    },
    {
      "type": "Feature",
      "id": 1177320391,
      "geometry": {
        "type": "LineString",
        "coordinates": [
          [
            331.096,
            -524.713
          ],
          [
            304.418,
            -458.026
          ]
        ]
      },
      "properties": {
        "osm_id": 1177320391,
        "name": null,
        "highway": "footway",
        "lanes": null,
        "width_m": 2.0,
        "surface": null,
        "maxspeed": null
      }
    },
    {
      "type": "Feature",
      "id": 1177320392,
      "geometry": {
        "type": "LineString",
        "coordinates": [
          [
            304.418,
            -458.026
          ],
          [
            301.66,
            -450.717
          ],
          [
            292.05,
            -425.26
          ]
        ]
      },
      "properties": {
        "osm_id": 1177320392,
        "name": null,
        "highway": "footway",
        "lanes": null,
        "width_m": 2.0,
        "surface": null,
        "maxspeed": null
      }
    },
    {
      "type": "Feature",
      "id": 1177320393,
      "geometry": {
        "type": "LineString",
        "coordinates": [
          [
            391.251,
            -409.715
          ],
          [
            417.792,
            -399.009
          ]
        ]
      },
      "properties": {
        "osm_id": 1177320393,
        "name": null,
        "highway": "steps",
        "lanes": null,
        "width_m": 2.0,
        "surface": null,
        "maxspeed": null
      }
    },
    {
      "type": "Feature",
      "id": 1181329899,
      "geometry": {
        "type": "LineString",
        "coordinates": [
          [
            147.544,
            311.861
          ],
          [
            137.001,
            308.273
          ]
        ]
      },
      "properties": {
        "osm_id": 1181329899,
        "name": null,
        "highway": "footway",
        "lanes": null,
        "width_m": 2.0,
        "surface": null,
        "maxspeed": null
      }
    },
    {
      "type": "Feature",
      "id": 1181329900,
      "geometry": {
        "type": "LineString",
        "coordinates": [
          [
            137.001,
            308.273
          ],
          [
            123.759,
            303.775
          ]
        ]
      },
      "properties": {
        "osm_id": 1181329900,
        "name": null,
        "highway": "footway",
        "lanes": null,
        "width_m": 2.0,
        "surface": null,
        "maxspeed": null
      }
    },
    {
      "type": "Feature",
      "id": 1181329901,
      "geometry": {
        "type": "LineString",
        "coordinates": [
          [
            150.443,
            312.849
          ],
          [
            147.544,
            311.861
          ]
        ]
      },
      "properties": {
        "osm_id": 1181329901,
        "name": null,
        "highway": "footway",
        "lanes": null,
        "width_m": 2.0,
        "surface": null,
        "maxspeed": null
      }
    },
    {
      "type": "Feature",
      "id": 1181329903,
      "geometry": {
        "type": "LineString",
        "coordinates": [
          [
            -57.713,
            333.987
          ],
          [
            -103.731,
            414.568
          ],
          [
            -55.479,
            435.249
          ],
          [
            -21.617,
            449.755
          ],
          [
            -14.306,
            429.107
          ],
          [
            -20.803,
            423.521
          ],
          [
            -24.466,
            420.366
          ],
          [
            -25.555,
            421.41
          ],
          [
            -31.046,
            415.779
          ],
          [
            -29.883,
            414.657
          ],
          [
            -36.272,
            406.849
          ],
          [
            -41.78,
            399.452
          ],
          [
            -47.022,
            389.122
          ],
          [
            -50.611,
            381.092
          ],
          [
            -54.573,
            363.876
          ],
          [
            -56.235,
            351.003
          ],
          [
            -57.713,
            333.987
          ]
        ]
      },
      "properties": {
        "osm_id": 1181329903,
        "name": null,
        "highway": "pedestrian",
        "lanes": null,
        "width_m": 2.0,
        "surface": null,
        "maxspeed": null
      }
    },
    {
      "type": "Feature",
      "id": 1181329904,
      "geometry": {
        "type": "LineString",
        "coordinates": [
          [
            32.243,
            446.512
          ],
          [
            24.35,
            467.693
          ],
          [
            39.03,
            472.713
          ],
          [
            73.633,
            484.542
          ],
          [
            109.257,
            497.559
          ],
          [
            131.387,
            401.494
          ],
          [
            126.909,
            407.737
          ],
          [
            118.203,
            417.178
          ],
          [
            108.35,
            425.841
          ],
          [
            103.1,
            429.929
          ],
          [
            96.437,
            434.249
          ],
          [
            85.437,
            439.492
          ],
          [
            77.886,
            442.802
          ],
          [
            67.908,
            445.101
          ],
          [
            62.018,
            446.123
          ],
          [
            55.986,
            447.212
          ],
          [
            56.169,
            448.6
          ],
          [
            48.368,
            449.644
          ],
          [
            48.152,
            448.067
          ],
          [
            44.821,
            448.089
          ],
          [
            37.576,
            447.267
          ],
          [
            32.243,
            446.512
          ]
        ]
      },
      "properties": {
        "osm_id": 1181329904,
        "name": null,
        "highway": "pedestrian",
        "lanes": null,
        "width_m": 2.0,
        "surface": null,
        "maxspeed": null
      }
    },
    {
      "type": "Feature",
      "id": 1181329906,
      "geometry": {
        "type": "LineString",
        "coordinates": [
          [
            0.914,
            251.984
          ],
          [
            -12.52,
            245.576
          ]
        ]
      },
      "properties": {
        "osm_id": 1181329906,
        "name": "Piazzale dello Sport",
        "highway": "footway",
        "lanes": null,
        "width_m": 2.0,
        "surface": null,
        "maxspeed": null
      }
    },
    {
      "type": "Feature",
      "id": 1230310255,
      "geometry": {
        "type": "LineString",
        "coordinates": [
          [
            -154.658,
            422.764
          ],
          [
            -157.682,
            426.884
          ],
          [
            -160.016,
            426.529
          ]
        ]
      },
      "properties": {
        "osm_id": 1230310255,
        "name": null,
        "highway": "footway",
        "lanes": null,
        "width_m": 2.0,
        "surface": "asphalt",
        "maxspeed": null
      }
    },
    {
      "type": "Feature",
      "id": 1230310257,
      "geometry": {
        "type": "LineString",
        "coordinates": [
          [
            -187.415,
            428.683
          ],
          [
            -188.828,
            430.416
          ],
          [
            -189.792,
            432.204
          ],
          [
            -190.888,
            434.47
          ],
          [
            -191.453,
            436.169
          ]
        ]
      },
      "properties": {
        "osm_id": 1230310257,
        "name": null,
        "highway": "footway",
        "lanes": null,
        "width_m": 2.0,
        "surface": null,
        "maxspeed": null
      }
    },
    {
      "type": "Feature",
      "id": 1230310258,
      "geometry": {
        "type": "LineString",
        "coordinates": [
          [
            -191.453,
            436.169
          ],
          [
            -188.08,
            437.135
          ],
          [
            -185.106,
            438.135
          ],
          [
            -182.132,
            439.579
          ],
          [
            -179.332,
            440.712
          ],
          [
            -176.267,
            441.578
          ],
          [
            -173.201,
            442.934
          ],
          [
            -170.36,
            444.2
          ],
          [
            -167.735,
            445.633
          ],
          [
            -165.94,
            446.766
          ],
          [
            -164.362,
            448.51
          ],
          [
            -163.033,
            450.276
          ],
          [
            -162.493,
            451.953
          ],
          [
            -161.836,
            453.552
          ],
          [
            -161.479,
            455.107
          ],
          [
            -160.939,
            456.762
          ],
          [
            -160.075,
            458.65
          ],
          [
            -159.336,
            460.672
          ],
          [
            -158.356,
            463.215
          ],
          [
            -157.583,
            464.837
          ],
          [
            -155.207,
            470.124
          ],
          [
            -154.659,
            472.99
          ],
          [
            -153.595,
            476.255
          ],
          [
            -153.047,
            479.276
          ],
          [
            -152.441,
            482.53
          ],
          [
            -151.685,
            485.052
          ],
          [
            -149.666,
            491.627
          ],
          [
            -148.91,
            494.893
          ],
          [
            -148.055,
            497.703
          ],
          [
            -146.991,
            501.624
          ],
          [
            -145.886,
            504.733
          ],
          [
            -144.723,
            507.044
          ],
          [
            -143.618,
            510.409
          ],
          [
            -143.062,
            512.675
          ],
          [
            -142.406,
            513.83
          ],
          [
            -140.545,
            514.83
          ],
          [
            -139.132,
            515.53
          ],
          [
            -137.404,
            515.763
          ]
        ]
      },
      "properties": {
        "osm_id": 1230310258,
        "name": null,
        "highway": "footway",
        "lanes": null,
        "width_m": 2.0,
        "surface": null,
        "maxspeed": null
      }
    },
    {
      "type": "Feature",
      "id": 1230310260,
      "geometry": {
        "type": "LineString",
        "coordinates": [
          [
            -173.618,
            485.129
          ],
          [
            -167.013,
            486.873
          ],
          [
            -163.69,
            487.739
          ],
          [
            -159.744,
            488.706
          ],
          [
            -158.173,
            489.794
          ],
          [
            -156.985,
            491.094
          ],
          [
            -156.03,
            493.193
          ],
          [
            -155.149,
            495.159
          ],
          [
            -154.41,
            496.503
          ],
          [
            -152.965,
            498.202
          ],
          [
            -151.253,
            499.169
          ],
          [
            -149.683,
            499.946
          ],
          [
            -146.991,
            501.624
          ]
        ]
      },
      "properties": {
        "osm_id": 1230310260,
        "name": null,
        "highway": "footway",
        "lanes": null,
        "width_m": 2.0,
        "surface": null,
        "maxspeed": null
      }
    },
    {
      "type": "Feature",
      "id": 1304151449,
      "geometry": {
        "type": "LineString",
        "coordinates": [
          [
            349.684,
            -395.884
          ],
          [
            343.371,
            -398.439
          ],
          [
            327.297,
            -404.569
          ],
          [
            321.216,
            -406.957
          ]
        ]
      },
      "properties": {
        "osm_id": 1304151449,
        "name": null,
        "highway": "footway",
        "lanes": null,
        "width_m": 2.0,
        "surface": null,
        "maxspeed": null
      }
    },
    {
      "type": "Feature",
      "id": 1304151450,
      "geometry": {
        "type": "LineString",
        "coordinates": [
          [
            319.14,
            -405.712
          ],
          [
            317.686,
            -402.014
          ],
          [
            316.357,
            -398.671
          ]
        ]
      },
      "properties": {
        "osm_id": 1304151450,
        "name": null,
        "highway": "footway",
        "lanes": null,
        "width_m": 2.0,
        "surface": null,
        "maxspeed": null
      }
    },
    {
      "type": "Feature",
      "id": 1304151451,
      "geometry": {
        "type": "LineString",
        "coordinates": [
          [
            348.248,
            -386.11
          ],
          [
            349.61,
            -389.709
          ],
          [
            351.022,
            -393.419
          ]
        ]
      },
      "properties": {
        "osm_id": 1304151451,
        "name": null,
        "highway": "footway",
        "lanes": null,
        "width_m": 2.0,
        "surface": null,
        "maxspeed": null
      }
    },
    {
      "type": "Feature",
      "id": 1304151455,
      "geometry": {
        "type": "LineString",
        "coordinates": [
          [
            286.727,
            -405.556
          ],
          [
            290.49,
            -404.212
          ],
          [
            295.0,
            -402.624
          ]
        ]
      },
      "properties": {
        "osm_id": 1304151455,
        "name": null,
        "highway": "footway",
        "lanes": null,
        "width_m": 2.0,
        "surface": null,
        "maxspeed": null
      }
    },
    {
      "type": "Feature",
      "id": 1352499299,
      "geometry": {
        "type": "LineString",
        "coordinates": [
          [
            -27.449,
            471.825
          ],
          [
            -20.296,
            474.502
          ],
          [
            -3.747,
            480.555
          ],
          [
            3.739,
            483.487
          ],
          [
            9.895,
            485.786
          ],
          [
            12.279,
            486.675
          ]
        ]
      },
      "properties": {
        "osm_id": 1352499299,
        "name": null,
        "highway": "footway",
        "lanes": null,
        "width_m": 2.0,
        "surface": "asphalt",
        "maxspeed": null
      }
    },
    {
      "type": "Feature",
      "id": 1369586939,
      "geometry": {
        "type": "LineString",
        "coordinates": [
          [
            373.961,
            0.212
          ],
          [
            375.165,
            -2.953
          ],
          [
            377.516,
            -9.173
          ],
          [
            379.584,
            -14.627
          ],
          [
            380.855,
            -17.97
          ],
          [
            382.948,
            -23.49
          ],
          [
            384.261,
            -26.967
          ],
          [
            385.947,
            -31.399
          ]
        ]
      },
      "properties": {
        "osm_id": 1369586939,
        "name": null,
        "highway": "footway",
        "lanes": null,
        "width_m": 2.0,
        "surface": "asphalt",
        "maxspeed": null
      }
    },
    {
      "type": "Feature",
      "id": 1369586940,
      "geometry": {
        "type": "LineString",
        "coordinates": [
          [
            441.433,
            9.15
          ],
          [
            442.845,
            5.806
          ],
          [
            445.13,
            0.364
          ],
          [
            446.376,
            -2.891
          ],
          [
            448.751,
            -8.822
          ]
        ]
      },
      "properties": {
        "osm_id": 1369586940,
        "name": null,
        "highway": "footway",
        "lanes": null,
        "width_m": 2.0,
        "surface": null,
        "maxspeed": null
      }
    },
    {
      "type": "Feature",
      "id": 1383760370,
      "geometry": {
        "type": "LineString",
        "coordinates": [
          [
            197.742,
            -455.101
          ],
          [
            195.874,
            -449.725
          ],
          [
            193.772,
            -443.972
          ]
        ]
      },
      "properties": {
        "osm_id": 1383760370,
        "name": null,
        "highway": "footway",
        "lanes": null,
        "width_m": 2.0,
        "surface": null,
        "maxspeed": null
      }
    },
    {
      "type": "Feature",
      "id": 1383958484,
      "geometry": {
        "type": "LineString",
        "coordinates": [
          [
            463.1,
            -97.312
          ],
          [
            457.476,
            -96.612
          ],
          [
            451.071,
            -97.889
          ]
        ]
      },
      "properties": {
        "osm_id": 1383958484,
        "name": null,
        "highway": "footway",
        "lanes": null,
        "width_m": 2.0,
        "surface": null,
        "maxspeed": null
      }
    },
    {
      "type": "Feature",
      "id": 1383958486,
      "geometry": {
        "type": "LineString",
        "coordinates": [
          [
            370.46,
            -73.471
          ],
          [
            363.249,
            -76.292
          ]
        ]
      },
      "properties": {
        "osm_id": 1383958486,
        "name": null,
        "highway": "footway",
        "lanes": null,
        "width_m": 2.0,
        "surface": null,
        "maxspeed": null
      }
    },
    {
      "type": "Feature",
      "id": 1383958487,
      "geometry": {
        "type": "LineString",
        "coordinates": [
          [
            369.762,
            -71.672
          ],
          [
            367.254,
            -65.019
          ]
        ]
      },
      "properties": {
        "osm_id": 1383958487,
        "name": null,
        "highway": "footway",
        "lanes": null,
        "width_m": 2.0,
        "surface": null,
        "maxspeed": null
      }
    },
    {
      "type": "Feature",
      "id": 1383958494,
      "geometry": {
        "type": "LineString",
        "coordinates": [
          [
            276.886,
            -120.028
          ],
          [
            319.148,
            -224.38
          ],
          [
            467.814,
            -165.065
          ],
          [
            426.8,
            -60.546
          ]
        ]
      },
      "properties": {
        "osm_id": 1383958494,
        "name": null,
        "highway": "footway",
        "lanes": null,
        "width_m": 2.0,
        "surface": null,
        "maxspeed": null
      }
    },
    {
      "type": "Feature",
      "id": 1391462723,
      "geometry": {
        "type": "LineString",
        "coordinates": [
          [
            223.335,
            -476.172
          ],
          [
            225.769,
            -482.58
          ]
        ]
      },
      "properties": {
        "osm_id": 1391462723,
        "name": null,
        "highway": "footway",
        "lanes": null,
        "width_m": 2.0,
        "surface": "asphalt",
        "maxspeed": null
      }
    },
    {
      "type": "Feature",
      "id": 1391462724,
      "geometry": {
        "type": "LineString",
        "coordinates": [
          [
            207.353,
            -477.737
          ],
          [
            227.329,
            -529.508
          ]
        ]
      },
      "properties": {
        "osm_id": 1391462724,
        "name": null,
        "highway": "footway",
        "lanes": null,
        "width_m": 2.0,
        "surface": "asphalt",
        "maxspeed": null
      }
    },
    {
      "type": "Feature",
      "id": 1391462725,
      "geometry": {
        "type": "LineString",
        "coordinates": [
          [
            149.363,
            -476.136
          ],
          [
            124.784,
            -485.666
          ]
        ]
      },
      "properties": {
        "osm_id": 1391462725,
        "name": null,
        "highway": "footway",
        "lanes": null,
        "width_m": 2.0,
        "surface": "asphalt",
        "maxspeed": null
      }
    },
    {
      "type": "Feature",
      "id": 1391462726,
      "geometry": {
        "type": "LineString",
        "coordinates": [
          [
            64.07,
            -485.865
          ],
          [
            68.979,
            -498.471
          ],
          [
            72.85,
            -508.423
          ]
        ]
      },
      "properties": {
        "osm_id": 1391462726,
        "name": null,
        "highway": "footway",
        "lanes": null,
        "width_m": 2.0,
        "surface": "unpaved",
        "maxspeed": null
      }
    },
    {
      "type": "Feature",
      "id": 1391462727,
      "geometry": {
        "type": "LineString",
        "coordinates": [
          [
            64.07,
            -485.865
          ],
          [
            63.654,
            -484.299
          ],
          [
            51.926,
            -454.765
          ]
        ]
      },
      "properties": {
        "osm_id": 1391462727,
        "name": null,
        "highway": "footway",
        "lanes": null,
        "width_m": 2.0,
        "surface": "asphalt",
        "maxspeed": null
      }
    },
    {
      "type": "Feature",
      "id": 1391462732,
      "geometry": {
        "type": "LineString",
        "coordinates": [
          [
            124.784,
            -485.666
          ],
          [
            124.202,
            -487.465
          ],
          [
            124.651,
            -490.142
          ],
          [
            130.083,
            -504.837
          ]
        ]
      },
      "properties": {
        "osm_id": 1391462732,
        "name": null,
        "highway": "footway",
        "lanes": null,
        "width_m": 2.0,
        "surface": "asphalt",
        "maxspeed": null
      }
    },
    {
      "type": "Feature",
      "id": 1392446665,
      "geometry": {
        "type": "LineString",
        "coordinates": [
          [
            332.139,
            463.243
          ],
          [
            336.093,
            464.864
          ],
          [
            339.358,
            466.208
          ]
        ]
      },
      "properties": {
        "osm_id": 1392446665,
        "name": null,
        "highway": "footway",
        "lanes": null,
        "width_m": 2.0,
        "surface": "asphalt",
        "maxspeed": null
      }
    },
    {
      "type": "Feature",
      "id": 1392446666,
      "geometry": {
        "type": "LineString",
        "coordinates": [
          [
            348.538,
            450.513
          ],
          [
            345.29,
            457.866
          ],
          [
            342.316,
            464.642
          ]
        ]
      },
      "properties": {
        "osm_id": 1392446666,
        "name": null,
        "highway": "footway",
        "lanes": null,
        "width_m": 2.0,
        "surface": "asphalt",
        "maxspeed": null
      }
    },
    {
      "type": "Feature",
      "id": 1392446667,
      "geometry": {
        "type": "LineString",
        "coordinates": [
          [
            332.139,
            463.243
          ],
          [
            332.106,
            462.265
          ],
          [
            332.056,
            460.999
          ]
        ]
      },
      "properties": {
        "osm_id": 1392446667,
        "name": null,
        "highway": "footway",
        "lanes": null,
        "width_m": 2.0,
        "surface": "asphalt",
        "maxspeed": null
      }
    },
    {
      "type": "Feature",
      "id": 1392446668,
      "geometry": {
        "type": "LineString",
        "coordinates": [
          [
            332.056,
            460.999
          ],
          [
            335.262,
            453.879
          ],
          [
            338.435,
            446.726
          ]
        ]
      },
      "properties": {
        "osm_id": 1392446668,
        "name": null,
        "highway": "footway",
        "lanes": null,
        "width_m": 2.0,
        "surface": "asphalt",
        "maxspeed": null
      }
    },
    {
      "type": "Feature",
      "id": 1392446669,
      "geometry": {
        "type": "LineString",
        "coordinates": [
          [
            338.435,
            446.726
          ],
          [
            339.075,
            445.727
          ],
          [
            340.645,
            444.949
          ],
          [
            341.235,
            445.138
          ]
        ]
      },
      "properties": {
        "osm_id": 1392446669,
        "name": null,
        "highway": "footway",
        "lanes": null,
        "width_m": 2.0,
        "surface": "asphalt",
        "maxspeed": null
      }
    },
    {
      "type": "Feature",
      "id": 1392446670,
      "geometry": {
        "type": "LineString",
        "coordinates": [
          [
            341.235,
            445.138
          ],
          [
            344.907,
            446.559
          ],
          [
            347.715,
            447.603
          ]
        ]
      },
      "properties": {
        "osm_id": 1392446670,
        "name": null,
        "highway": "footway",
        "lanes": null,
        "width_m": 2.0,
        "surface": "asphalt",
        "maxspeed": null
      }
    },
    {
      "type": "Feature",
      "id": 1392446671,
      "geometry": {
        "type": "LineString",
        "coordinates": [
          [
            342.316,
            464.642
          ],
          [
            341.876,
            465.364
          ],
          [
            340.58,
            465.586
          ],
          [
            340.098,
            466.497
          ],
          [
            339.358,
            466.208
          ]
        ]
      },
      "properties": {
        "osm_id": 1392446671,
        "name": null,
        "highway": "footway",
        "lanes": null,
        "width_m": 2.0,
        "surface": "asphalt",
        "maxspeed": null
      }
    },
    {
      "type": "Feature",
      "id": 1392446672,
      "geometry": {
        "type": "LineString",
        "coordinates": [
          [
            347.715,
            447.603
          ],
          [
            348.928,
            449.136
          ],
          [
            348.538,
            450.513
          ]
        ]
      },
      "properties": {
        "osm_id": 1392446672,
        "name": null,
        "highway": "footway",
        "lanes": null,
        "width_m": 2.0,
        "surface": "asphalt",
        "maxspeed": null
      }
    },
    {
      "type": "Feature",
      "id": 1392446673,
      "geometry": {
        "type": "LineString",
        "coordinates": [
          [
            332.106,
            462.265
          ],
          [
            330.377,
            461.888
          ],
          [
            287.309,
            444.851
          ]
        ]
      },
      "properties": {
        "osm_id": 1392446673,
        "name": null,
        "highway": "footway",
        "lanes": null,
        "width_m": 2.0,
        "surface": "asphalt",
        "maxspeed": null
      }
    },
    {
      "type": "Feature",
      "id": 1392446674,
      "geometry": {
        "type": "LineString",
        "coordinates": [
          [
            339.075,
            445.727
          ],
          [
            334.364,
            444.172
          ],
          [
            306.583,
            433.244
          ]
        ]
      },
      "properties": {
        "osm_id": 1392446674,
        "name": null,
        "highway": "footway",
        "lanes": null,
        "width_m": 2.0,
        "surface": "asphalt",
        "maxspeed": null
      }
    },
    {
      "type": "Feature",
      "id": 1392446675,
      "geometry": {
        "type": "LineString",
        "coordinates": [
          [
            341.876,
            465.364
          ],
          [
            343.429,
            466.263
          ],
          [
            444.189,
            504.999
          ]
        ]
      },
      "properties": {
        "osm_id": 1392446675,
        "name": null,
        "highway": "footway",
        "lanes": null,
        "width_m": 2.0,
        "surface": "asphalt",
        "maxspeed": null
      }
    },
    {
      "type": "Feature",
      "id": 1392446676,
      "geometry": {
        "type": "LineString",
        "coordinates": [
          [
            470.541,
            496.3
          ],
          [
            467.957,
            495.712
          ],
          [
            348.928,
            449.136
          ]
        ]
      },
      "properties": {
        "osm_id": 1392446676,
        "name": null,
        "highway": "footway",
        "lanes": null,
        "width_m": 2.0,
        "surface": "asphalt",
        "maxspeed": null
      }
    },
    {
      "type": "Feature",
      "id": 1392446677,
      "geometry": {
        "type": "LineString",
        "coordinates": [
          [
            340.645,
            444.949
          ],
          [
            342.747,
            440.562
          ],
          [
            344.433,
            437.752
          ],
          [
            346.693,
            434.886
          ],
          [
            348.919,
            432.687
          ]
        ]
      },
      "properties": {
        "osm_id": 1392446677,
        "name": null,
        "highway": "footway",
        "lanes": null,
        "width_m": 2.0,
        "surface": "asphalt",
        "maxspeed": null
      }
    },
    {
      "type": "Feature",
      "id": 1409263451,
      "geometry": {
        "type": "LineString",
        "coordinates": [
          [
            347.442,
            -383.866
          ],
          [
            348.248,
            -386.11
          ]
        ]
      },
      "properties": {
        "osm_id": 1409263451,
        "name": null,
        "highway": "footway",
        "lanes": null,
        "width_m": 2.0,
        "surface": null,
        "maxspeed": null
      }
    },
    {
      "type": "Feature",
      "id": 1409263452,
      "geometry": {
        "type": "LineString",
        "coordinates": [
          [
            351.022,
            -393.419
          ],
          [
            351.695,
            -395.107
          ]
        ]
      },
      "properties": {
        "osm_id": 1409263452,
        "name": null,
        "highway": "footway",
        "lanes": null,
        "width_m": 2.0,
        "surface": null,
        "maxspeed": null
      }
    },
    {
      "type": "Feature",
      "id": 1409263453,
      "geometry": {
        "type": "LineString",
        "coordinates": [
          [
            316.357,
            -398.671
          ],
          [
            315.576,
            -396.693
          ]
        ]
      },
      "properties": {
        "osm_id": 1409263453,
        "name": null,
        "highway": "footway",
        "lanes": null,
        "width_m": 2.0,
        "surface": null,
        "maxspeed": null
      }
    },
    {
      "type": "Feature",
      "id": 1409263454,
      "geometry": {
        "type": "LineString",
        "coordinates": [
          [
            319.812,
            -407.49
          ],
          [
            319.14,
            -405.712
          ]
        ]
      },
      "properties": {
        "osm_id": 1409263454,
        "name": null,
        "highway": "footway",
        "lanes": null,
        "width_m": 2.0,
        "surface": null,
        "maxspeed": null
      }
    },
    {
      "type": "Feature",
      "id": 1409263455,
      "geometry": {
        "type": "LineString",
        "coordinates": [
          [
            368.351,
            -377.414
          ],
          [
            366.922,
            -377.981
          ],
          [
            366.307,
            -376.648
          ]
        ]
      },
      "properties": {
        "osm_id": 1409263455,
        "name": null,
        "highway": "footway",
        "lanes": null,
        "width_m": 2.0,
        "surface": null,
        "maxspeed": null
      }
    },
    {
      "type": "Feature",
      "id": 1409263456,
      "geometry": {
        "type": "LineString",
        "coordinates": [
          [
            392.873,
            -367.741
          ],
          [
            380.197,
            -372.672
          ],
          [
            376.949,
            -374.005
          ],
          [
            372.388,
            -375.837
          ],
          [
            368.351,
            -377.414
          ]
        ]
      },
      "properties": {
        "osm_id": 1409263456,
        "name": null,
        "highway": "footway",
        "lanes": null,
        "width_m": 2.0,
        "surface": null,
        "maxspeed": null
      }
    },
    {
      "type": "Feature",
      "id": 1423179492,
      "geometry": {
        "type": "LineString",
        "coordinates": [
          [
            301.66,
            -450.717
          ],
          [
            306.686,
            -452.017
          ],
          [
            315.698,
            -465.324
          ],
          [
            329.262,
            -487.694
          ],
          [
            341.596,
            -509.264
          ],
          [
            345.94,
            -518.539
          ],
          [
            345.815,
            -524.703
          ],
          [
            344.66,
            -534.821
          ],
          [
            342.774,
            -544.096
          ],
          [
            342.151,
            -547.639
          ],
          [
            341.894,
            -549.094
          ],
          [
            341.603,
            -552.659
          ],
          [
            341.511,
            -555.258
          ]
        ]
      },
      "properties": {
        "osm_id": 1423179492,
        "name": null,
        "highway": "footway",
        "lanes": null,
        "width_m": 2.0,
        "surface": null,
        "maxspeed": null
      }
    },
    {
      "type": "Feature",
      "id": 1423179501,
      "geometry": {
        "type": "LineString",
        "coordinates": [
          [
            393.768,
            -415.635
          ],
          [
            391.051,
            -417.312
          ],
          [
            390.719,
            -419.0
          ],
          [
            390.918,
            -420.877
          ],
          [
            397.063,
            -452.055
          ],
          [
            404.131,
            -484.999
          ],
          [
            405.426,
            -489.997
          ],
          [
            406.365,
            -492.54
          ],
          [
            407.395,
            -494.895
          ],
          [
            408.765,
            -497.061
          ],
          [
            410.518,
            -499.238
          ],
          [
            412.461,
            -500.971
          ],
          [
            414.214,
            -502.326
          ],
          [
            425.045,
            -509.991
          ],
          [
            428.75,
            -508.003
          ]
        ]
      },
      "properties": {
        "osm_id": 1423179501,
        "name": null,
        "highway": "footway",
        "lanes": null,
        "width_m": 2.0,
        "surface": null,
        "maxspeed": null
      }
    },
    {
      "type": "Feature",
      "id": 1423180529,
      "geometry": {
        "type": "LineString",
        "coordinates": [
          [
            228.201,
            -259.885
          ],
          [
            229.389,
            -259.519
          ]
        ]
      },
      "properties": {
        "osm_id": 1423180529,
        "name": null,
        "highway": "footway",
        "lanes": null,
        "width_m": 2.0,
        "surface": "asphalt",
        "maxspeed": null
      }
    },
    {
      "type": "Feature",
      "id": 1423180530,
      "geometry": {
        "type": "LineString",
        "coordinates": [
          [
            237.646,
            -256.676
          ],
          [
            238.377,
            -256.376
          ]
        ]
      },
      "properties": {
        "osm_id": 1423180530,
        "name": null,
        "highway": "footway",
        "lanes": null,
        "width_m": 2.0,
        "surface": "asphalt",
        "maxspeed": null
      }
    },
    {
      "type": "Feature",
      "id": 1423180531,
      "geometry": {
        "type": "LineString",
        "coordinates": [
          [
            241.242,
            -292.251
          ],
          [
            242.056,
            -291.874
          ]
        ]
      },
      "properties": {
        "osm_id": 1423180531,
        "name": null,
        "highway": "footway",
        "lanes": null,
        "width_m": 2.0,
        "surface": null,
        "maxspeed": null
      }
    },
    {
      "type": "Feature",
      "id": 1423180532,
      "geometry": {
        "type": "LineString",
        "coordinates": [
          [
            249.641,
            -288.72
          ],
          [
            250.588,
            -288.331
          ]
        ]
      },
      "properties": {
        "osm_id": 1423180532,
        "name": null,
        "highway": "footway",
        "lanes": null,
        "width_m": 2.0,
        "surface": null,
        "maxspeed": null
      }
    },
    {
      "type": "Feature",
      "id": 1423180533,
      "geometry": {
        "type": "LineString",
        "coordinates": [
          [
            267.951,
            -252.323
          ],
          [
            263.224,
            -254.244
          ]
        ]
      },
      "properties": {
        "osm_id": 1423180533,
        "name": null,
        "highway": "footway",
        "lanes": null,
        "width_m": 2.0,
        "surface": "sett",
        "maxspeed": null
      }
    },
    {
      "type": "Feature",
      "id": 1423180534,
      "geometry": {
        "type": "LineString",
        "coordinates": [
          [
            261.762,
            -254.844
          ],
          [
            260.466,
            -255.199
          ]
        ]
      },
      "properties": {
        "osm_id": 1423180534,
        "name": null,
        "highway": "footway",
        "lanes": null,
        "width_m": 2.0,
        "surface": "sett",
        "maxspeed": null
      }
    },
    {
      "type": "Feature",
      "id": 1423180535,
      "geometry": {
        "type": "LineString",
        "coordinates": [
          [
            260.466,
            -255.199
          ],
          [
            261.031,
            -256.676
          ]
        ]
      },
      "properties": {
        "osm_id": 1423180535,
        "name": null,
        "highway": "footway",
        "lanes": null,
        "width_m": 2.0,
        "surface": "sett",
        "maxspeed": null
      }
    },
    {
      "type": "Feature",
      "id": 1423180536,
      "geometry": {
        "type": "LineString",
        "coordinates": [
          [
            261.031,
            -256.676
          ],
          [
            264.054,
            -264.629
          ],
          [
            264.586,
            -266.017
          ],
          [
            266.679,
            -271.504
          ]
        ]
      },
      "properties": {
        "osm_id": 1423180536,
        "name": null,
        "highway": "footway",
        "lanes": null,
        "width_m": 2.0,
        "surface": "sett",
        "maxspeed": null
      }
    },
    {
      "type": "Feature",
      "id": 1423180537,
      "geometry": {
        "type": "LineString",
        "coordinates": [
          [
            267.568,
            -273.581
          ],
          [
            268.481,
            -273.159
          ]
        ]
      },
      "properties": {
        "osm_id": 1423180537,
        "name": null,
        "highway": "footway",
        "lanes": null,
        "width_m": 2.0,
        "surface": "sett",
        "maxspeed": null
      }
    },
    {
      "type": "Feature",
      "id": 1423180538,
      "geometry": {
        "type": "LineString",
        "coordinates": [
          [
            273.741,
            -250.246
          ],
          [
            267.951,
            -252.323
          ]
        ]
      },
      "properties": {
        "osm_id": 1423180538,
        "name": null,
        "highway": "footway",
        "lanes": null,
        "width_m": 2.0,
        "surface": "asphalt",
        "maxspeed": null
      }
    },
    {
      "type": "Feature",
      "id": 1423180539,
      "geometry": {
        "type": "LineString",
        "coordinates": [
          [
            279.215,
            -248.291
          ],
          [
            273.741,
            -250.246
          ]
        ]
      },
      "properties": {
        "osm_id": 1423180539,
        "name": null,
        "highway": "footway",
        "lanes": null,
        "width_m": 2.0,
        "surface": "asphalt",
        "maxspeed": null
      }
    },
    {
      "type": "Feature",
      "id": 1423180540,
      "geometry": {
        "type": "LineString",
        "coordinates": [
          [
            263.224,
            -254.244
          ],
          [
            261.762,
            -254.844
          ]
        ]
      },
      "properties": {
        "osm_id": 1423180540,
        "name": null,
        "highway": "footway",
        "lanes": null,
        "width_m": 2.0,
        "surface": "sett",
        "maxspeed": null
      }
    },
    {
      "type": "Feature",
      "id": 1423180541,
      "geometry": {
        "type": "LineString",
        "coordinates": [
          [
            291.069,
            -243.549
          ],
          [
            284.615,
            -246.126
          ]
        ]
      },
      "properties": {
        "osm_id": 1423180541,
        "name": null,
        "highway": "footway",
        "lanes": null,
        "width_m": 2.0,
        "surface": "sett",
        "maxspeed": null
      }
    },
    {
      "type": "Feature",
      "id": 1423180542,
      "geometry": {
        "type": "LineString",
        "coordinates": [
          [
            293.428,
            -245.348
          ],
          [
            292.764,
            -243.605
          ],
          [
            292.531,
            -242.994
          ],
          [
            291.069,
            -243.549
          ]
        ]
      },
      "properties": {
        "osm_id": 1423180542,
        "name": null,
        "highway": "footway",
        "lanes": null,
        "width_m": 2.0,
        "surface": "sett",
        "maxspeed": null
      }
    },
    {
      "type": "Feature",
      "id": 1423180543,
      "geometry": {
        "type": "LineString",
        "coordinates": [
          [
            298.927,
            -259.332
          ],
          [
            296.061,
            -252.046
          ],
          [
            293.428,
            -245.348
          ]
        ]
      },
      "properties": {
        "osm_id": 1423180543,
        "name": null,
        "highway": "footway",
        "lanes": null,
        "width_m": 2.0,
        "surface": "sett",
        "maxspeed": null
      }
    },
    {
      "type": "Feature",
      "id": 1423180544,
      "geometry": {
        "type": "LineString",
        "coordinates": [
          [
            297.315,
            -261.876
          ],
          [
            299.135,
            -260.987
          ]
        ]
      },
      "properties": {
        "osm_id": 1423180544,
        "name": null,
        "highway": "footway",
        "lanes": null,
        "width_m": 2.0,
        "surface": "sett",
        "maxspeed": null
      }
    },
    {
      "type": "Feature",
      "id": 1423180545,
      "geometry": {
        "type": "LineString",
        "coordinates": [
          [
            286.159,
            -266.096
          ],
          [
            291.484,
            -264.097
          ],
          [
            297.315,
            -261.876
          ]
        ]
      },
      "properties": {
        "osm_id": 1423180545,
        "name": null,
        "highway": "footway",
        "lanes": null,
        "width_m": 2.0,
        "surface": "sett",
        "maxspeed": null
      }
    },
    {
      "type": "Feature",
      "id": 1423180546,
      "geometry": {
        "type": "LineString",
        "coordinates": [
          [
            281.067,
            -268.173
          ],
          [
            286.159,
            -266.096
          ]
        ]
      },
      "properties": {
        "osm_id": 1423180546,
        "name": null,
        "highway": "footway",
        "lanes": null,
        "width_m": 2.0,
        "surface": "sett",
        "maxspeed": null
      }
    },
    {
      "type": "Feature",
      "id": 1423221073,
      "geometry": {
        "type": "LineString",
        "coordinates": [
          [
            194.304,
            -138.14
          ],
          [
            195.359,
            -138.696
          ]
        ]
      },
      "properties": {
        "osm_id": 1423221073,
        "name": null,
        "highway": "footway",
        "lanes": null,
        "width_m": 2.0,
        "surface": "asphalt",
        "maxspeed": null
      }
    },
    {
      "type": "Feature",
      "id": 1423221074,
      "geometry": {
        "type": "LineString",
        "coordinates": [
          [
            170.911,
            -126.111
          ],
          [
            171.451,
            -126.389
          ]
        ]
      },
      "properties": {
        "osm_id": 1423221074,
        "name": null,
        "highway": "footway",
        "lanes": null,
        "width_m": 2.0,
        "surface": "asphalt",
        "maxspeed": null
      }
    },
    {
      "type": "Feature",
      "id": 1423221075,
      "geometry": {
        "type": "LineString",
        "coordinates": [
          [
            175.347,
            -122.89
          ],
          [
            171.052,
            -124.267
          ]
        ]
      },
      "properties": {
        "osm_id": 1423221075,
        "name": null,
        "highway": "footway",
        "lanes": null,
        "width_m": 2.0,
        "surface": "asphalt",
        "maxspeed": null
      }
    },
    {
      "type": "Feature",
      "id": 1423221076,
      "geometry": {
        "type": "LineString",
        "coordinates": [
          [
            190.865,
            -109.717
          ],
          [
            187.999,
            -113.338
          ]
        ]
      },
      "properties": {
        "osm_id": 1423221076,
        "name": null,
        "highway": "footway",
        "lanes": null,
        "width_m": 2.0,
        "surface": "asphalt",
        "maxspeed": null
      }
    },
    {
      "type": "Feature",
      "id": 1423221077,
      "geometry": {
        "type": "LineString",
        "coordinates": [
          [
            276.213,
            -120.261
          ],
          [
            276.886,
            -120.028
          ]
        ]
      },
      "properties": {
        "osm_id": 1423221077,
        "name": null,
        "highway": "footway",
        "lanes": null,
        "width_m": 2.0,
        "surface": "sett",
        "maxspeed": null
      }
    },
    {
      "type": "Feature",
      "id": 1423221078,
      "geometry": {
        "type": "LineString",
        "coordinates": [
          [
            268.612,
            -123.248
          ],
          [
            269.002,
            -123.093
          ]
        ]
      },
      "properties": {
        "osm_id": 1423221078,
        "name": null,
        "highway": "footway",
        "lanes": null,
        "width_m": 2.0,
        "surface": "sett",
        "maxspeed": null
      }
    },
    {
      "type": "Feature",
      "id": 1423221079,
      "geometry": {
        "type": "LineString",
        "coordinates": [
          [
            276.638,
            -83.785
          ],
          [
            278.382,
            -83.352
          ]
        ]
      },
      "properties": {
        "osm_id": 1423221079,
        "name": null,
        "highway": "footway",
        "lanes": null,
        "width_m": 2.0,
        "surface": "asphalt",
        "maxspeed": null
      }
    },
    {
      "type": "Feature",
      "id": 1423221080,
      "geometry": {
        "type": "LineString",
        "coordinates": [
          [
            305.148,
            -78.122
          ],
          [
            306.627,
            -77.644
          ]
        ]
      },
      "properties": {
        "osm_id": 1423221080,
        "name": null,
        "highway": "footway",
        "lanes": null,
        "width_m": 2.0,
        "surface": "asphalt",
        "maxspeed": null
      }
    },
    {
      "type": "Feature",
      "id": 1429885817,
      "geometry": {
        "type": "LineString",
        "coordinates": [
          [
            -272.379,
            -452.06
          ],
          [
            -276.607,
            -454.937
          ],
          [
            -303.653,
            -465.59
          ],
          [
            -320.524,
            -473.121
          ],
          [
            -334.221,
            -478.586
          ],
          [
            -340.551,
            -481.119
          ]
        ]
      },
      "properties": {
        "osm_id": 1429885817,
        "name": null,
        "highway": "footway",
        "lanes": null,
        "width_m": 2.0,
        "surface": "sett",
        "maxspeed": null
      }
    },
    {
      "type": "Feature",
      "id": 1429885818,
      "geometry": {
        "type": "LineString",
        "coordinates": [
          [
            -15.908,
            -355.18
          ],
          [
            -234.808,
            -441.563
          ]
        ]
      },
      "properties": {
        "osm_id": 1429885818,
        "name": null,
        "highway": "footway",
        "lanes": null,
        "width_m": 2.0,
        "surface": null,
        "maxspeed": null
      }
    },
    {
      "type": "Feature",
      "id": 1429910345,
      "geometry": {
        "type": "LineString",
        "coordinates": [
          [
            111.149,
            -170.849
          ],
          [
            108.889,
            -164.895
          ],
          [
            107.685,
            -161.674
          ]
        ]
      },
      "properties": {
        "osm_id": 1429910345,
        "name": null,
        "highway": "footway",
        "lanes": null,
        "width_m": 2.0,
        "surface": null,
        "maxspeed": null
      }
    },
    {
      "type": "Feature",
      "id": 1429910346,
      "geometry": {
        "type": "LineString",
        "coordinates": [
          [
            107.685,
            -161.674
          ],
          [
            105.583,
            -155.721
          ]
        ]
      },
      "properties": {
        "osm_id": 1429910346,
        "name": null,
        "highway": "footway",
        "lanes": null,
        "width_m": 2.0,
        "surface": null,
        "maxspeed": null
      }
    },
    {
      "type": "Feature",
      "id": 1429910347,
      "geometry": {
        "type": "LineString",
        "coordinates": [
          [
            111.149,
            -170.849
          ],
          [
            112.137,
            -173.803
          ]
        ]
      },
      "properties": {
        "osm_id": 1429910347,
        "name": null,
        "highway": "footway",
        "lanes": null,
        "width_m": 2.0,
        "surface": null,
        "maxspeed": null
      }
    },
    {
      "type": "Feature",
      "id": 1429919302,
      "geometry": {
        "type": "LineString",
        "coordinates": [
          [
            -234.808,
            -441.563
          ],
          [
            -236.403,
            -437.62
          ],
          [
            -273.189,
            -340.99
          ]
        ]
      },
      "properties": {
        "osm_id": 1429919302,
        "name": null,
        "highway": "footway",
        "lanes": null,
        "width_m": 2.0,
        "surface": null,
        "maxspeed": null
      }
    },
    {
      "type": "Feature",
      "id": 1429921851,
      "geometry": {
        "type": "LineString",
        "coordinates": [
          [
            0.0,
            -387.756
          ],
          [
            2.235,
            -386.923
          ]
        ]
      },
      "properties": {
        "osm_id": 1429921851,
        "name": null,
        "highway": "footway",
        "lanes": null,
        "width_m": 2.0,
        "surface": "sett",
        "maxspeed": null
      }
    },
    {
      "type": "Feature",
      "id": 1429921852,
      "geometry": {
        "type": "LineString",
        "coordinates": [
          [
            20.327,
            -380.448
          ],
          [
            23.932,
            -379.204
          ]
        ]
      },
      "properties": {
        "osm_id": 1429921852,
        "name": null,
        "highway": "footway",
        "lanes": null,
        "width_m": 2.0,
        "surface": "sett",
        "maxspeed": null
      }
    },
    {
      "type": "Feature",
      "id": 1429921853,
      "geometry": {
        "type": "LineString",
        "coordinates": [
          [
            23.417,
            -375.528
          ],
          [
            23.932,
            -379.204
          ],
          [
            38.103,
            -416.035
          ],
          [
            48.021,
            -443.48
          ],
          [
            49.068,
            -446.613
          ]
        ]
      },
      "properties": {
        "osm_id": 1429921853,
        "name": null,
        "highway": "footway",
        "lanes": null,
        "width_m": 2.0,
        "surface": null,
        "maxspeed": null
      }
    },
    {
      "type": "Feature",
      "id": 1429921854,
      "geometry": {
        "type": "LineString",
        "coordinates": [
          [
            45.521,
            -444.425
          ],
          [
            48.021,
            -443.48
          ]
        ]
      },
      "properties": {
        "osm_id": 1429921854,
        "name": null,
        "highway": "footway",
        "lanes": null,
        "width_m": 2.0,
        "surface": "asphalt",
        "maxspeed": null
      }
    },
    {
      "type": "Feature",
      "id": 1429921855,
      "geometry": {
        "type": "LineString",
        "coordinates": [
          [
            25.668,
            -452.233
          ],
          [
            29.913,
            -450.511
          ]
        ]
      },
      "properties": {
        "osm_id": 1429921855,
        "name": null,
        "highway": "footway",
        "lanes": null,
        "width_m": 2.0,
        "surface": "asphalt",
        "maxspeed": null
      }
    },
    {
      "type": "Feature",
      "id": 1447826136,
      "geometry": {
        "type": "LineString",
        "coordinates": [
          [
            266.679,
            -271.504
          ],
          [
            267.219,
            -272.815
          ]
        ]
      },
      "properties": {
        "osm_id": 1447826136,
        "name": null,
        "highway": "footway",
        "lanes": null,
        "width_m": 2.0,
        "surface": "sett",
        "maxspeed": null
      }
    },
    {
      "type": "Feature",
      "id": 1447826137,
      "geometry": {
        "type": "LineString",
        "coordinates": [
          [
            299.135,
            -260.987
          ],
          [
            298.927,
            -259.332
          ]
        ]
      },
      "properties": {
        "osm_id": 1447826137,
        "name": null,
        "highway": "footway",
        "lanes": null,
        "width_m": 2.0,
        "surface": "sett",
        "maxspeed": null
      }
    },
    {
      "type": "Feature",
      "id": 1447826138,
      "geometry": {
        "type": "LineString",
        "coordinates": [
          [
            299.135,
            -260.987
          ],
          [
            307.541,
            -257.656
          ],
          [
            318.764,
            -253.236
          ]
        ]
      },
      "properties": {
        "osm_id": 1447826138,
        "name": null,
        "highway": "footway",
        "lanes": null,
        "width_m": 2.0,
        "surface": null,
        "maxspeed": null
      }
    },
    {
      "type": "Feature",
      "id": 1447826139,
      "geometry": {
        "type": "LineString",
        "coordinates": [
          [
            318.764,
            -253.236
          ],
          [
            332.76,
            -288.168
          ],
          [
            366.789,
            -374.926
          ]
        ]
      },
      "properties": {
        "osm_id": 1447826139,
        "name": null,
        "highway": "footway",
        "lanes": null,
        "width_m": 2.0,
        "surface": null,
        "maxspeed": null
      }
    },
    {
      "type": "Feature",
      "id": 1447826140,
      "geometry": {
        "type": "LineString",
        "coordinates": [
          [
            366.789,
            -374.926
          ],
          [
            366.307,
            -376.648
          ],
          [
            354.786,
            -380.946
          ],
          [
            347.442,
            -383.866
          ]
        ]
      },
      "properties": {
        "osm_id": 1447826140,
        "name": null,
        "highway": "footway",
        "lanes": null,
        "width_m": 2.0,
        "surface": null,
        "maxspeed": null
      }
    },
    {
      "type": "Feature",
      "id": 1447829029,
      "geometry": {
        "type": "LineString",
        "coordinates": [
          [
            503.348,
            -338.37
          ],
          [
            472.712,
            -350.886
          ]
        ]
      },
      "properties": {
        "osm_id": 1447829029,
        "name": null,
        "highway": "footway",
        "lanes": null,
        "width_m": 2.0,
        "surface": null,
        "maxspeed": null
      }
    },
    {
      "type": "Feature",
      "id": 1447829030,
      "geometry": {
        "type": "LineString",
        "coordinates": [
          [
            472.712,
            -350.886
          ],
          [
            467.536,
            -352.696
          ],
          [
            461.198,
            -354.839
          ]
        ]
      },
      "properties": {
        "osm_id": 1447829030,
        "name": null,
        "highway": "footway",
        "lanes": null,
        "width_m": 2.0,
        "surface": null,
        "maxspeed": null
      }
    },
    {
      "type": "Feature",
      "id": 1447829031,
      "geometry": {
        "type": "LineString",
        "coordinates": [
          [
            461.198,
            -354.839
          ],
          [
            459.445,
            -350.718
          ]
        ]
      },
      "properties": {
        "osm_id": 1447829031,
        "name": null,
        "highway": "footway",
        "lanes": null,
        "width_m": 2.0,
        "surface": null,
        "maxspeed": null
      }
    },
    {
      "type": "Feature",
      "id": 1447829032,
      "geometry": {
        "type": "LineString",
        "coordinates": [
          [
            459.445,
            -350.718
          ],
          [
            458.283,
            -347.953
          ],
          [
            456.837,
            -344.52
          ]
        ]
      },
      "properties": {
        "osm_id": 1447829032,
        "name": null,
        "highway": "footway",
        "lanes": null,
        "width_m": 2.0,
        "surface": null,
        "maxspeed": null
      }
    },
    {
      "type": "Feature",
      "id": 1447829033,
      "geometry": {
        "type": "LineString",
        "coordinates": [
          [
            456.837,
            -344.52
          ],
          [
            456.206,
            -343.076
          ]
        ]
      },
      "properties": {
        "osm_id": 1447829033,
        "name": null,
        "highway": "footway",
        "lanes": null,
        "width_m": 2.0,
        "surface": null,
        "maxspeed": null
      }
    },
    {
      "type": "Feature",
      "id": 1447829034,
      "geometry": {
        "type": "LineString",
        "coordinates": [
          [
            437.117,
            -350.506
          ],
          [
            392.873,
            -367.741
          ]
        ]
      },
      "properties": {
        "osm_id": 1447829034,
        "name": null,
        "highway": "footway",
        "lanes": null,
        "width_m": 2.0,
        "surface": null,
        "maxspeed": null
      }
    },
    {
      "type": "Feature",
      "id": 1447829035,
      "geometry": {
        "type": "LineString",
        "coordinates": [
          [
            450.101,
            -345.453
          ],
          [
            437.117,
            -350.506
          ]
        ]
      },
      "properties": {
        "osm_id": 1447829035,
        "name": null,
        "highway": "footway",
        "lanes": null,
        "width_m": 2.0,
        "surface": null,
        "maxspeed": null
      }
    },
    {
      "type": "Feature",
      "id": 1453574304,
      "geometry": {
        "type": "LineString",
        "coordinates": [
          [
            423.594,
            -49.294
          ],
          [
            421.518,
            -43.696
          ],
          [
            419.25,
            -38.132
          ]
        ]
      },
      "properties": {
        "osm_id": 1453574304,
        "name": null,
        "highway": "footway",
        "lanes": null,
        "width_m": 2.0,
        "surface": null,
        "maxspeed": null
      }
    },
    {
      "type": "Feature",
      "id": 1453574305,
      "geometry": {
        "type": "LineString",
        "coordinates": [
          [
            426.618,
            -50.016
          ],
          [
            424.267,
            -50.994
          ],
          [
            423.594,
            -49.294
          ]
        ]
      },
      "properties": {
        "osm_id": 1453574305,
        "name": null,
        "highway": "footway",
        "lanes": null,
        "width_m": 2.0,
        "surface": null,
        "maxspeed": null
      }
    },
    {
      "type": "Feature",
      "id": 1453574307,
      "geometry": {
        "type": "LineString",
        "coordinates": [
          [
            441.433,
            9.15
          ],
          [
            439.315,
            8.339
          ]
        ]
      },
      "properties": {
        "osm_id": 1453574307,
        "name": "Capolinea",
        "highway": "footway",
        "lanes": null,
        "width_m": 2.0,
        "surface": null,
        "maxspeed": null
      }
    },
    {
      "type": "Feature",
      "id": 1453574308,
      "geometry": {
        "type": "LineString",
        "coordinates": [
          [
            445.13,
            0.364
          ],
          [
            443.069,
            -0.447
          ]
        ]
      },
      "properties": {
        "osm_id": 1453574308,
        "name": "Capolinea",
        "highway": "footway",
        "lanes": null,
        "width_m": 2.0,
        "surface": null,
        "maxspeed": null
      }
    },
    {
      "type": "Feature",
      "id": 1453574309,
      "geometry": {
        "type": "LineString",
        "coordinates": [
          [
            383.953,
            -23.102
          ],
          [
            382.948,
            -23.49
          ]
        ]
      },
      "properties": {
        "osm_id": 1453574309,
        "name": "Capolinea",
        "highway": "footway",
        "lanes": null,
        "width_m": 2.0,
        "surface": null,
        "maxspeed": null
      }
    },
    {
      "type": "Feature",
      "id": 1453574310,
      "geometry": {
        "type": "LineString",
        "coordinates": [
          [
            380.498,
            -14.272
          ],
          [
            379.584,
            -14.627
          ]
        ]
      },
      "properties": {
        "osm_id": 1453574310,
        "name": "Capolinea",
        "highway": "footway",
        "lanes": null,
        "width_m": 2.0,
        "surface": null,
        "maxspeed": null
      }
    },
    {
      "type": "Feature",
      "id": 1453574312,
      "geometry": {
        "type": "LineString",
        "coordinates": [
          [
            385.947,
            -31.399
          ],
          [
            386.586,
            -33.054
          ]
        ]
      },
      "properties": {
        "osm_id": 1453574312,
        "name": null,
        "highway": "footway",
        "lanes": null,
        "width_m": 2.0,
        "surface": "asphalt",
        "maxspeed": null
      }
    },
    {
      "type": "Feature",
      "id": 1453574313,
      "geometry": {
        "type": "LineString",
        "coordinates": [
          [
            373.695,
            1.101
          ],
          [
            373.961,
            0.212
          ]
        ]
      },
      "properties": {
        "osm_id": 1453574313,
        "name": null,
        "highway": "footway",
        "lanes": null,
        "width_m": 2.0,
        "surface": "asphalt",
        "maxspeed": null
      }
    },
    {
      "type": "Feature",
      "id": 1454151924,
      "geometry": {
        "type": "LineString",
        "coordinates": [
          [
            -62.818,
            -224.961
          ],
          [
            -63.815,
            -222.562
          ]
        ]
      },
      "properties": {
        "osm_id": 1454151924,
        "name": null,
        "highway": "footway",
        "lanes": null,
        "width_m": 2.0,
        "surface": null,
        "maxspeed": null
      }
    },
    {
      "type": "Feature",
      "id": 1454151925,
      "geometry": {
        "type": "LineString",
        "coordinates": [
          [
            -273.189,
            -340.99
          ],
          [
            -217.268,
            -318.907
          ]
        ]
      },
      "properties": {
        "osm_id": 1454151925,
        "name": null,
        "highway": "footway",
        "lanes": null,
        "width_m": 2.0,
        "surface": null,
        "maxspeed": null
      }
    },
    {
      "type": "Feature",
      "id": 1454151926,
      "geometry": {
        "type": "LineString",
        "coordinates": [
          [
            -215.822,
            -318.352
          ],
          [
            -211.827,
            -316.841
          ],
          [
            -207.657,
            -315.275
          ]
        ]
      },
      "properties": {
        "osm_id": 1454151926,
        "name": null,
        "highway": "footway",
        "lanes": null,
        "width_m": 2.0,
        "surface": "asphalt",
        "maxspeed": null
      }
    },
    {
      "type": "Feature",
      "id": 1454151927,
      "geometry": {
        "type": "LineString",
        "coordinates": [
          [
            -107.343,
            -256.317
          ],
          [
            -105.274,
            -261.037
          ]
        ]
      },
      "properties": {
        "osm_id": 1454151927,
        "name": null,
        "highway": "footway",
        "lanes": null,
        "width_m": 2.0,
        "surface": null,
        "maxspeed": null
      }
    },
    {
      "type": "Feature",
      "id": 1454151929,
      "geometry": {
        "type": "LineString",
        "coordinates": [
          [
            37.423,
            -178.501
          ],
          [
            40.007,
            -185.02
          ],
          [
            40.306,
            -185.587
          ]
        ]
      },
      "properties": {
        "osm_id": 1454151929,
        "name": null,
        "highway": "footway",
        "lanes": null,
        "width_m": 2.0,
        "surface": "asphalt",
        "maxspeed": null
      }
    },
    {
      "type": "Feature",
      "id": 1454151931,
      "geometry": {
        "type": "LineString",
        "coordinates": [
          [
            44.767,
            -196.805
          ],
          [
            45.996,
            -199.937
          ]
        ]
      },
      "properties": {
        "osm_id": 1454151931,
        "name": null,
        "highway": "footway",
        "lanes": null,
        "width_m": 2.0,
        "surface": "asphalt",
        "maxspeed": null
      }
    },
    {
      "type": "Feature",
      "id": 1454151932,
      "geometry": {
        "type": "LineString",
        "coordinates": [
          [
            44.601,
            -202.059
          ],
          [
            46.52,
            -201.337
          ]
        ]
      },
      "properties": {
        "osm_id": 1454151932,
        "name": null,
        "highway": "footway",
        "lanes": null,
        "width_m": 2.0,
        "surface": "sett",
        "maxspeed": null
      }
    },
    {
      "type": "Feature",
      "id": 1454170505,
      "geometry": {
        "type": "LineString",
        "coordinates": [
          [
            -26.682,
            -247.22
          ],
          [
            -29.997,
            -248.241
          ]
        ]
      },
      "properties": {
        "osm_id": 1454170505,
        "name": null,
        "highway": "footway",
        "lanes": null,
        "width_m": 2.0,
        "surface": "asphalt",
        "maxspeed": null
      }
    },
    {
      "type": "Feature",
      "id": 1454170506,
      "geometry": {
        "type": "LineString",
        "coordinates": [
          [
            -58.598,
            -216.442
          ],
          [
            -69.355,
            -220.463
          ]
        ]
      },
      "properties": {
        "osm_id": 1454170506,
        "name": null,
        "highway": "steps",
        "lanes": null,
        "width_m": 2.0,
        "surface": null,
        "maxspeed": null
      }
    },
    {
      "type": "Feature",
      "id": 1454170507,
      "geometry": {
        "type": "LineString",
        "coordinates": [
          [
            -69.355,
            -220.463
          ],
          [
            -71.125,
            -221.13
          ],
          [
            -72.853,
            -216.776
          ],
          [
            -71.166,
            -216.131
          ]
        ]
      },
      "properties": {
        "osm_id": 1454170507,
        "name": null,
        "highway": "footway",
        "lanes": null,
        "width_m": 2.0,
        "surface": null,
        "maxspeed": null
      }
    },
    {
      "type": "Feature",
      "id": 1454170508,
      "geometry": {
        "type": "LineString",
        "coordinates": [
          [
            -65.551,
            -213.977
          ],
          [
            -63.308,
            -213.121
          ]
        ]
      },
      "properties": {
        "osm_id": 1454170508,
        "name": null,
        "highway": "footway",
        "lanes": null,
        "width_m": 2.0,
        "surface": null,
        "maxspeed": null
      }
    },
    {
      "type": "Feature",
      "id": 1454170509,
      "geometry": {
        "type": "LineString",
        "coordinates": [
          [
            -56.297,
            -215.576
          ],
          [
            -58.598,
            -216.442
          ]
        ]
      },
      "properties": {
        "osm_id": 1454170509,
        "name": null,
        "highway": "footway",
        "lanes": null,
        "width_m": 2.0,
        "surface": null,
        "maxspeed": null
      }
    },
    {
      "type": "Feature",
      "id": 1454170510,
      "geometry": {
        "type": "LineString",
        "coordinates": [
          [
            -177.148,
            -182.912
          ],
          [
            -174.922,
            -186.7
          ],
          [
            -147.806,
            -255.907
          ]
        ]
      },
      "properties": {
        "osm_id": 1454170510,
        "name": null,
        "highway": "footway",
        "lanes": null,
        "width_m": 2.0,
        "surface": "concrete",
        "maxspeed": null
      }
    },
    {
      "type": "Feature",
      "id": 1454170511,
      "geometry": {
        "type": "LineString",
        "coordinates": [
          [
            -177.148,
            -182.912
          ],
          [
            -182.573,
            -187.655
          ],
          [
            -187.241,
            -192.054
          ],
          [
            -201.064,
            -205.338
          ],
          [
            -206.214,
            -210.658
          ],
          [
            -209.221,
            -214.501
          ],
          [
            -211.888,
            -218.289
          ],
          [
            -214.338,
            -222.11
          ],
          [
            -218.118,
            -228.485
          ],
          [
            -219.671,
            -232.517
          ],
          [
            -221.44,
            -237.771
          ],
          [
            -224.846,
            -251.377
          ],
          [
            -228.732,
            -276.079
          ],
          [
            -228.94,
            -279.5
          ],
          [
            -229.048,
            -285.143
          ],
          [
            -229.604,
            -287.819
          ]
        ]
      },
      "properties": {
        "osm_id": 1454170511,
        "name": null,
        "highway": "footway",
        "lanes": null,
        "width_m": 2.0,
        "surface": "compacted",
        "maxspeed": null
      }
    },
    {
      "type": "Feature",
      "id": 1454609444,
      "geometry": {
        "type": "LineString",
        "coordinates": [
          [
            -355.03,
            -485.296
          ],
          [
            -357.181,
            -486.129
          ]
        ]
      },
      "properties": {
        "osm_id": 1454609444,
        "name": null,
        "highway": "footway",
        "lanes": null,
        "width_m": 2.0,
        "surface": "asphalt",
        "maxspeed": null
      }
    },
    {
      "type": "Feature",
      "id": 1454609445,
      "geometry": {
        "type": "LineString",
        "coordinates": [
          [
            -340.975,
            -480.03
          ],
          [
            -343.143,
            -480.864
          ]
        ]
      },
      "properties": {
        "osm_id": 1454609445,
        "name": null,
        "highway": "footway",
        "lanes": null,
        "width_m": 2.0,
        "surface": "asphalt",
        "maxspeed": null
      }
    },
    {
      "type": "Feature",
      "id": 1454609446,
      "geometry": {
        "type": "LineString",
        "coordinates": [
          [
            -333.274,
            -480.93
          ],
          [
            -334.221,
            -478.586
          ]
        ]
      },
      "properties": {
        "osm_id": 1454609446,
        "name": null,
        "highway": "footway",
        "lanes": null,
        "width_m": 2.0,
        "surface": "asphalt",
        "maxspeed": null
      }
    },
    {
      "type": "Feature",
      "id": 1454609451,
      "geometry": {
        "type": "LineString",
        "coordinates": [
          [
            -249.103,
            -447.539
          ],
          [
            -249.486,
            -446.595
          ]
        ]
      },
      "properties": {
        "osm_id": 1454609451,
        "name": null,
        "highway": "footway",
        "lanes": null,
        "width_m": 2.0,
        "surface": "asphalt",
        "maxspeed": null
      }
    },
    {
      "type": "Feature",
      "id": 1454609452,
      "geometry": {
        "type": "LineString",
        "coordinates": [
          [
            -250.856,
            -443.263
          ],
          [
            -248.688,
            -442.463
          ]
        ]
      },
      "properties": {
        "osm_id": 1454609452,
        "name": null,
        "highway": "footway",
        "lanes": null,
        "width_m": 2.0,
        "surface": "asphalt",
        "maxspeed": null
      }
    },
    {
      "type": "Feature",
      "id": 1454609453,
      "geometry": {
        "type": "LineString",
        "coordinates": [
          [
            -238.637,
            -438.508
          ],
          [
            -236.403,
            -437.62
          ]
        ]
      },
      "properties": {
        "osm_id": 1454609453,
        "name": null,
        "highway": "footway",
        "lanes": null,
        "width_m": 2.0,
        "surface": "asphalt",
        "maxspeed": null
      }
    },
    {
      "type": "Feature",
      "id": 1454609454,
      "geometry": {
        "type": "LineString",
        "coordinates": [
          [
            -272.379,
            -452.06
          ],
          [
            -270.327,
            -451.36
          ]
        ]
      },
      "properties": {
        "osm_id": 1454609454,
        "name": null,
        "highway": "footway",
        "lanes": null,
        "width_m": 2.0,
        "surface": "asphalt",
        "maxspeed": null
      }
    },
    {
      "type": "Feature",
      "id": 1454609455,
      "geometry": {
        "type": "LineString",
        "coordinates": [
          [
            -263.781,
            -449.161
          ],
          [
            -261.962,
            -448.561
          ]
        ]
      },
      "properties": {
        "osm_id": 1454609455,
        "name": null,
        "highway": "footway",
        "lanes": null,
        "width_m": 2.0,
        "surface": "asphalt",
        "maxspeed": null
      }
    },
    {
      "type": "Feature",
      "id": 1454609456,
      "geometry": {
        "type": "LineString",
        "coordinates": [
          [
            -3.389,
            -386.412
          ],
          [
            -4.162,
            -384.48
          ]
        ]
      },
      "properties": {
        "osm_id": 1454609456,
        "name": null,
        "highway": "footway",
        "lanes": null,
        "width_m": 2.0,
        "surface": "asphalt",
        "maxspeed": null
      }
    },
    {
      "type": "Feature",
      "id": 1454609457,
      "geometry": {
        "type": "LineString",
        "coordinates": [
          [
            -14.603,
            -358.401
          ],
          [
            -15.908,
            -355.18
          ]
        ]
      },
      "properties": {
        "osm_id": 1454609457,
        "name": null,
        "highway": "footway",
        "lanes": null,
        "width_m": 2.0,
        "surface": "asphalt",
        "maxspeed": null
      }
    },
    {
      "type": "Feature",
      "id": 1454609458,
      "geometry": {
        "type": "LineString",
        "coordinates": [
          [
            -7.792,
            -351.914
          ],
          [
            -11.929,
            -353.558
          ]
        ]
      },
      "properties": {
        "osm_id": 1454609458,
        "name": null,
        "highway": "footway",
        "lanes": null,
        "width_m": 2.0,
        "surface": "asphalt",
        "maxspeed": null
      }
    },
    {
      "type": "Feature",
      "id": 1454609459,
      "geometry": {
        "type": "LineString",
        "coordinates": [
          [
            9.952,
            -345.106
          ],
          [
            7.435,
            -346.116
          ]
        ]
      },
      "properties": {
        "osm_id": 1454609459,
        "name": null,
        "highway": "footway",
        "lanes": null,
        "width_m": 2.0,
        "surface": "asphalt",
        "maxspeed": null
      }
    },
    {
      "type": "Feature",
      "id": 1454609461,
      "geometry": {
        "type": "LineString",
        "coordinates": [
          [
            -46.685,
            -254.461
          ],
          [
            -49.485,
            -255.461
          ]
        ]
      },
      "properties": {
        "osm_id": 1454609461,
        "name": null,
        "highway": "footway",
        "lanes": null,
        "width_m": 2.0,
        "surface": "asphalt",
        "maxspeed": null
      }
    },
    {
      "type": "Feature",
      "id": 1454752657,
      "geometry": {
        "type": "LineString",
        "coordinates": [
          [
            193.772,
            -443.972
          ],
          [
            192.784,
            -441.139
          ]
        ]
      },
      "properties": {
        "osm_id": 1454752657,
        "name": null,
        "highway": "footway",
        "lanes": null,
        "width_m": 2.0,
        "surface": null,
        "maxspeed": null
      }
    },
    {
      "type": "Feature",
      "id": 1454752658,
      "geometry": {
        "type": "LineString",
        "coordinates": [
          [
            283.694,
            -406.633
          ],
          [
            286.727,
            -405.556
          ]
        ]
      },
      "properties": {
        "osm_id": 1454752658,
        "name": null,
        "highway": "footway",
        "lanes": null,
        "width_m": 2.0,
        "surface": null,
        "maxspeed": null
      }
    },
    {
      "type": "Feature",
      "id": 1454752659,
      "geometry": {
        "type": "LineString",
        "coordinates": [
          [
            284.517,
            -408.654
          ],
          [
            283.694,
            -406.633
          ]
        ]
      },
      "properties": {
        "osm_id": 1454752659,
        "name": null,
        "highway": "footway",
        "lanes": null,
        "width_m": 2.0,
        "surface": null,
        "maxspeed": null
      }
    },
    {
      "type": "Feature",
      "id": 1454752660,
      "geometry": {
        "type": "LineString",
        "coordinates": [
          [
            321.216,
            -406.957
          ],
          [
            319.812,
            -407.49
          ]
        ]
      },
      "properties": {
        "osm_id": 1454752660,
        "name": null,
        "highway": "footway",
        "lanes": null,
        "width_m": 2.0,
        "surface": null,
        "maxspeed": null
      }
    },
    {
      "type": "Feature",
      "id": 1454752661,
      "geometry": {
        "type": "LineString",
        "coordinates": [
          [
            351.695,
            -395.107
          ],
          [
            350.69,
            -395.496
          ],
          [
            349.684,
            -395.884
          ]
        ]
      },
      "properties": {
        "osm_id": 1454752661,
        "name": null,
        "highway": "footway",
        "lanes": null,
        "width_m": 2.0,
        "surface": null,
        "maxspeed": null
      }
    },
    {
      "type": "Feature",
      "id": 1454752663,
      "geometry": {
        "type": "LineString",
        "coordinates": [
          [
            344.992,
            -384.821
          ],
          [
            347.442,
            -383.866
          ]
        ]
      },
      "properties": {
        "osm_id": 1454752663,
        "name": null,
        "highway": "footway",
        "lanes": null,
        "width_m": 2.0,
        "surface": null,
        "maxspeed": null
      }
    },
    {
      "type": "Feature",
      "id": 1455094772,
      "geometry": {
        "type": "LineString",
        "coordinates": [
          [
            296.39,
            -343.957
          ],
          [
            298.126,
            -348.244
          ],
          [
            313.052,
            -386.63
          ],
          [
            315.842,
            -393.817
          ]
        ]
      },
      "properties": {
        "osm_id": 1455094772,
        "name": null,
        "highway": "footway",
        "lanes": null,
        "width_m": 2.0,
        "surface": "sett",
        "maxspeed": null
      }
    },
    {
      "type": "Feature",
      "id": 1455094773,
      "geometry": {
        "type": "LineString",
        "coordinates": [
          [
            287.793,
            -322.753
          ],
          [
            296.39,
            -343.957
          ]
        ]
      },
      "properties": {
        "osm_id": 1455094773,
        "name": null,
        "highway": "footway",
        "lanes": null,
        "width_m": 2.0,
        "surface": "sett",
        "maxspeed": null
      }
    },
    {
      "type": "Feature",
      "id": 1455717856,
      "geometry": {
        "type": "LineString",
        "coordinates": [
          [
            487.021,
            331.771
          ],
          [
            485.949,
            331.438
          ]
        ]
      },
      "properties": {
        "osm_id": 1455717856,
        "name": null,
        "highway": "footway",
        "lanes": null,
        "width_m": 2.0,
        "surface": null,
        "maxspeed": null
      }
    },
    {
      "type": "Feature",
      "id": 1455938819,
      "geometry": {
        "type": "LineString",
        "coordinates": [
          [
            258.897,
            224.179
          ],
          [
            258.224,
            226.178
          ]
        ]
      },
      "properties": {
        "osm_id": 1455938819,
        "name": null,
        "highway": "footway",
        "lanes": null,
        "width_m": 2.0,
        "surface": null,
        "maxspeed": null
      }
    },
    {
      "type": "Feature",
      "id": 1455938820,
      "geometry": {
        "type": "LineString",
        "coordinates": [
          [
            12.279,
            486.675
          ],
          [
            31.171,
            493.417
          ]
        ]
      },
      "properties": {
        "osm_id": 1455938820,
        "name": null,
        "highway": "footway",
        "lanes": null,
        "width_m": 2.0,
        "surface": "asphalt",
        "maxspeed": null
      }
    },
    {
      "type": "Feature",
      "id": 1455938822,
      "geometry": {
        "type": "LineString",
        "coordinates": [
          [
            31.695,
            492.162
          ],
          [
            31.171,
            493.417
          ]
        ]
      },
      "properties": {
        "osm_id": 1455938822,
        "name": null,
        "highway": "footway",
        "lanes": null,
        "width_m": 2.0,
        "surface": "asphalt",
        "maxspeed": null
      }
    },
    {
      "type": "Feature",
      "id": 1455938823,
      "geometry": {
        "type": "LineString",
        "coordinates": [
          [
            -144.505,
            405.937
          ],
          [
            -145.012,
            407.514
          ]
        ]
      },
      "properties": {
        "osm_id": 1455938823,
        "name": null,
        "highway": "footway",
        "lanes": null,
        "width_m": 2.0,
        "surface": "asphalt",
        "maxspeed": null
      }
    },
    {
      "type": "Feature",
      "id": 1455938824,
      "geometry": {
        "type": "LineString",
        "coordinates": [
          [
            -134.536,
            403.227
          ],
          [
            -136.222,
            402.594
          ]
        ]
      },
      "properties": {
        "osm_id": 1455938824,
        "name": null,
        "highway": "footway",
        "lanes": null,
        "width_m": 2.0,
        "surface": "asphalt",
        "maxspeed": null
      }
    },
    {
      "type": "Feature",
      "id": 1455938825,
      "geometry": {
        "type": "LineString",
        "coordinates": [
          [
            -120.512,
            408.425
          ],
          [
            -122.199,
            407.803
          ]
        ]
      },
      "properties": {
        "osm_id": 1455938825,
        "name": null,
        "highway": "footway",
        "lanes": null,
        "width_m": 2.0,
        "surface": "asphalt",
        "maxspeed": null
      }
    },
    {
      "type": "Feature",
      "id": 1455938827,
      "geometry": {
        "type": "LineString",
        "coordinates": [
          [
            -150.28,
            422.453
          ],
          [
            -151.044,
            424.308
          ]
        ]
      },
      "properties": {
        "osm_id": 1455938827,
        "name": null,
        "highway": "footway",
        "lanes": null,
        "width_m": 2.0,
        "surface": "asphalt",
        "maxspeed": null
      }
    },
    {
      "type": "Feature",
      "id": 1455938828,
      "geometry": {
        "type": "LineString",
        "coordinates": [
          [
            -198.938,
            407.291
          ],
          [
            -205.833,
            405.225
          ],
          [
            -213.692,
            402.87
          ]
        ]
      },
      "properties": {
        "osm_id": 1455938828,
        "name": null,
        "highway": "footway",
        "lanes": null,
        "width_m": 2.0,
        "surface": null,
        "maxspeed": null
      }
    },
    {
      "type": "Feature",
      "id": 1455938829,
      "geometry": {
        "type": "LineString",
        "coordinates": [
          [
            -191.112,
            408.701
          ],
          [
            -198.938,
            407.291
          ]
        ]
      },
      "properties": {
        "osm_id": 1455938829,
        "name": null,
        "highway": "footway",
        "lanes": null,
        "width_m": 2.0,
        "surface": null,
        "maxspeed": null
      }
    },
    {
      "type": "Feature",
      "id": 1455938830,
      "geometry": {
        "type": "LineString",
        "coordinates": [
          [
            -195.98,
            388.409
          ],
          [
            -197.575,
            387.642
          ]
        ]
      },
      "properties": {
        "osm_id": 1455938830,
        "name": null,
        "highway": "footway",
        "lanes": null,
        "width_m": 2.0,
        "surface": null,
        "maxspeed": null
      }
    },
    {
      "type": "Feature",
      "id": 1455938831,
      "geometry": {
        "type": "LineString",
        "coordinates": [
          [
            -188.096,
            390.164
          ],
          [
            -189.79,
            390.275
          ]
        ]
      },
      "properties": {
        "osm_id": 1455938831,
        "name": null,
        "highway": "footway",
        "lanes": null,
        "width_m": 2.0,
        "surface": null,
        "maxspeed": null
      }
    },
    {
      "type": "Feature",
      "id": 1455938832,
      "geometry": {
        "type": "LineString",
        "coordinates": [
          [
            -269.836,
            401.724
          ],
          [
            -269.612,
            403.334
          ]
        ]
      },
      "properties": {
        "osm_id": 1455938832,
        "name": null,
        "highway": "footway",
        "lanes": null,
        "width_m": 2.0,
        "surface": "asphalt",
        "maxspeed": null
      }
    },
    {
      "type": "Feature",
      "id": 1455938833,
      "geometry": {
        "type": "LineString",
        "coordinates": [
          [
            -213.692,
            402.87
          ],
          [
            -217.788,
            402.092
          ],
          [
            -221.9,
            401.603
          ],
          [
            -225.738,
            401.125
          ],
          [
            -230.54,
            400.492
          ],
          [
            -235.691,
            400.081
          ],
          [
            -241.556,
            400.114
          ],
          [
            -247.796,
            400.769
          ],
          [
            -252.323,
            401.191
          ]
        ]
      },
      "properties": {
        "osm_id": 1455938833,
        "name": null,
        "highway": "footway",
        "lanes": null,
        "width_m": 2.0,
        "surface": null,
        "maxspeed": null
      }
    },
    {
      "type": "Feature",
      "id": 1455938834,
      "geometry": {
        "type": "LineString",
        "coordinates": [
          [
            -272.535,
            385.141
          ],
          [
            -272.319,
            386.307
          ]
        ]
      },
      "properties": {
        "osm_id": 1455938834,
        "name": null,
        "highway": "footway",
        "lanes": null,
        "width_m": 2.0,
        "surface": "asphalt",
        "maxspeed": null
      }
    },
    {
      "type": "Feature",
      "id": 1455938835,
      "geometry": {
        "type": "LineString",
        "coordinates": [
          [
            -374.332,
            421.656
          ],
          [
            -374.316,
            422.667
          ]
        ]
      },
      "properties": {
        "osm_id": 1455938835,
        "name": null,
        "highway": "footway",
        "lanes": null,
        "width_m": 2.0,
        "surface": null,
        "maxspeed": null
      }
    },
    {
      "type": "Feature",
      "id": 1455938849,
      "geometry": {
        "type": "LineString",
        "coordinates": [
          [
            -403.822,
            -355.591
          ],
          [
            -406.605,
            -356.735
          ]
        ]
      },
      "properties": {
        "osm_id": 1455938849,
        "name": null,
        "highway": "footway",
        "lanes": null,
        "width_m": 2.0,
        "surface": "asphalt",
        "maxspeed": null
      }
    },
    {
      "type": "Feature",
      "id": 1455938850,
      "geometry": {
        "type": "LineString",
        "coordinates": [
          [
            -378.353,
            -361.121
          ],
          [
            -377.622,
            -362.887
          ]
        ]
      },
      "properties": {
        "osm_id": 1455938850,
        "name": null,
        "highway": "footway",
        "lanes": null,
        "width_m": 2.0,
        "surface": "asphalt",
        "maxspeed": null
      }
    },
    {
      "type": "Feature",
      "id": 1455938851,
      "geometry": {
        "type": "LineString",
        "coordinates": [
          [
            -383.288,
            -347.637
          ],
          [
            -382.615,
            -349.359
          ]
        ]
      },
      "properties": {
        "osm_id": 1455938851,
        "name": null,
        "highway": "footway",
        "lanes": null,
        "width_m": 2.0,
        "surface": "paved",
        "maxspeed": null
      }
    },
    {
      "type": "Feature",
      "id": 1455938852,
      "geometry": {
        "type": "LineString",
        "coordinates": [
          [
            -383.288,
            -347.637
          ],
          [
            -390.108,
            -350.303
          ],
          [
            -391.213,
            -350.792
          ]
        ]
      },
      "properties": {
        "osm_id": 1455938852,
        "name": null,
        "highway": "footway",
        "lanes": null,
        "width_m": 2.0,
        "surface": "asphalt",
        "maxspeed": null
      }
    },
    {
      "type": "Feature",
      "id": 1455938854,
      "geometry": {
        "type": "LineString",
        "coordinates": [
          [
            93.529,
            -181.145
          ],
          [
            96.271,
            -181.178
          ]
        ]
      },
      "properties": {
        "osm_id": 1455938854,
        "name": null,
        "highway": "footway",
        "lanes": null,
        "width_m": 2.0,
        "surface": null,
        "maxspeed": null
      }
    },
    {
      "type": "Feature",
      "id": 1455938855,
      "geometry": {
        "type": "LineString",
        "coordinates": [
          [
            -217.94,
            -317.208
          ],
          [
            -217.268,
            -318.907
          ]
        ]
      },
      "properties": {
        "osm_id": 1455938855,
        "name": null,
        "highway": "footway",
        "lanes": null,
        "width_m": 2.0,
        "surface": "asphalt",
        "maxspeed": null
      }
    },
    {
      "type": "Feature",
      "id": 1455938856,
      "geometry": {
        "type": "LineString",
        "coordinates": [
          [
            -217.268,
            -318.907
          ],
          [
            -215.822,
            -318.352
          ]
        ]
      },
      "properties": {
        "osm_id": 1455938856,
        "name": null,
        "highway": "footway",
        "lanes": null,
        "width_m": 2.0,
        "surface": "asphalt",
        "maxspeed": null
      }
    },
    {
      "type": "Feature",
      "id": 1456759052,
      "geometry": {
        "type": "LineString",
        "coordinates": [
          [
            -447.003,
            -199.04
          ],
          [
            -445.732,
            -202.195
          ],
          [
            -441.951,
            -211.569
          ],
          [
            -440.473,
            -215.223
          ]
        ]
      },
      "properties": {
        "osm_id": 1456759052,
        "name": null,
        "highway": "footway",
        "lanes": null,
        "width_m": 2.0,
        "surface": "asphalt",
        "maxspeed": null
      }
    },
    {
      "type": "Feature",
      "id": 1456759053,
      "geometry": {
        "type": "LineString",
        "coordinates": [
          [
            292.764,
            -243.605
          ],
          [
            312.061,
            -236.086
          ],
          [
            309.113,
            -228.1
          ],
          [
            300.018,
            -204.642
          ],
          [
            297.791,
            -205.719
          ]
        ]
      },
      "properties": {
        "osm_id": 1456759053,
        "name": null,
        "highway": "footway",
        "lanes": null,
        "width_m": 2.0,
        "surface": null,
        "maxspeed": null
      }
    },
    {
      "type": "Feature",
      "id": 1456759054,
      "geometry": {
        "type": "LineString",
        "coordinates": [
          [
            160.938,
            -321.072
          ],
          [
            155.772,
            -306.81
          ],
          [
            150.655,
            -292.671
          ]
        ]
      },
      "properties": {
        "osm_id": 1456759054,
        "name": null,
        "highway": "footway",
        "lanes": null,
        "width_m": 2.0,
        "surface": null,
        "maxspeed": null
      }
    },
    {
      "type": "Feature",
      "id": 1456759055,
      "geometry": {
        "type": "LineString",
        "coordinates": [
          [
            150.655,
            -292.671
          ],
          [
            149.882,
            -290.55
          ]
        ]
      },
      "properties": {
        "osm_id": 1456759055,
        "name": null,
        "highway": "footway",
        "lanes": null,
        "width_m": 2.0,
        "surface": null,
        "maxspeed": null
      }
    },
    {
      "type": "Feature",
      "id": 1456759057,
      "geometry": {
        "type": "LineString",
        "coordinates": [
          [
            161.52,
            -322.682
          ],
          [
            160.938,
            -321.072
          ]
        ]
      },
      "properties": {
        "osm_id": 1456759057,
        "name": null,
        "highway": "footway",
        "lanes": null,
        "width_m": 2.0,
        "surface": null,
        "maxspeed": null
      }
    },
    {
      "type": "Feature",
      "id": 1456759062,
      "geometry": {
        "type": "LineString",
        "coordinates": [
          [
            318.764,
            -253.236
          ],
          [
            323.724,
            -251.381
          ],
          [
            327.022,
            -250.159
          ]
        ]
      },
      "properties": {
        "osm_id": 1456759062,
        "name": null,
        "highway": "footway",
        "lanes": null,
        "width_m": 2.0,
        "surface": "paving_stones",
        "maxspeed": null
      }
    },
    {
      "type": "Feature",
      "id": 1456759065,
      "geometry": {
        "type": "LineString",
        "coordinates": [
          [
            327.022,
            -250.159
          ],
          [
            326.241,
            -248.127
          ],
          [
            351.636,
            -238.254
          ]
        ]
      },
      "properties": {
        "osm_id": 1456759065,
        "name": null,
        "highway": "footway",
        "lanes": null,
        "width_m": 2.0,
        "surface": "paving_stones",
        "maxspeed": null
      }
    },
    {
      "type": "Feature",
      "id": 1456759066,
      "geometry": {
        "type": "LineString",
        "coordinates": [
          [
            351.636,
            -238.254
          ],
          [
            356.853,
            -236.233
          ],
          [
            360.051,
            -234.978
          ]
        ]
      },
      "properties": {
        "osm_id": 1456759066,
        "name": null,
        "highway": "footway",
        "lanes": null,
        "width_m": 2.0,
        "surface": "paving_stones",
        "maxspeed": null
      }
    },
    {
      "type": "Feature",
      "id": 1456759067,
      "geometry": {
        "type": "LineString",
        "coordinates": [
          [
            484.492,
            -332.06
          ],
          [
            456.206,
            -343.076
          ],
          [
            450.101,
            -345.453
          ]
        ]
      },
      "properties": {
        "osm_id": 1456759067,
        "name": null,
        "highway": "footway",
        "lanes": null,
        "width_m": 2.0,
        "surface": null,
        "maxspeed": null
      }
    },
    {
      "type": "Feature",
      "id": 1456759068,
      "geometry": {
        "type": "LineString",
        "coordinates": [
          [
            497.086,
            -327.152
          ],
          [
            484.492,
            -332.06
          ]
        ]
      },
      "properties": {
        "osm_id": 1456759068,
        "name": null,
        "highway": "footway",
        "lanes": null,
        "width_m": 2.0,
        "surface": null,
        "maxspeed": null
      }
    },
    {
      "type": "Feature",
      "id": 1456759069,
      "geometry": {
        "type": "LineString",
        "coordinates": [
          [
            531.236,
            -313.859
          ],
          [
            529.143,
            -314.67
          ],
          [
            497.086,
            -327.152
          ]
        ]
      },
      "properties": {
        "osm_id": 1456759069,
        "name": null,
        "highway": "footway",
        "lanes": null,
        "width_m": 2.0,
        "surface": null,
        "maxspeed": null
      }
    },
    {
      "type": "Feature",
      "id": 1464193920,
      "geometry": {
        "type": "LineString",
        "coordinates": [
          [
            -415.947,
            7.829
          ],
          [
            -416.378,
            6.274
          ]
        ]
      },
      "properties": {
        "osm_id": 1464193920,
        "name": null,
        "highway": "footway",
        "lanes": null,
        "width_m": 2.0,
        "surface": "asphalt",
        "maxspeed": null
      }
    },
    {
      "type": "Feature",
      "id": 1464193921,
      "geometry": {
        "type": "LineString",
        "coordinates": [
          [
            -419.46,
            -4.6
          ],
          [
            -419.775,
            -5.477
          ],
          [
            -420.888,
            -7.821
          ]
        ]
      },
      "properties": {
        "osm_id": 1464193921,
        "name": null,
        "highway": "footway",
        "lanes": null,
        "width_m": 2.0,
        "surface": "asphalt",
        "maxspeed": null
      }
    },
    {
      "type": "Feature",
      "id": 1464193923,
      "geometry": {
        "type": "LineString",
        "coordinates": [
          [
            -420.888,
            -7.821
          ],
          [
            -422.675,
            -7.165
          ]
        ]
      },
      "properties": {
        "osm_id": 1464193923,
        "name": null,
        "highway": "footway",
        "lanes": null,
        "width_m": 2.0,
        "surface": "asphalt",
        "maxspeed": null
      }
    },
    {
      "type": "Feature",
      "id": 1559910239,
      "geometry": {
        "type": "LineString",
        "coordinates": [
          [
            -698.108,
            392.032
          ],
          [
            -693.788,
            388.556
          ],
          [
            -681.649,
            376.272
          ],
          [
            -671.986,
            362.956
          ],
          [
            -662.938,
            347.996
          ],
          [
            -654.819,
            330.081
          ],
          [
            -651.114,
            324.339
          ],
          [
            -646.594,
            320.141
          ],
          [
            -640.728,
            315.021
          ],
          [
            -638.917,
            311.411
          ],
          [
            -638.26,
            310.101
          ],
          [
            -583.825,
            169.758
          ],
          [
            -580.219,
            160.461
          ],
          [
            -576.837,
            151.743
          ],
          [
            -539.322,
            54.993
          ],
          [
            -530.298,
            31.735
          ],
          [
            -525.28,
            18.996
          ],
          [
            -522.33,
            11.499
          ],
          [
            -514.861,
            -7.471
          ],
          [
            -503.801,
            -36.738
          ],
          [
            -492.069,
            -67.781
          ],
          [
            -491.264,
            -69.924
          ],
          [
            -489.428,
            -69.213
          ],
          [
            -485.224,
            -67.48
          ],
          [
            -477.092,
            -64.137
          ],
          [
            -474.816,
            -63.192
          ],
          [
            -471.352,
            -62.581
          ],
          [
            -466.749,
            -62.936
          ],
          [
            -465.429,
            -63.036
          ],
          [
            -455.219,
            -65.102
          ]
        ]
      },
      "properties": {
        "osm_id": 1559910239,
        "name": null,
        "highway": "cycleway",
        "lanes": null,
        "width_m": 2.0,
        "surface": "asphalt",
        "maxspeed": null
      }
    },
    {
      "type": "Feature",
      "id": 1559910240,
      "geometry": {
        "type": "LineString",
        "coordinates": [
          [
            -493.93,
            -70.858
          ],
          [
            -491.18,
            -70.924
          ],
          [
            -489.037,
            -70.124
          ]
        ]
      },
      "properties": {
        "osm_id": 1559910240,
        "name": null,
        "highway": "footway",
        "lanes": null,
        "width_m": 2.0,
        "surface": "asphalt",
        "maxspeed": null
      }
    }
  ]
}