{
  "type": "FeatureCollection",
  "crs": {
    "type": "local-meters",
    "note": "coordinate [x, z] in metri, vedi coords.py"
  },
  "features": [
    {
      "type": "Feature",
      "id": 227820716,
      "geometry": {
        "type": "Point",
        "coordinates": [
          -913.252,
          247.294
        ]
      },
      "properties": {
        "osm_id": 227820716,
        "name": null,
        "category": "fuel"
      }
    },
    {
      "type": "Feature",
      "id": 227977664,
      "geometry": {
        "type": "Point",
        "coordinates": [
          583.334,
          -958.447
        ]
      },
      "properties": {
        "osm_id": 227977664,
        "name": "IP",
        "category": "fuel"
      }
    },
    {
      "type": "Feature",
      "id": 227998199,
      "geometry": {
        "type": "Point",
        "coordinates": [
          173.231,
          972.415
        ]
      },
      "properties": {
        "osm_id": 227998199,
        "name": "IP",
        "category": "fuel"
      }
    },
    {
      "type": "Feature",
      "id": 228278272,
      "geometry": {
        "type": "Point",
        "coordinates": [
          525.64,
          -961.175
        ]
      },
      "properties": {
        "osm_id": 228278272,
        "name": "Api",
        "category": "fuel"
      }
    },
    {
      "type": "Feature",
      "id": 228278475,
      "geometry": {
        "type": "Point",
        "coordinates": [
          288.167,
          -332.438
        ]
      },
      "properties": {
        "osm_id": 228278475,
        "name": "Ip",
        "category": "fuel"
      }
    },
    {
      "type": "Feature",
      "id": 229099311,
      "geometry": {
        "type": "Point",
        "coordinates": [
          277.024,
          -193.578
        ]
      },
      "properties": {
        "osm_id": 229099311,
        "name": "IP",
        "category": "fuel"
      }
    },
    {
      "type": "Feature",
      "id": 248743045,
      "geometry": {
        "type": "Point",
        "coordinates": [
          74.297,
          -360.389
        ]
      },
      "properties": {
        "osm_id": 248743045,
        "name": null,
        "category": "atm"
      }
    },
    {
      "type": "Feature",
      "id": 250884088,
      "geometry": {
        "type": "Point",
        "coordinates": [
          203.337,
          -603.124
        ]
      },
      "properties": {
        "osm_id": 250884088,
        "name": "EUR Cine",
        "category": "cinema"
      }
    },
    {
      "type": "Feature",
      "id": 250889643,
      "geometry": {
        "type": "Point",
        "coordinates": [
          -84.433,
          -232.537
        ]
      },
      "properties": {
        "osm_id": 250889643,
        "name": null,
        "category": "drinking_water"
      }
    },
    {
      "type": "Feature",
      "id": 255019798,
      "geometry": {
        "type": "Point",
        "coordinates": [
          794.447,
          -409.992
        ]
      },
      "properties": {
        "osm_id": 255019798,
        "name": null,
        "category": "drinking_water"
      }
    },
    {
      "type": "Feature",
      "id": 401949921,
      "geometry": {
        "type": "Point",
        "coordinates": [
          951.531,
          -273.751
        ]
      },
      "properties": {
        "osm_id": 401949921,
        "name": "Museo dell'Astronomia e Planetario",
        "category": "museum"
      }
    },
    {
      "type": "Feature",
      "id": 550110716,
      "geometry": {
        "type": "Point",
        "coordinates": [
          -26.365,
          -558.782
        ]
      },
      "properties": {
        "osm_id": 550110716,
        "name": "Bar Vivona",
        "category": "cafe"
      }
    },
    {
      "type": "Feature",
      "id": 552421283,
      "geometry": {
        "type": "Point",
        "coordinates": [
          -668.572,
          541.468
        ]
      },
      "properties": {
        "osm_id": 552421283,
        "name": "Eni",
        "category": "fuel"
      }
    },
    {
      "type": "Feature",
      "id": 560418226,
      "geometry": {
        "type": "Point",
        "coordinates": [
          -248.811,
          451.184
        ]
      },
      "properties": {
        "osm_id": 560418226,
        "name": "Quattordicesimo Piano - Il Fungo",
        "category": "restaurant"
      }
    },
    {
      "type": "Feature",
      "id": 767941595,
      "geometry": {
        "type": "Point",
        "coordinates": [
          256.771,
          -450.393
        ]
      },
      "properties": {
        "osm_id": 767941595,
        "name": "Carabinieri Stazione EUR",
        "category": "police"
      }
    },
    {
      "type": "Feature",
      "id": 960595530,
      "geometry": {
        "type": "Point",
        "coordinates": [
          -602.293,
          265.521
        ]
      },
      "properties": {
        "osm_id": 960595530,
        "name": "Federici Bruno",
        "category": "cafe"
      }
    },
    {
      "type": "Feature",
      "id": 960595538,
      "geometry": {
        "type": "Point",
        "coordinates": [
          -690.176,
          575.131
        ]
      },
      "properties": {
        "osm_id": 960595538,
        "name": "Eni",
        "category": "fuel"
      }
    },
    {
      "type": "Feature",
      "id": 960869620,
      "geometry": {
        "type": "Point",
        "coordinates": [
          -581.503,
          212.842
        ]
      },
      "properties": {
        "osm_id": 960869620,
        "name": "Ricercatezze",
        "category": "fast_food"
      }
    },
    {
      "type": "Feature",
      "id": 1098234224,
      "geometry": {
        "type": "Point",
        "coordinates": [
          -646.133,
          -179.407
        ]
      },
      "properties": {
        "osm_id": 1098234224,
        "name": "Istituto Massimiliano Massimo",
        "category": "school"
      }
    },
    {
      "type": "Feature",
      "id": 1232388985,
      "geometry": {
        "type": "Point",
        "coordinates": [
          -42.429,
          -854.006
        ]
      },
      "properties": {
        "osm_id": 1232388985,
        "name": null,
        "category": "parking"
      }
    },
    {
      "type": "Feature",
      "id": 1232389019,
      "geometry": {
        "type": "Point",
        "coordinates": [
          260.269,
          -860.287
        ]
      },
      "properties": {
        "osm_id": 1232389019,
        "name": null,
        "category": "parking"
      }
    },
    {
      "type": "Feature",
      "id": 1233681188,
      "geometry": {
        "type": "Point",
        "coordinates": [
          -251.975,
          -760.301
        ]
      },
      "properties": {
        "osm_id": 1233681188,
        "name": null,
        "category": "parking"
      }
    },
    {
      "type": "Feature",
      "id": 1276512927,
      "geometry": {
        "type": "Point",
        "coordinates": [
          489.527,
          -687.34
        ]
      },
      "properties": {
        "osm_id": 1276512927,
        "name": "Old Wild West",
        "category": "restaurant"
      }
    },
    {
      "type": "Feature",
      "id": 1336742551,
      "geometry": {
        "type": "Point",
        "coordinates": [
          -232.557,
          -936.791
        ]
      },
      "properties": {
        "osm_id": 1336742551,
        "name": null,
        "category": "charging_station"
      }
    },
    {
      "type": "Feature",
      "id": 1362032125,
      "geometry": {
        "type": "Point",
        "coordinates": [
          21.922,
          -178.989
        ]
      },
      "properties": {
        "osm_id": 1362032125,
        "name": null,
        "category": "bicycle_parking"
      }
    },
    {
      "type": "Feature",
      "id": 1810015914,
      "geometry": {
        "type": "Point",
        "coordinates": [
          377.257,
          -46.371
        ]
      },
      "properties": {
        "osm_id": 1810015914,
        "name": null,
        "category": "bicycle_parking"
      }
    },
    {
      "type": "Feature",
      "id": 1878039425,
      "geometry": {
        "type": "Point",
        "coordinates": [
          -169.021,
          -311.131
        ]
      },
      "properties": {
        "osm_id": 1878039425,
        "name": "UGF Banca",
        "category": "bank"
      }
    },
    {
      "type": "Feature",
      "id": 1878560891,
      "geometry": {
        "type": "Point",
        "coordinates": [
          -35.064,
          -195.317
        ]
      },
      "properties": {
        "osm_id": 1878560891,
        "name": "Buddha Restaurant",
        "category": "restaurant"
      }
    },
    {
      "type": "Feature",
      "id": 1924360503,
      "geometry": {
        "type": "Point",
        "coordinates": [
          -21.457,
          -161.574
        ]
      },
      "properties": {
        "osm_id": 1924360503,
        "name": null,
        "category": "parking_entrance"
      }
    },
    {
      "type": "Feature",
      "id": 1924360563,
      "geometry": {
        "type": "Point",
        "coordinates": [
          -23.185,
          -169.36
        ]
      },
      "properties": {
        "osm_id": 1924360563,
        "name": null,
        "category": "parking"
      }
    },
    {
      "type": "Feature",
      "id": 1924360595,
      "geometry": {
        "type": "Point",
        "coordinates": [
          -16.423,
          -173.98
        ]
      },
      "properties": {
        "osm_id": 1924360595,
        "name": null,
        "category": "parking_entrance"
      }
    },
    {
      "type": "Feature",
      "id": 1924361311,
      "geometry": {
        "type": "Point",
        "coordinates": [
          -334.503,
          -324.554
        ]
      },
      "properties": {
        "osm_id": 1924361311,
        "name": null,
        "category": "vending_machine"
      }
    },
    {
      "type": "Feature",
      "id": 1924361338,
      "geometry": {
        "type": "Point",
        "coordinates": [
          -390.192,
          -337.663
        ]
      },
      "properties": {
        "osm_id": 1924361338,
        "name": null,
        "category": "bench"
      }
    },
    {
      "type": "Feature",
      "id": 1924361343,
      "geometry": {
        "type": "Point",
        "coordinates": [
          -382.159,
          -341.128
        ]
      },
      "properties": {
        "osm_id": 1924361343,
        "name": null,
        "category": "bench"
      }
    },
    {
      "type": "Feature",
      "id": 1931544630,
      "geometry": {
        "type": "Point",
        "coordinates": [
          150.126,
          -960.557
        ]
      },
      "properties": {
        "osm_id": 1931544630,
        "name": "Fontana del Ninfeo",
        "category": "fountain"
      }
    },
    {
      "type": "Feature",
      "id": 1936090400,
      "geometry": {
        "type": "Point",
        "coordinates": [
          13.365,
          -825.095
        ]
      },
      "properties": {
        "osm_id": 1936090400,
        "name": "Eur Gym Center",
        "category": "sports_centre"
      }
    },
    {
      "type": "Feature",
      "id": 1937451983,
      "geometry": {
        "type": "Point",
        "coordinates": [
          -273.347,
          -769.176
        ]
      },
      "properties": {
        "osm_id": 1937451983,
        "name": null,
        "category": "artwork"
      }
    },
    {
      "type": "Feature",
      "id": 1940751897,
      "geometry": {
        "type": "Point",
        "coordinates": [
          41.723,
          -716.357
        ]
      },
      "properties": {
        "osm_id": 1940751897,
        "name": null,
        "category": "parking"
      }
    },
    {
      "type": "Feature",
      "id": 1942142174,
      "geometry": {
        "type": "Point",
        "coordinates": [
          -484.811,
          88.495
        ]
      },
      "properties": {
        "osm_id": 1942142174,
        "name": null,
        "category": "parking"
      }
    },
    {
      "type": "Feature",
      "id": 1942142325,
      "geometry": {
        "type": "Point",
        "coordinates": [
          -455.258,
          34.662
        ]
      },
      "properties": {
        "osm_id": 1942142325,
        "name": null,
        "category": "parking"
      }
    },
    {
      "type": "Feature",
      "id": 1942142340,
      "geometry": {
        "type": "Point",
        "coordinates": [
          -489.833,
          31.749
        ]
      },
      "properties": {
        "osm_id": 1942142340,
        "name": null,
        "category": "parking"
      }
    },
    {
      "type": "Feature",
      "id": 1942142352,
      "geometry": {
        "type": "Point",
        "coordinates": [
          -456.845,
          25.076
        ]
      },
      "properties": {
        "osm_id": 1942142352,
        "name": null,
        "category": "parking"
      }
    },
    {
      "type": "Feature",
      "id": 2022244355,
      "geometry": {
        "type": "Point",
        "coordinates": [
          -253.38,
          -478.605
        ]
      },
      "properties": {
        "osm_id": 2022244355,
        "name": null,
        "category": "taxi"
      }
    },
    {
      "type": "Feature",
      "id": 2022244356,
      "geometry": {
        "type": "Point",
        "coordinates": [
          356.478,
          -584.17
        ]
      },
      "properties": {
        "osm_id": 2022244356,
        "name": "Taxi Piazza Guglielmo Marconi 060609",
        "category": "taxi"
      }
    },
    {
      "type": "Feature",
      "id": 2291425588,
      "geometry": {
        "type": "Point",
        "coordinates": [
          941.233,
          -249.892
        ]
      },
      "properties": {
        "osm_id": 2291425588,
        "name": "Planetario di Roma",
        "category": "planetarium"
      }
    },
    {
      "type": "Feature",
      "id": 2401541363,
      "geometry": {
        "type": "Point",
        "coordinates": [
          -283.759,
          -462.057
        ]
      },
      "properties": {
        "osm_id": 2401541363,
        "name": "Enel - stazione di ricarica",
        "category": "charging_station"
      }
    },
    {
      "type": "Feature",
      "id": 2401541502,
      "geometry": {
        "type": "Point",
        "coordinates": [
          459.107,
          709.833
        ]
      },
      "properties": {
        "osm_id": 2401541502,
        "name": "Enel",
        "category": "charging_station"
      }
    },
    {
      "type": "Feature",
      "id": 2489042525,
      "geometry": {
        "type": "Point",
        "coordinates": [
          -817.209,
          -178.214
        ]
      },
      "properties": {
        "osm_id": 2489042525,
        "name": "Ibis Styles",
        "category": "hotel"
      }
    },
    {
      "type": "Feature",
      "id": 2517197511,
      "geometry": {
        "type": "Point",
        "coordinates": [
          132.46,
          -887.273
        ]
      },
      "properties": {
        "osm_id": 2517197511,
        "name": "Palombini",
        "category": "cafe"
      }
    },
    {
      "type": "Feature",
      "id": 2547073285,
      "geometry": {
        "type": "Point",
        "coordinates": [
          -109.912,
          986.422
        ]
      },
      "properties": {
        "osm_id": 2547073285,
        "name": "Shangri La Corsetti",
        "category": "hotel"
      }
    },
    {
      "type": "Feature",
      "id": 2577720834,
      "geometry": {
        "type": "Point",
        "coordinates": [
          417.624,
          1.487
        ]
      },
      "properties": {
        "osm_id": 2577720834,
        "name": "EUR Fermi (MB)",
        "category": "bus_station"
      }
    },
    {
      "type": "Feature",
      "id": 2622617426,
      "geometry": {
        "type": "Point",
        "coordinates": [
          -646.186,
          771.407
        ]
      },
      "properties": {
        "osm_id": 2622617426,
        "name": "Gavius",
        "category": "restaurant"
      }
    },
    {
      "type": "Feature",
      "id": 2667791990,
      "geometry": {
        "type": "Point",
        "coordinates": [
          881.271,
          -532.591
        ]
      },
      "properties": {
        "osm_id": 2667791990,
        "name": "Monte dei Paschi di Siena",
        "category": "bank"
      }
    },
    {
      "type": "Feature",
      "id": 2671933566,
      "geometry": {
        "type": "Point",
        "coordinates": [
          -660.024,
          550.976
        ]
      },
      "properties": {
        "osm_id": 2671933566,
        "name": null,
        "category": "car_wash"
      }
    },
    {
      "type": "Feature",
      "id": 2680495930,
      "geometry": {
        "type": "Point",
        "coordinates": [
          871.545,
          -524.326
        ]
      },
      "properties": {
        "osm_id": 2680495930,
        "name": "Garden Bar",
        "category": "cafe"
      }
    },
    {
      "type": "Feature",
      "id": 2683531122,
      "geometry": {
        "type": "Point",
        "coordinates": [
          216.829,
          -254.442
        ]
      },
      "properties": {
        "osm_id": 2683531122,
        "name": "Museo storico delle comunicazioni",
        "category": "museum"
      }
    },
    {
      "type": "Feature",
      "id": 2695634358,
      "geometry": {
        "type": "Point",
        "coordinates": [
          869.053,
          -458.694
        ]
      },
      "properties": {
        "osm_id": 2695634358,
        "name": null,
        "category": "parking"
      }
    },
    {
      "type": "Feature",
      "id": 2705548594,
      "geometry": {
        "type": "Point",
        "coordinates": [
          802.041,
          192.672
        ]
      },
      "properties": {
        "osm_id": 2705548594,
        "name": "Unicredit Banca",
        "category": "bank"
      }
    },
    {
      "type": "Feature",
      "id": 2705548595,
      "geometry": {
        "type": "Point",
        "coordinates": [
          777.206,
          238.458
        ]
      },
      "properties": {
        "osm_id": 2705548595,
        "name": "Farmacia Corsetti",
        "category": "pharmacy"
      }
    },
    {
      "type": "Feature",
      "id": 2755884350,
      "geometry": {
        "type": "Point",
        "coordinates": [
          634.092,
          -36.715
        ]
      },
      "properties": {
        "osm_id": 2755884350,
        "name": "Intesa Sanpaolo",
        "category": "bank"
      }
    },
    {
      "type": "Feature",
      "id": 2760759132,
      "geometry": {
        "type": "Point",
        "coordinates": [
          881.96,
          -542.287
        ]
      },
      "properties": {
        "osm_id": 2760759132,
        "name": null,
        "category": "post_box"
      }
    },
    {
      "type": "Feature",
      "id": 2760759133,
      "geometry": {
        "type": "Point",
        "coordinates": [
          887.98,
          -557.882
        ]
      },
      "properties": {
        "osm_id": 2760759133,
        "name": null,
        "category": "telephone"
      }
    },
    {
      "type": "Feature",
      "id": 2796335923,
      "geometry": {
        "type": "Point",
        "coordinates": [
          153.853,
          -683.271
        ]
      },
      "properties": {
        "osm_id": 2796335923,
        "name": "McDonald's",
        "category": "fast_food"
      }
    },
    {
      "type": "Feature",
      "id": 2796335924,
      "geometry": {
        "type": "Point",
        "coordinates": [
          251.208,
          -603.603
        ]
      },
      "properties": {
        "osm_id": 2796335924,
        "name": "UniCredit",
        "category": "bank"
      }
    },
    {
      "type": "Feature",
      "id": 2897270432,
      "geometry": {
        "type": "Point",
        "coordinates": [
          515.784,
          -682.088
        ]
      },
      "properties": {
        "osm_id": 2897270432,
        "name": "Columbus",
        "category": "bar"
      }
    },
    {
      "type": "Feature",
      "id": 3300212933,
      "geometry": {
        "type": "Point",
        "coordinates": [
          805.245,
          242.465
        ]
      },
      "properties": {
        "osm_id": 3300212933,
        "name": "Deutsche Bank",
        "category": "bank"
      }
    },
    {
      "type": "Feature",
      "id": 3590379202,
      "geometry": {
        "type": "Point",
        "coordinates": [
          -184.071,
          -412.128
        ]
      },
      "properties": {
        "osm_id": 3590379202,
        "name": "Caff\u00e8 Tomeucci",
        "category": "cafe"
      }
    },
    {
      "type": "Feature",
      "id": 3590379214,
      "geometry": {
        "type": "Point",
        "coordinates": [
          -219.54,
          -439.319
        ]
      },
      "properties": {
        "osm_id": 3590379214,
        "name": null,
        "category": "bench"
      }
    },
    {
      "type": "Feature",
      "id": 3654669690,
      "geometry": {
        "type": "Point",
        "coordinates": [
          -61.347,
          -261.337
        ]
      },
      "properties": {
        "osm_id": 3654669690,
        "name": "Ristorante Gattopardo",
        "category": "restaurant"
      }
    },
    {
      "type": "Feature",
      "id": 3654669691,
      "geometry": {
        "type": "Point",
        "coordinates": [
          -52.492,
          -257.916
        ]
      },
      "properties": {
        "osm_id": 3654669691,
        "name": "Caff\u00e8 Roma",
        "category": "restaurant"
      }
    },
    {
      "type": "Feature",
      "id": 3654669692,
      "geometry": {
        "type": "Point",
        "coordinates": [
          -115.89,
          -283.44
        ]
      },
      "properties": {
        "osm_id": 3654669692,
        "name": "Eur China",
        "category": "restaurant"
      }
    },
    {
      "type": "Feature",
      "id": 3654669693,
      "geometry": {
        "type": "Point",
        "coordinates": [
          -308.435,
          -342.136
        ]
      },
      "properties": {
        "osm_id": 3654669693,
        "name": "Conca D'oro",
        "category": "bar"
      }
    },
    {
      "type": "Feature",
      "id": 3654669694,
      "geometry": {
        "type": "Point",
        "coordinates": [
          -232.735,
          -330.537
        ]
      },
      "properties": {
        "osm_id": 3654669694,
        "name": "Gelarmony",
        "category": "ice_cream"
      }
    },
    {
      "type": "Feature",
      "id": 3663816871,
      "geometry": {
        "type": "Point",
        "coordinates": [
          -258.353,
          -339.646
        ]
      },
      "properties": {
        "osm_id": 3663816871,
        "name": "Spaten Lounge",
        "category": "restaurant"
      }
    },
    {
      "type": "Feature",
      "id": 3876060181,
      "geometry": {
        "type": "Point",
        "coordinates": [
          -515.246,
          962.124
        ]
      },
      "properties": {
        "osm_id": 3876060181,
        "name": null,
        "category": "parking_entrance"
      }
    },
    {
      "type": "Feature",
      "id": 3895064584,
      "geometry": {
        "type": "Point",
        "coordinates": [
          -897.22,
          986.244
        ]
      },
      "properties": {
        "osm_id": 3895064584,
        "name": null,
        "category": "parking"
      }
    },
    {
      "type": "Feature",
      "id": 4002263231,
      "geometry": {
        "type": "Point",
        "coordinates": [
          -838.172,
          986.373
        ]
      },
      "properties": {
        "osm_id": 4002263231,
        "name": null,
        "category": "parking"
      }
    },
    {
      "type": "Feature",
      "id": 4058974398,
      "geometry": {
        "type": "Point",
        "coordinates": [
          -35.969,
          -306.398
        ]
      },
      "properties": {
        "osm_id": 4058974398,
        "name": "Parafarmacia Farmacrimi",
        "category": "pharmacy"
      }
    },
    {
      "type": "Feature",
      "id": 4107554191,
      "geometry": {
        "type": "Point",
        "coordinates": [
          -250.173,
          439.566
        ]
      },
      "properties": {
        "osm_id": 4107554191,
        "name": "Piano Zero - Pizzeria Bistrot",
        "category": "restaurant"
      }
    },
    {
      "type": "Feature",
      "id": 4246055234,
      "geometry": {
        "type": "Point",
        "coordinates": [
          -224.267,
          -426.024
        ]
      },
      "properties": {
        "osm_id": 4246055234,
        "name": "UniCredit",
        "category": "bank"
      }
    },
    {
      "type": "Feature",
      "id": 4246055235,
      "geometry": {
        "type": "Point",
        "coordinates": [
          -156.717,
          -400.342
        ]
      },
      "properties": {
        "osm_id": 4246055235,
        "name": "Farmacia Imbesi",
        "category": "pharmacy"
      }
    },
    {
      "type": "Feature",
      "id": 4314194072,
      "geometry": {
        "type": "Point",
        "coordinates": [
          132.564,
          -632.623
        ]
      },
      "properties": {
        "osm_id": 4314194072,
        "name": "Cr\u00e9dit Agricole",
        "category": "bank"
      }
    },
    {
      "type": "Feature",
      "id": 4321117454,
      "geometry": {
        "type": "Point",
        "coordinates": [
          -621.249,
          344.656
        ]
      },
      "properties": {
        "osm_id": 4321117454,
        "name": null,
        "category": "parking"
      }
    },
    {
      "type": "Feature",
      "id": 4325169884,
      "geometry": {
        "type": "Point",
        "coordinates": [
          -661.66,
          812.734
        ]
      },
      "properties": {
        "osm_id": 4325169884,
        "name": null,
        "category": "parking"
      }
    },
    {
      "type": "Feature",
      "id": 4362441604,
      "geometry": {
        "type": "Point",
        "coordinates": [
          -706.79,
          554.681
        ]
      },
      "properties": {
        "osm_id": 4362441604,
        "name": null,
        "category": "car_wash"
      }
    },
    {
      "type": "Feature",
      "id": 4362749941,
      "geometry": {
        "type": "Point",
        "coordinates": [
          -868.019,
          534.649
        ]
      },
      "properties": {
        "osm_id": 4362749941,
        "name": "Ufficio postale 55911 \u2013 Roma 106",
        "category": "post_office"
      }
    },
    {
      "type": "Feature",
      "id": 4362749942,
      "geometry": {
        "type": "Point",
        "coordinates": [
          -861.075,
          268.482
        ]
      },
      "properties": {
        "osm_id": 4362749942,
        "name": "Tamoil",
        "category": "fuel"
      }
    },
    {
      "type": "Feature",
      "id": 4362749978,
      "geometry": {
        "type": "Point",
        "coordinates": [
          -899.471,
          456.841
        ]
      },
      "properties": {
        "osm_id": 4362749978,
        "name": null,
        "category": "bar"
      }
    },
    {
      "type": "Feature",
      "id": 4368051472,
      "geometry": {
        "type": "Point",
        "coordinates": [
          -664.909,
          465.241
        ]
      },
      "properties": {
        "osm_id": 4368051472,
        "name": null,
        "category": "parking"
      }
    },
    {
      "type": "Feature",
      "id": 4368051477,
      "geometry": {
        "type": "Point",
        "coordinates": [
          -634.775,
          444.396
        ]
      },
      "properties": {
        "osm_id": 4368051477,
        "name": null,
        "category": "parking"
      }
    },
    {
      "type": "Feature",
      "id": 4388405046,
      "geometry": {
        "type": "Point",
        "coordinates": [
          -884.276,
          988.989
        ]
      },
      "properties": {
        "osm_id": 4388405046,
        "name": null,
        "category": "bench"
      }
    },
    {
      "type": "Feature",
      "id": 4388405047,
      "geometry": {
        "type": "Point",
        "coordinates": [
          -879.365,
          985.213
        ]
      },
      "properties": {
        "osm_id": 4388405047,
        "name": null,
        "category": "bench"
      }
    },
    {
      "type": "Feature",
      "id": 4388405048,
      "geometry": {
        "type": "Point",
        "coordinates": [
          -886.502,
          984.657
        ]
      },
      "properties": {
        "osm_id": 4388405048,
        "name": null,
        "category": "bench"
      }
    },
    {
      "type": "Feature",
      "id": 4388405050,
      "geometry": {
        "type": "Point",
        "coordinates": [
          -881.483,
          981.559
        ]
      },
      "properties": {
        "osm_id": 4388405050,
        "name": null,
        "category": "bench"
      }
    },
    {
      "type": "Feature",
      "id": 4391443611,
      "geometry": {
        "type": "Point",
        "coordinates": [
          -856.061,
          993.924
        ]
      },
      "properties": {
        "osm_id": 4391443611,
        "name": "Blue Sky Caf\u00e8",
        "category": "cafe"
      }
    },
    {
      "type": "Feature",
      "id": 4448071790,
      "geometry": {
        "type": "Point",
        "coordinates": [
          879.512,
          -520.195
        ]
      },
      "properties": {
        "osm_id": 4448071790,
        "name": null,
        "category": "hostel"
      }
    },
    {
      "type": "Feature",
      "id": 4485604889,
      "geometry": {
        "type": "Point",
        "coordinates": [
          -852.656,
          934.913
        ]
      },
      "properties": {
        "osm_id": 4485604889,
        "name": null,
        "category": "drinking_water"
      }
    },
    {
      "type": "Feature",
      "id": 4501956492,
      "geometry": {
        "type": "Point",
        "coordinates": [
          -501.68,
          -80.399
        ]
      },
      "properties": {
        "osm_id": 4501956492,
        "name": null,
        "category": "bench"
      }
    },
    {
      "type": "Feature",
      "id": 4501956493,
      "geometry": {
        "type": "Point",
        "coordinates": [
          -498.166,
          -79.033
        ]
      },
      "properties": {
        "osm_id": 4501956493,
        "name": null,
        "category": "bench"
      }
    },
    {
      "type": "Feature",
      "id": 4547647589,
      "geometry": {
        "type": "Point",
        "coordinates": [
          -347.365,
          415.793
        ]
      },
      "properties": {
        "osm_id": 4547647589,
        "name": null,
        "category": "drinking_water"
      }
    },
    {
      "type": "Feature",
      "id": 4566872268,
      "geometry": {
        "type": "Point",
        "coordinates": [
          -134.897,
          -291.116
        ]
      },
      "properties": {
        "osm_id": 4566872268,
        "name": "Tiki Bar",
        "category": "bar"
      }
    },
    {
      "type": "Feature",
      "id": 4566872270,
      "geometry": {
        "type": "Point",
        "coordinates": [
          -95.015,
          -275.576
        ]
      },
      "properties": {
        "osm_id": 4566872270,
        "name": "Gelato Naturale",
        "category": "cafe"
      }
    },
    {
      "type": "Feature",
      "id": 4566872271,
      "geometry": {
        "type": "Point",
        "coordinates": [
          -76.408,
          -268.368
        ]
      },
      "properties": {
        "osm_id": 4566872271,
        "name": "Primo Italian Street Food",
        "category": "restaurant"
      }
    },
    {
      "type": "Feature",
      "id": 4566872793,
      "geometry": {
        "type": "Point",
        "coordinates": [
          -323.952,
          -348.167
        ]
      },
      "properties": {
        "osm_id": 4566872793,
        "name": "Pizzeria Kebab",
        "category": "fast_food"
      }
    },
    {
      "type": "Feature",
      "id": 4566872794,
      "geometry": {
        "type": "Point",
        "coordinates": [
          -337.65,
          -353.944
        ]
      },
      "properties": {
        "osm_id": 4566872794,
        "name": "Pani",
        "category": "fast_food"
      }
    },
    {
      "type": "Feature",
      "id": 4566872795,
      "geometry": {
        "type": "Point",
        "coordinates": [
          -348.789,
          -358.054
        ]
      },
      "properties": {
        "osm_id": 4566872795,
        "name": "Daruma",
        "category": "restaurant"
      }
    },
    {
      "type": "Feature",
      "id": 4566872796,
      "geometry": {
        "type": "Point",
        "coordinates": [
          -370.627,
          -366.596
        ]
      },
      "properties": {
        "osm_id": 4566872796,
        "name": "4,5 Bistrot",
        "category": "fast_food"
      }
    },
    {
      "type": "Feature",
      "id": 4566872797,
      "geometry": {
        "type": "Point",
        "coordinates": [
          -287.407,
          -433.023
        ]
      },
      "properties": {
        "osm_id": 4566872797,
        "name": "Il Gianfornaio",
        "category": "restaurant"
      }
    },
    {
      "type": "Feature",
      "id": 4566872808,
      "geometry": {
        "type": "Point",
        "coordinates": [
          -249.75,
          -483.403
        ]
      },
      "properties": {
        "osm_id": 4566872808,
        "name": "oTBReD",
        "category": "fast_food"
      }
    },
    {
      "type": "Feature",
      "id": 4711934401,
      "geometry": {
        "type": "Point",
        "coordinates": [
          623.762,
          -90.172
        ]
      },
      "properties": {
        "osm_id": 4711934401,
        "name": "Panina",
        "category": "fast_food"
      }
    },
    {
      "type": "Feature",
      "id": 4768146858,
      "geometry": {
        "type": "Point",
        "coordinates": [
          789.297,
          640.452
        ]
      },
      "properties": {
        "osm_id": 4768146858,
        "name": "Villa Eur Parco dei Pini",
        "category": "hotel"
      }
    },
    {
      "type": "Feature",
      "id": 5044675102,
      "geometry": {
        "type": "Point",
        "coordinates": [
          -189.468,
          448.942
        ]
      },
      "properties": {
        "osm_id": 5044675102,
        "name": "Eurpark Adventure",
        "category": "theme_park"
      }
    },
    {
      "type": "Feature",
      "id": 5100028085,
      "geometry": {
        "type": "Point",
        "coordinates": [
          404.454,
          685.323
        ]
      },
      "properties": {
        "osm_id": 5100028085,
        "name": "E-42 Caf\u00e9",
        "category": "cafe"
      }
    },
    {
      "type": "Feature",
      "id": 5100032383,
      "geometry": {
        "type": "Point",
        "coordinates": [
          394.445,
          719.1
        ]
      },
      "properties": {
        "osm_id": 5100032383,
        "name": "La Maisonnette",
        "category": "kindergarten"
      }
    },
    {
      "type": "Feature",
      "id": 5100041662,
      "geometry": {
        "type": "Point",
        "coordinates": [
          363.06,
          788.476
        ]
      },
      "properties": {
        "osm_id": 5100041662,
        "name": "British School",
        "category": "language_school"
      }
    },
    {
      "type": "Feature",
      "id": 5101274225,
      "geometry": {
        "type": "Point",
        "coordinates": [
          -7.867,
          -392.244
        ]
      },
      "properties": {
        "osm_id": 5101274225,
        "name": "Banca Popolare di Novara",
        "category": "bank"
      }
    },
    {
      "type": "Feature",
      "id": 5128756551,
      "geometry": {
        "type": "Point",
        "coordinates": [
          529.044,
          28.214
        ]
      },
      "properties": {
        "osm_id": 5128756551,
        "name": null,
        "category": "fuel"
      }
    },
    {
      "type": "Feature",
      "id": 5145152867,
      "geometry": {
        "type": "Point",
        "coordinates": [
          -586.254,
          -601.746
        ]
      },
      "properties": {
        "osm_id": 5145152867,
        "name": null,
        "category": "community_centre"
      }
    },
    {
      "type": "Feature",
      "id": 5150474561,
      "geometry": {
        "type": "Point",
        "coordinates": [
          215.214,
          -88.204
        ]
      },
      "properties": {
        "osm_id": 5150474561,
        "name": "Giuseppe Pella",
        "category": "artwork"
      }
    },
    {
      "type": "Feature",
      "id": 5267842949,
      "geometry": {
        "type": "Point",
        "coordinates": [
          891.519,
          -559.138
        ]
      },
      "properties": {
        "osm_id": 5267842949,
        "name": null,
        "category": "telephone"
      }
    },
    {
      "type": "Feature",
      "id": 5297890587,
      "geometry": {
        "type": "Point",
        "coordinates": [
          403.212,
          -720.956
        ]
      },
      "properties": {
        "osm_id": 5297890587,
        "name": "BNL",
        "category": "bank"
      }
    },
    {
      "type": "Feature",
      "id": 5297890588,
      "geometry": {
        "type": "Point",
        "coordinates": [
          335.928,
          -746.254
        ]
      },
      "properties": {
        "osm_id": 5297890588,
        "name": "Project Roma",
        "category": "nightclub"
      }
    },
    {
      "type": "Feature",
      "id": 5298545017,
      "geometry": {
        "type": "Point",
        "coordinates": [
          571.222,
          -573.022
        ]
      },
      "properties": {
        "osm_id": 5298545017,
        "name": "EXE ROMA",
        "category": "nightclub"
      }
    },
    {
      "type": "Feature",
      "id": 5298550733,
      "geometry": {
        "type": "Point",
        "coordinates": [
          385.38,
          -684.091
        ]
      },
      "properties": {
        "osm_id": 5298550733,
        "name": "Room 26",
        "category": "nightclub"
      }
    },
    {
      "type": "Feature",
      "id": 5381094382,
      "geometry": {
        "type": "Point",
        "coordinates": [
          308.005,
          -676.234
        ]
      },
      "properties": {
        "osm_id": 5381094382,
        "name": "Spazio Novecento",
        "category": "nightclub"
      }
    },
    {
      "type": "Feature",
      "id": 5381094383,
      "geometry": {
        "type": "Point",
        "coordinates": [
          395.564,
          -682.903
        ]
      },
      "properties": {
        "osm_id": 5381094383,
        "name": "Casa Novecento",
        "category": "restaurant"
      }
    },
    {
      "type": "Feature",
      "id": 5456516654,
      "geometry": {
        "type": "Point",
        "coordinates": [
          245.993,
          -782.037
        ]
      },
      "properties": {
        "osm_id": 5456516654,
        "name": null,
        "category": "drinking_water"
      }
    },
    {
      "type": "Feature",
      "id": 5615836320,
      "geometry": {
        "type": "Point",
        "coordinates": [
          33.394,
          -376.05
        ]
      },
      "properties": {
        "osm_id": 5615836320,
        "name": "Dany's bar",
        "category": "cafe"
      }
    },
    {
      "type": "Feature",
      "id": 5618211378,
      "geometry": {
        "type": "Point",
        "coordinates": [
          -20.186,
          -341.873
        ]
      },
      "properties": {
        "osm_id": 5618211378,
        "name": "Black Diamond",
        "category": "cafe"
      }
    },
    {
      "type": "Feature",
      "id": 5627795586,
      "geometry": {
        "type": "Point",
        "coordinates": [
          80.135,
          -511.122
        ]
      },
      "properties": {
        "osm_id": 5627795586,
        "name": null,
        "category": "photo_booth"
      }
    },
    {
      "type": "Feature",
      "id": 5627795588,
      "geometry": {
        "type": "Point",
        "coordinates": [
          -7.377,
          -301.355
        ]
      },
      "properties": {
        "osm_id": 5627795588,
        "name": null,
        "category": "vending_machine"
      }
    },
    {
      "type": "Feature",
      "id": 5627795589,
      "geometry": {
        "type": "Point",
        "coordinates": [
          -37.041,
          -287.871
        ]
      },
      "properties": {
        "osm_id": 5627795589,
        "name": null,
        "category": "vending_machine"
      }
    },
    {
      "type": "Feature",
      "id": 5627795590,
      "geometry": {
        "type": "Point",
        "coordinates": [
          3.315,
          -219.641
        ]
      },
      "properties": {
        "osm_id": 5627795590,
        "name": null,
        "category": "vending_machine"
      }
    },
    {
      "type": "Feature",
      "id": 5638521412,
      "geometry": {
        "type": "Point",
        "coordinates": [
          38.967,
          -412.236
        ]
      },
      "properties": {
        "osm_id": 5638521412,
        "name": "Pizza Art",
        "category": "restaurant"
      }
    },
    {
      "type": "Feature",
      "id": 5638521413,
      "geometry": {
        "type": "Point",
        "coordinates": [
          70.86,
          -145.502
        ]
      },
      "properties": {
        "osm_id": 5638521413,
        "name": null,
        "category": "photo_booth"
      }
    },
    {
      "type": "Feature",
      "id": 5648370745,
      "geometry": {
        "type": "Point",
        "coordinates": [
          93.729,
          -187.542
        ]
      },
      "properties": {
        "osm_id": 5648370745,
        "name": null,
        "category": "waste_basket"
      }
    },
    {
      "type": "Feature",
      "id": 5648370746,
      "geometry": {
        "type": "Point",
        "coordinates": [
          9.337,
          -341.651
        ]
      },
      "properties": {
        "osm_id": 5648370746,
        "name": null,
        "category": "waste_basket"
      }
    },
    {
      "type": "Feature",
      "id": 5728136028,
      "geometry": {
        "type": "Point",
        "coordinates": [
          -93.55,
          86.59
        ]
      },
      "properties": {
        "osm_id": 5728136028,
        "name": null,
        "category": "drinking_water"
      }
    },
    {
      "type": "Feature",
      "id": 5769076528,
      "geometry": {
        "type": "Point",
        "coordinates": [
          -38.012,
          -389.922
        ]
      },
      "properties": {
        "osm_id": 5769076528,
        "name": null,
        "category": "recycling"
      }
    },
    {
      "type": "Feature",
      "id": 5769076529,
      "geometry": {
        "type": "Point",
        "coordinates": [
          -10.55,
          -301.855
        ]
      },
      "properties": {
        "osm_id": 5769076529,
        "name": null,
        "category": "recycling"
      }
    },
    {
      "type": "Feature",
      "id": 5769076530,
      "geometry": {
        "type": "Point",
        "coordinates": [
          80.882,
          -534.836
        ]
      },
      "properties": {
        "osm_id": 5769076530,
        "name": null,
        "category": "recycling"
      }
    },
    {
      "type": "Feature",
      "id": 5769076531,
      "geometry": {
        "type": "Point",
        "coordinates": [
          -8.988,
          -471.803
        ]
      },
      "properties": {
        "osm_id": 5769076531,
        "name": null,
        "category": "recycling"
      }
    },
    {
      "type": "Feature",
      "id": 5777636259,
      "geometry": {
        "type": "Point",
        "coordinates": [
          89.656,
          -348.86
        ]
      },
      "properties": {
        "osm_id": 5777636259,
        "name": null,
        "category": "vending_machine"
      }
    },
    {
      "type": "Feature",
      "id": 5777636260,
      "geometry": {
        "type": "Point",
        "coordinates": [
          150.818,
          -454.522
        ]
      },
      "properties": {
        "osm_id": 5777636260,
        "name": null,
        "category": "recycling"
      }
    },
    {
      "type": "Feature",
      "id": 5777636261,
      "geometry": {
        "type": "Point",
        "coordinates": [
          -68.317,
          -241.2
        ]
      },
      "properties": {
        "osm_id": 5777636261,
        "name": null,
        "category": "recycling"
      }
    },
    {
      "type": "Feature",
      "id": 5807940906,
      "geometry": {
        "type": "Point",
        "coordinates": [
          79.495,
          -525.995
        ]
      },
      "properties": {
        "osm_id": 5807940906,
        "name": null,
        "category": "vending_machine"
      }
    },
    {
      "type": "Feature",
      "id": 5807940907,
      "geometry": {
        "type": "Point",
        "coordinates": [
          -0.208,
          -580.974
        ]
      },
      "properties": {
        "osm_id": 5807940907,
        "name": null,
        "category": "vending_machine"
      }
    },
    {
      "type": "Feature",
      "id": 5807940908,
      "geometry": {
        "type": "Point",
        "coordinates": [
          -39.623,
          -555.917
        ]
      },
      "properties": {
        "osm_id": 5807940908,
        "name": null,
        "category": "vending_machine"
      }
    },
    {
      "type": "Feature",
      "id": 5807940909,
      "geometry": {
        "type": "Point",
        "coordinates": [
          -39.125,
          -479.934
        ]
      },
      "properties": {
        "osm_id": 5807940909,
        "name": null,
        "category": "vending_machine"
      }
    },
    {
      "type": "Feature",
      "id": 5807940910,
      "geometry": {
        "type": "Point",
        "coordinates": [
          27.936,
          -391.977
        ]
      },
      "properties": {
        "osm_id": 5807940910,
        "name": null,
        "category": "vending_machine"
      }
    },
    {
      "type": "Feature",
      "id": 5807940911,
      "geometry": {
        "type": "Point",
        "coordinates": [
          -61.072,
          -373.606
        ]
      },
      "properties": {
        "osm_id": 5807940911,
        "name": null,
        "category": "vending_machine"
      }
    },
    {
      "type": "Feature",
      "id": 5807940912,
      "geometry": {
        "type": "Point",
        "coordinates": [
          34.232,
          -469.282
        ]
      },
      "properties": {
        "osm_id": 5807940912,
        "name": null,
        "category": "vending_machine"
      }
    },
    {
      "type": "Feature",
      "id": 5837801985,
      "geometry": {
        "type": "Point",
        "coordinates": [
          58.962,
          -435.883
        ]
      },
      "properties": {
        "osm_id": 5837801985,
        "name": "Marjani coffee roasters",
        "category": "cafe"
      }
    },
    {
      "type": "Feature",
      "id": 5846238175,
      "geometry": {
        "type": "Point",
        "coordinates": [
          -52.64,
          -402.373
        ]
      },
      "properties": {
        "osm_id": 5846238175,
        "name": null,
        "category": "vending_machine"
      }
    },
    {
      "type": "Feature",
      "id": 5846238176,
      "geometry": {
        "type": "Point",
        "coordinates": [
          -120.764,
          -427.421
        ]
      },
      "properties": {
        "osm_id": 5846238176,
        "name": null,
        "category": "vending_machine"
      }
    },
    {
      "type": "Feature",
      "id": 5846238177,
      "geometry": {
        "type": "Point",
        "coordinates": [
          -210.06,
          -513.524
        ]
      },
      "properties": {
        "osm_id": 5846238177,
        "name": null,
        "category": "vending_machine"
      }
    },
    {
      "type": "Feature",
      "id": 5846238178,
      "geometry": {
        "type": "Point",
        "coordinates": [
          -229.536,
          -605.668
        ]
      },
      "properties": {
        "osm_id": 5846238178,
        "name": null,
        "category": "vending_machine"
      }
    },
    {
      "type": "Feature",
      "id": 5846238179,
      "geometry": {
        "type": "Point",
        "coordinates": [
          -148.868,
          -717.081
        ]
      },
      "properties": {
        "osm_id": 5846238179,
        "name": null,
        "category": "vending_machine"
      }
    },
    {
      "type": "Feature",
      "id": 5846238180,
      "geometry": {
        "type": "Point",
        "coordinates": [
          -104.179,
          -759.287
        ]
      },
      "properties": {
        "osm_id": 5846238180,
        "name": null,
        "category": "vending_machine"
      }
    },
    {
      "type": "Feature",
      "id": 5846238181,
      "geometry": {
        "type": "Point",
        "coordinates": [
          179.526,
          -782.28
        ]
      },
      "properties": {
        "osm_id": 5846238181,
        "name": null,
        "category": "vending_machine"
      }
    },
    {
      "type": "Feature",
      "id": 5846238182,
      "geometry": {
        "type": "Point",
        "coordinates": [
          134.458,
          -668.121
        ]
      },
      "properties": {
        "osm_id": 5846238182,
        "name": null,
        "category": "vending_machine"
      }
    },
    {
      "type": "Feature",
      "id": 5846238183,
      "geometry": {
        "type": "Point",
        "coordinates": [
          184.003,
          -794.531
        ]
      },
      "properties": {
        "osm_id": 5846238183,
        "name": null,
        "category": "recycling"
      }
    },
    {
      "type": "Feature",
      "id": 5846238184,
      "geometry": {
        "type": "Point",
        "coordinates": [
          148.958,
          -817.066
        ]
      },
      "properties": {
        "osm_id": 5846238184,
        "name": null,
        "category": "recycling"
      }
    },
    {
      "type": "Feature",
      "id": 5851835011,
      "geometry": {
        "type": "Point",
        "coordinates": [
          231.41,
          -198.141
        ]
      },
      "properties": {
        "osm_id": 5851835011,
        "name": "Esso",
        "category": "fuel"
      }
    },
    {
      "type": "Feature",
      "id": 5940664760,
      "geometry": {
        "type": "Point",
        "coordinates": [
          649.176,
          -65.328
        ]
      },
      "properties": {
        "osm_id": 5940664760,
        "name": "Fresco Baldo",
        "category": "restaurant"
      }
    },
    {
      "type": "Feature",
      "id": 6093840887,
      "geometry": {
        "type": "Point",
        "coordinates": [
          85.854,
          -807.568
        ]
      },
      "properties": {
        "osm_id": 6093840887,
        "name": "Liceo Scientifico Statale Stanislao Cannizzaro",
        "category": "school"
      }
    },
    {
      "type": "Feature",
      "id": 6170704571,
      "geometry": {
        "type": "Point",
        "coordinates": [
          -857.101,
          937.456
        ]
      },
      "properties": {
        "osm_id": 6170704571,
        "name": null,
        "category": "bench"
      }
    },
    {
      "type": "Feature",
      "id": 6170704572,
      "geometry": {
        "type": "Point",
        "coordinates": [
          -868.8,
          946.329
        ]
      },
      "properties": {
        "osm_id": 6170704572,
        "name": null,
        "category": "bench"
      }
    },
    {
      "type": "Feature",
      "id": 6170704573,
      "geometry": {
        "type": "Point",
        "coordinates": [
          -875.147,
          939.109
        ]
      },
      "properties": {
        "osm_id": 6170704573,
        "name": null,
        "category": "bench"
      }
    },
    {
      "type": "Feature",
      "id": 6217388242,
      "geometry": {
        "type": "Point",
        "coordinates": [
          410.05,
          -687.324
        ]
      },
      "properties": {
        "osm_id": 6217388242,
        "name": "Istituto Nazionale di Statistica",
        "category": "research_institute"
      }
    },
    {
      "type": "Feature",
      "id": 6274885192,
      "geometry": {
        "type": "Point",
        "coordinates": [
          817.735,
          -883.576
        ]
      },
      "properties": {
        "osm_id": 6274885192,
        "name": null,
        "category": "toilets"
      }
    },
    {
      "type": "Feature",
      "id": 6274893902,
      "geometry": {
        "type": "Point",
        "coordinates": [
          906.677,
          -895.904
        ]
      },
      "properties": {
        "osm_id": 6274893902,
        "name": null,
        "category": "toilets"
      }
    },
    {
      "type": "Feature",
      "id": 6275045839,
      "geometry": {
        "type": "Point",
        "coordinates": [
          816.928,
          -824.919
        ]
      },
      "properties": {
        "osm_id": 6275045839,
        "name": "Pizzeria del Gufetto",
        "category": "restaurant"
      }
    },
    {
      "type": "Feature",
      "id": 6275045840,
      "geometry": {
        "type": "Point",
        "coordinates": [
          815.152,
          -813.024
        ]
      },
      "properties": {
        "osm_id": 6275045840,
        "name": "La Cucina di Nina",
        "category": "fast_food"
      }
    },
    {
      "type": "Feature",
      "id": 6303511487,
      "geometry": {
        "type": "Point",
        "coordinates": [
          648.578,
          -149.341
        ]
      },
      "properties": {
        "osm_id": 6303511487,
        "name": "Lievito, Pizza, Pane",
        "category": "fast_food"
      }
    },
    {
      "type": "Feature",
      "id": 6406540090,
      "geometry": {
        "type": "Point",
        "coordinates": [
          573.04,
          -163.796
        ]
      },
      "properties": {
        "osm_id": 6406540090,
        "name": "Apple 299",
        "category": "restaurant"
      }
    },
    {
      "type": "Feature",
      "id": 6406564485,
      "geometry": {
        "type": "Point",
        "coordinates": [
          651.808,
          -82.233
        ]
      },
      "properties": {
        "osm_id": 6406564485,
        "name": "Johnny Mezzanotte",
        "category": "restaurant"
      }
    },
    {
      "type": "Feature",
      "id": 6406564685,
      "geometry": {
        "type": "Point",
        "coordinates": [
          581.197,
          -182.045
        ]
      },
      "properties": {
        "osm_id": 6406564685,
        "name": "Hertz",
        "category": "car_rental"
      }
    },
    {
      "type": "Feature",
      "id": 6465601543,
      "geometry": {
        "type": "Point",
        "coordinates": [
          6.994,
          -755.898
        ]
      },
      "properties": {
        "osm_id": 6465601543,
        "name": null,
        "category": "vending_machine"
      }
    },
    {
      "type": "Feature",
      "id": 6465601545,
      "geometry": {
        "type": "Point",
        "coordinates": [
          14.287,
          -656.457
        ]
      },
      "properties": {
        "osm_id": 6465601545,
        "name": null,
        "category": "vending_machine"
      }
    },
    {
      "type": "Feature",
      "id": 6465601546,
      "geometry": {
        "type": "Point",
        "coordinates": [
          -38.684,
          -629.323
        ]
      },
      "properties": {
        "osm_id": 6465601546,
        "name": null,
        "category": "vending_machine"
      }
    },
    {
      "type": "Feature",
      "id": 6465601548,
      "geometry": {
        "type": "Point",
        "coordinates": [
          -141.9,
          -249.254
        ]
      },
      "properties": {
        "osm_id": 6465601548,
        "name": null,
        "category": "vending_machine"
      }
    },
    {
      "type": "Feature",
      "id": 6465601549,
      "geometry": {
        "type": "Point",
        "coordinates": [
          -239.82,
          -331.159
        ]
      },
      "properties": {
        "osm_id": 6465601549,
        "name": null,
        "category": "vending_machine"
      }
    },
    {
      "type": "Feature",
      "id": 6465601550,
      "geometry": {
        "type": "Point",
        "coordinates": [
          -223.391,
          -281.166
        ]
      },
      "properties": {
        "osm_id": 6465601550,
        "name": null,
        "category": "vending_machine"
      }
    },
    {
      "type": "Feature",
      "id": 6465601551,
      "geometry": {
        "type": "Point",
        "coordinates": [
          -195.819,
          -308.522
        ]
      },
      "properties": {
        "osm_id": 6465601551,
        "name": null,
        "category": "vending_machine"
      }
    },
    {
      "type": "Feature",
      "id": 6465601552,
      "geometry": {
        "type": "Point",
        "coordinates": [
          135.602,
          -740.638
        ]
      },
      "properties": {
        "osm_id": 6465601552,
        "name": null,
        "category": "vending_machine"
      }
    },
    {
      "type": "Feature",
      "id": 6480245029,
      "geometry": {
        "type": "Point",
        "coordinates": [
          -434.945,
          -4.512
        ]
      },
      "properties": {
        "osm_id": 6480245029,
        "name": null,
        "category": "telephone"
      }
    },
    {
      "type": "Feature",
      "id": 6506606485,
      "geometry": {
        "type": "Point",
        "coordinates": [
          938.863,
          232.208
        ]
      },
      "properties": {
        "osm_id": 6506606485,
        "name": "Torc\u00e8",
        "category": "ice_cream"
      }
    },
    {
      "type": "Feature",
      "id": 6820559480,
      "geometry": {
        "type": "Point",
        "coordinates": [
          -671.706,
          125.533
        ]
      },
      "properties": {
        "osm_id": 6820559480,
        "name": null,
        "category": "recycling"
      }
    },
    {
      "type": "Feature",
      "id": 6820559483,
      "geometry": {
        "type": "Point",
        "coordinates": [
          -495.716,
          -74.256
        ]
      },
      "properties": {
        "osm_id": 6820559483,
        "name": null,
        "category": "telephone"
      }
    },
    {
      "type": "Feature",
      "id": 6820562586,
      "geometry": {
        "type": "Point",
        "coordinates": [
          -511.557,
          -80.955
        ]
      },
      "properties": {
        "osm_id": 6820562586,
        "name": null,
        "category": "photo_booth"
      }
    },
    {
      "type": "Feature",
      "id": 6820562587,
      "geometry": {
        "type": "Point",
        "coordinates": [
          -583.651,
          -38.31
        ]
      },
      "properties": {
        "osm_id": 6820562587,
        "name": null,
        "category": "recycling"
      }
    },
    {
      "type": "Feature",
      "id": 6820562590,
      "geometry": {
        "type": "Point",
        "coordinates": [
          -491.271,
          -81.942
        ]
      },
      "properties": {
        "osm_id": 6820562590,
        "name": null,
        "category": "recycling"
      }
    },
    {
      "type": "Feature",
      "id": 6857871338,
      "geometry": {
        "type": "Point",
        "coordinates": [
          -52.508,
          -370.63
        ]
      },
      "properties": {
        "osm_id": 6857871338,
        "name": null,
        "category": "bench"
      }
    },
    {
      "type": "Feature",
      "id": 6857871339,
      "geometry": {
        "type": "Point",
        "coordinates": [
          -42.083,
          -366.742
        ]
      },
      "properties": {
        "osm_id": 6857871339,
        "name": null,
        "category": "bench"
      }
    },
    {
      "type": "Feature",
      "id": 6882248065,
      "geometry": {
        "type": "Point",
        "coordinates": [
          -580.372,
          -310.553
        ]
      },
      "properties": {
        "osm_id": 6882248065,
        "name": null,
        "category": "recycling"
      }
    },
    {
      "type": "Feature",
      "id": 6882249473,
      "geometry": {
        "type": "Point",
        "coordinates": [
          -480.0,
          -542.804
        ]
      },
      "properties": {
        "osm_id": 6882249473,
        "name": "San Pietro",
        "category": "artwork"
      }
    },
    {
      "type": "Feature",
      "id": 6882249474,
      "geometry": {
        "type": "Point",
        "coordinates": [
          -473.769,
          -559.586
        ]
      },
      "properties": {
        "osm_id": 6882249474,
        "name": "San Paolo",
        "category": "artwork"
      }
    },
    {
      "type": "Feature",
      "id": 7106609620,
      "geometry": {
        "type": "Point",
        "coordinates": [
          -946.557,
          182.958
        ]
      },
      "properties": {
        "osm_id": 7106609620,
        "name": null,
        "category": "charging_station"
      }
    },
    {
      "type": "Feature",
      "id": 7106609621,
      "geometry": {
        "type": "Point",
        "coordinates": [
          -951.956,
          176.382
        ]
      },
      "properties": {
        "osm_id": 7106609621,
        "name": null,
        "category": "charging_station"
      }
    },
    {
      "type": "Feature",
      "id": 7116551797,
      "geometry": {
        "type": "Point",
        "coordinates": [
          -90.164,
          -233.903
        ]
      },
      "properties": {
        "osm_id": 7116551797,
        "name": null,
        "category": "charging_station"
      }
    },
    {
      "type": "Feature",
      "id": 7124091330,
      "geometry": {
        "type": "Point",
        "coordinates": [
          -78.344,
          -228.816
        ]
      },
      "properties": {
        "osm_id": 7124091330,
        "name": null,
        "category": "charging_station"
      }
    },
    {
      "type": "Feature",
      "id": 7682623105,
      "geometry": {
        "type": "Point",
        "coordinates": [
          -141.016,
          -14.44
        ]
      },
      "properties": {
        "osm_id": 7682623105,
        "name": "Barcheria",
        "category": "cafe"
      }
    },
    {
      "type": "Feature",
      "id": 8195876694,
      "geometry": {
        "type": "Point",
        "coordinates": [
          -373.215,
          -122.886
        ]
      },
      "properties": {
        "osm_id": 8195876694,
        "name": null,
        "category": "bench"
      }
    },
    {
      "type": "Feature",
      "id": 8195911613,
      "geometry": {
        "type": "Point",
        "coordinates": [
          -311.004,
          -97.893
        ]
      },
      "properties": {
        "osm_id": 8195911613,
        "name": null,
        "category": "bench"
      }
    },
    {
      "type": "Feature",
      "id": 8195931984,
      "geometry": {
        "type": "Point",
        "coordinates": [
          -41.919,
          31.144
        ]
      },
      "properties": {
        "osm_id": 8195931984,
        "name": null,
        "category": "waste_basket"
      }
    },
    {
      "type": "Feature",
      "id": 8195931985,
      "geometry": {
        "type": "Point",
        "coordinates": [
          -313.097,
          -103.624
        ]
      },
      "properties": {
        "osm_id": 8195931985,
        "name": null,
        "category": "bench"
      }
    },
    {
      "type": "Feature",
      "id": 8195952283,
      "geometry": {
        "type": "Point",
        "coordinates": [
          -34.243,
          34.365
        ]
      },
      "properties": {
        "osm_id": 8195952283,
        "name": null,
        "category": "bench"
      }
    },
    {
      "type": "Feature",
      "id": 8195952284,
      "geometry": {
        "type": "Point",
        "coordinates": [
          -364.625,
          -129.239
        ]
      },
      "properties": {
        "osm_id": 8195952284,
        "name": null,
        "category": "bench"
      }
    },
    {
      "type": "Feature",
      "id": 8195952715,
      "geometry": {
        "type": "Point",
        "coordinates": [
          -360.165,
          -127.106
        ]
      },
      "properties": {
        "osm_id": 8195952715,
        "name": null,
        "category": "bench"
      }
    },
    {
      "type": "Feature",
      "id": 8195955412,
      "geometry": {
        "type": "Point",
        "coordinates": [
          65.347,
          233.135
        ]
      },
      "properties": {
        "osm_id": 8195955412,
        "name": null,
        "category": "waste_basket"
      }
    },
    {
      "type": "Feature",
      "id": 8195955413,
      "geometry": {
        "type": "Point",
        "coordinates": [
          -291.374,
          -96.615
        ]
      },
      "properties": {
        "osm_id": 8195955413,
        "name": null,
        "category": "bench"
      }
    },
    {
      "type": "Feature",
      "id": 8195955414,
      "geometry": {
        "type": "Point",
        "coordinates": [
          -403.325,
          -193.384
        ]
      },
      "properties": {
        "osm_id": 8195955414,
        "name": null,
        "category": "waste_basket"
      }
    },
    {
      "type": "Feature",
      "id": 8195955727,
      "geometry": {
        "type": "Point",
        "coordinates": [
          -270.715,
          -91.083
        ]
      },
      "properties": {
        "osm_id": 8195955727,
        "name": null,
        "category": "bench"
      }
    },
    {
      "type": "Feature",
      "id": 8195960987,
      "geometry": {
        "type": "Point",
        "coordinates": [
          -414.367,
          -161.052
        ]
      },
      "properties": {
        "osm_id": 8195960987,
        "name": null,
        "category": "waste_basket"
      }
    },
    {
      "type": "Feature",
      "id": 8195964788,
      "geometry": {
        "type": "Point",
        "coordinates": [
          -387.777,
          -138.992
        ]
      },
      "properties": {
        "osm_id": 8195964788,
        "name": null,
        "category": "bench"
      }
    },
    {
      "type": "Feature",
      "id": 8195965049,
      "geometry": {
        "type": "Point",
        "coordinates": [
          -387.179,
          -128.663
        ]
      },
      "properties": {
        "osm_id": 8195965049,
        "name": null,
        "category": "bench"
      }
    },
    {
      "type": "Feature",
      "id": 8195965213,
      "geometry": {
        "type": "Point",
        "coordinates": [
          107.533,
          247.119
        ]
      },
      "properties": {
        "osm_id": 8195965213,
        "name": null,
        "category": "waste_basket"
      }
    },
    {
      "type": "Feature",
      "id": 8195965510,
      "geometry": {
        "type": "Point",
        "coordinates": [
          -383.317,
          -117.289
        ]
      },
      "properties": {
        "osm_id": 8195965510,
        "name": null,
        "category": "bench"
      }
    },
    {
      "type": "Feature",
      "id": 8195965799,
      "geometry": {
        "type": "Point",
        "coordinates": [
          -115.887,
          3.065
        ]
      },
      "properties": {
        "osm_id": 8195965799,
        "name": null,
        "category": "bench"
      }
    },
    {
      "type": "Feature",
      "id": 8195967065,
      "geometry": {
        "type": "Point",
        "coordinates": [
          -420.198,
          -162.974
        ]
      },
      "properties": {
        "osm_id": 8195967065,
        "name": null,
        "category": "waste_basket"
      }
    },
    {
      "type": "Feature",
      "id": 8195967415,
      "geometry": {
        "type": "Point",
        "coordinates": [
          -210.671,
          -52.262
        ]
      },
      "properties": {
        "osm_id": 8195967415,
        "name": null,
        "category": "bench"
      }
    },
    {
      "type": "Feature",
      "id": 8195968546,
      "geometry": {
        "type": "Point",
        "coordinates": [
          -168.911,
          -42.72
        ]
      },
      "properties": {
        "osm_id": 8195968546,
        "name": null,
        "category": "waste_basket"
      }
    },
    {
      "type": "Feature",
      "id": 8195971150,
      "geometry": {
        "type": "Point",
        "coordinates": [
          -397.757,
          -220.152
        ]
      },
      "properties": {
        "osm_id": 8195971150,
        "name": null,
        "category": "waste_basket"
      }
    },
    {
      "type": "Feature",
      "id": 8195971378,
      "geometry": {
        "type": "Point",
        "coordinates": [
          -348.053,
          -114.066
        ]
      },
      "properties": {
        "osm_id": 8195971378,
        "name": null,
        "category": "waste_basket"
      }
    },
    {
      "type": "Feature",
      "id": 8195971963,
      "geometry": {
        "type": "Point",
        "coordinates": [
          -92.651,
          11.728
        ]
      },
      "properties": {
        "osm_id": 8195971963,
        "name": null,
        "category": "bench"
      }
    },
    {
      "type": "Feature",
      "id": 8195971964,
      "geometry": {
        "type": "Point",
        "coordinates": [
          -249.091,
          -88.294
        ]
      },
      "properties": {
        "osm_id": 8195971964,
        "name": null,
        "category": "waste_basket"
      }
    },
    {
      "type": "Feature",
      "id": 8195972754,
      "geometry": {
        "type": "Point",
        "coordinates": [
          -234.247,
          -67.579
        ]
      },
      "properties": {
        "osm_id": 8195972754,
        "name": null,
        "category": "bench"
      }
    },
    {
      "type": "Feature",
      "id": 8195973417,
      "geometry": {
        "type": "Point",
        "coordinates": [
          -164.467,
          -40.631
        ]
      },
      "properties": {
        "osm_id": 8195973417,
        "name": null,
        "category": "bench"
      }
    },
    {
      "type": "Feature",
      "id": 8195973418,
      "geometry": {
        "type": "Point",
        "coordinates": [
          -268.098,
          -88.117
        ]
      },
      "properties": {
        "osm_id": 8195973418,
        "name": null,
        "category": "waste_basket"
      }
    },
    {
      "type": "Feature",
      "id": 8789729247,
      "geometry": {
        "type": "Point",
        "coordinates": [
          -362.578,
          -47.025
        ]
      },
      "properties": {
        "osm_id": 8789729247,
        "name": null,
        "category": "fountain"
      }
    },
    {
      "type": "Feature",
      "id": 9081618923,
      "geometry": {
        "type": "Point",
        "coordinates": [
          679.516,
          391.611
        ]
      },
      "properties": {
        "osm_id": 9081618923,
        "name": null,
        "category": "recycling"
      }
    },
    {
      "type": "Feature",
      "id": 9083779931,
      "geometry": {
        "type": "Point",
        "coordinates": [
          762.609,
          386.294
        ]
      },
      "properties": {
        "osm_id": 9083779931,
        "name": "Nice & Food",
        "category": "cafe"
      }
    },
    {
      "type": "Feature",
      "id": 9083779932,
      "geometry": {
        "type": "Point",
        "coordinates": [
          764.353,
          379.752
        ]
      },
      "properties": {
        "osm_id": 9083779932,
        "name": null,
        "category": "post_box"
      }
    },
    {
      "type": "Feature",
      "id": 9083779950,
      "geometry": {
        "type": "Point",
        "coordinates": [
          766.402,
          353.006
        ]
      },
      "properties": {
        "osm_id": 9083779950,
        "name": "Snack Bar Em.Gi.",
        "category": "cafe"
      }
    },
    {
      "type": "Feature",
      "id": 9369965089,
      "geometry": {
        "type": "Point",
        "coordinates": [
          512.761,
          -434.258
        ]
      },
      "properties": {
        "osm_id": 9369965089,
        "name": "Caff\u00e8 Lincoln",
        "category": "cafe"
      }
    },
    {
      "type": "Feature",
      "id": 9502287317,
      "geometry": {
        "type": "Point",
        "coordinates": [
          361.579,
          -73.826
        ]
      },
      "properties": {
        "osm_id": 9502287317,
        "name": "Taxi Viale America 060609",
        "category": "taxi"
      }
    },
    {
      "type": "Feature",
      "id": 9741082177,
      "geometry": {
        "type": "Point",
        "coordinates": [
          785.341,
          180.679
        ]
      },
      "properties": {
        "osm_id": 9741082177,
        "name": null,
        "category": "doctors"
      }
    },
    {
      "type": "Feature",
      "id": 9815461954,
      "geometry": {
        "type": "Point",
        "coordinates": [
          315.475,
          -255.135
        ]
      },
      "properties": {
        "osm_id": 9815461954,
        "name": null,
        "category": "drinking_water"
      }
    },
    {
      "type": "Feature",
      "id": 9956807925,
      "geometry": {
        "type": "Point",
        "coordinates": [
          41.382,
          -855.561
        ]
      },
      "properties": {
        "osm_id": 9956807925,
        "name": null,
        "category": "bench"
      }
    },
    {
      "type": "Feature",
      "id": 9959545154,
      "geometry": {
        "type": "Point",
        "coordinates": [
          156.268,
          -788.388
        ]
      },
      "properties": {
        "osm_id": 9959545154,
        "name": null,
        "category": "bench"
      }
    },
    {
      "type": "Feature",
      "id": 9959545155,
      "geometry": {
        "type": "Point",
        "coordinates": [
          150.237,
          -806.792
        ]
      },
      "properties": {
        "osm_id": 9959545155,
        "name": null,
        "category": "bench"
      }
    },
    {
      "type": "Feature",
      "id": 9959545156,
      "geometry": {
        "type": "Point",
        "coordinates": [
          157.439,
          -807.348
        ]
      },
      "properties": {
        "osm_id": 9959545156,
        "name": null,
        "category": "bench"
      }
    },
    {
      "type": "Feature",
      "id": 9959545157,
      "geometry": {
        "type": "Point",
        "coordinates": [
          157.92,
          -804.038
        ]
      },
      "properties": {
        "osm_id": 9959545157,
        "name": null,
        "category": "bench"
      }
    },
    {
      "type": "Feature",
      "id": 10050981524,
      "geometry": {
        "type": "Point",
        "coordinates": [
          968.017,
          -784.909
        ]
      },
      "properties": {
        "osm_id": 10050981524,
        "name": null,
        "category": "bench"
      }
    },
    {
      "type": "Feature",
      "id": 10050981525,
      "geometry": {
        "type": "Point",
        "coordinates": [
          961.505,
          -784.264
        ]
      },
      "properties": {
        "osm_id": 10050981525,
        "name": null,
        "category": "bench"
      }
    },
    {
      "type": "Feature",
      "id": 10050981526,
      "geometry": {
        "type": "Point",
        "coordinates": [
          956.853,
          -790.705
        ]
      },
      "properties": {
        "osm_id": 10050981526,
        "name": null,
        "category": "bench"
      }
    },
    {
      "type": "Feature",
      "id": 10050981527,
      "geometry": {
        "type": "Point",
        "coordinates": [
          959.41,
          -796.614
        ]
      },
      "properties": {
        "osm_id": 10050981527,
        "name": null,
        "category": "bench"
      }
    },
    {
      "type": "Feature",
      "id": 10050981528,
      "geometry": {
        "type": "Point",
        "coordinates": [
          965.648,
          -797.226
        ]
      },
      "properties": {
        "osm_id": 10050981528,
        "name": null,
        "category": "bench"
      }
    },
    {
      "type": "Feature",
      "id": 10050981529,
      "geometry": {
        "type": "Point",
        "coordinates": [
          970.5,
          -790.674
        ]
      },
      "properties": {
        "osm_id": 10050981529,
        "name": null,
        "category": "bench"
      }
    },
    {
      "type": "Feature",
      "id": 10050981574,
      "geometry": {
        "type": "Point",
        "coordinates": [
          651.666,
          2.125
        ]
      },
      "properties": {
        "osm_id": 10050981574,
        "name": null,
        "category": "charging_station"
      }
    },
    {
      "type": "Feature",
      "id": 10050981575,
      "geometry": {
        "type": "Point",
        "coordinates": [
          614.389,
          -110.841
        ]
      },
      "properties": {
        "osm_id": 10050981575,
        "name": null,
        "category": "charging_station"
      }
    },
    {
      "type": "Feature",
      "id": 10050981693,
      "geometry": {
        "type": "Point",
        "coordinates": [
          -101.305,
          -203.325
        ]
      },
      "properties": {
        "osm_id": 10050981693,
        "name": null,
        "category": "bench"
      }
    },
    {
      "type": "Feature",
      "id": 10050981694,
      "geometry": {
        "type": "Point",
        "coordinates": [
          -105.217,
          -220.741
        ]
      },
      "properties": {
        "osm_id": 10050981694,
        "name": null,
        "category": "bench"
      }
    },
    {
      "type": "Feature",
      "id": 10050981695,
      "geometry": {
        "type": "Point",
        "coordinates": [
          -346.537,
          -209.131
        ]
      },
      "properties": {
        "osm_id": 10050981695,
        "name": null,
        "category": "bench"
      }
    },
    {
      "type": "Feature",
      "id": 10050981696,
      "geometry": {
        "type": "Point",
        "coordinates": [
          -355.699,
          -212.452
        ]
      },
      "properties": {
        "osm_id": 10050981696,
        "name": null,
        "category": "bench"
      }
    },
    {
      "type": "Feature",
      "id": 10050981697,
      "geometry": {
        "type": "Point",
        "coordinates": [
          -387.664,
          -225.449
        ]
      },
      "properties": {
        "osm_id": 10050981697,
        "name": null,
        "category": "bench"
      }
    },
    {
      "type": "Feature",
      "id": 10050981698,
      "geometry": {
        "type": "Point",
        "coordinates": [
          -263.276,
          -199.309
        ]
      },
      "properties": {
        "osm_id": 10050981698,
        "name": null,
        "category": "bench"
      }
    },
    {
      "type": "Feature",
      "id": 10050981699,
      "geometry": {
        "type": "Point",
        "coordinates": [
          -266.449,
          -190.923
        ]
      },
      "properties": {
        "osm_id": 10050981699,
        "name": null,
        "category": "bench"
      }
    },
    {
      "type": "Feature",
      "id": 10050981700,
      "geometry": {
        "type": "Point",
        "coordinates": [
          -257.594,
          -197.476
        ]
      },
      "properties": {
        "osm_id": 10050981700,
        "name": null,
        "category": "bench"
      }
    },
    {
      "type": "Feature",
      "id": 10050981701,
      "geometry": {
        "type": "Point",
        "coordinates": [
          -210.95,
          -169.374
        ]
      },
      "properties": {
        "osm_id": 10050981701,
        "name": null,
        "category": "bench"
      }
    },
    {
      "type": "Feature",
      "id": 10050981702,
      "geometry": {
        "type": "Point",
        "coordinates": [
          -188.081,
          -160.954
        ]
      },
      "properties": {
        "osm_id": 10050981702,
        "name": null,
        "category": "bench"
      }
    },
    {
      "type": "Feature",
      "id": 10050981703,
      "geometry": {
        "type": "Point",
        "coordinates": [
          -181.784,
          -158.732
        ]
      },
      "properties": {
        "osm_id": 10050981703,
        "name": null,
        "category": "bench"
      }
    },
    {
      "type": "Feature",
      "id": 10050981704,
      "geometry": {
        "type": "Point",
        "coordinates": [
          -175.936,
          -176.937
        ]
      },
      "properties": {
        "osm_id": 10050981704,
        "name": null,
        "category": "bench"
      }
    },
    {
      "type": "Feature",
      "id": 10050981705,
      "geometry": {
        "type": "Point",
        "coordinates": [
          -181.643,
          -178.992
        ]
      },
      "properties": {
        "osm_id": 10050981705,
        "name": null,
        "category": "bench"
      }
    },
    {
      "type": "Feature",
      "id": 10050981706,
      "geometry": {
        "type": "Point",
        "coordinates": [
          -185.447,
          -186.822
        ]
      },
      "properties": {
        "osm_id": 10050981706,
        "name": null,
        "category": "bench"
      }
    },
    {
      "type": "Feature",
      "id": 10050981707,
      "geometry": {
        "type": "Point",
        "coordinates": [
          -183.736,
          -189.765
        ]
      },
      "properties": {
        "osm_id": 10050981707,
        "name": null,
        "category": "bench"
      }
    },
    {
      "type": "Feature",
      "id": 10050981708,
      "geometry": {
        "type": "Point",
        "coordinates": [
          -198.215,
          -203.194
        ]
      },
      "properties": {
        "osm_id": 10050981708,
        "name": null,
        "category": "bench"
      }
    },
    {
      "type": "Feature",
      "id": 10050981709,
      "geometry": {
        "type": "Point",
        "coordinates": [
          -210.999,
          -193.887
        ]
      },
      "properties": {
        "osm_id": 10050981709,
        "name": null,
        "category": "bench"
      }
    },
    {
      "type": "Feature",
      "id": 10050981710,
      "geometry": {
        "type": "Point",
        "coordinates": [
          -245.665,
          -201.152
        ]
      },
      "properties": {
        "osm_id": 10050981710,
        "name": null,
        "category": "bench"
      }
    },
    {
      "type": "Feature",
      "id": 10050981711,
      "geometry": {
        "type": "Point",
        "coordinates": [
          -218.716,
          -231.74
        ]
      },
      "properties": {
        "osm_id": 10050981711,
        "name": null,
        "category": "bench"
      }
    },
    {
      "type": "Feature",
      "id": 10050981712,
      "geometry": {
        "type": "Point",
        "coordinates": [
          -228.276,
          -265.183
        ]
      },
      "properties": {
        "osm_id": 10050981712,
        "name": null,
        "category": "bench"
      }
    },
    {
      "type": "Feature",
      "id": 10249157190,
      "geometry": {
        "type": "Point",
        "coordinates": [
          674.631,
          -135.471
        ]
      },
      "properties": {
        "osm_id": 10249157190,
        "name": "BLounge Sushi & Mixology",
        "category": "restaurant"
      }
    },
    {
      "type": "Feature",
      "id": 10312753599,
      "geometry": {
        "type": "Point",
        "coordinates": [
          74.539,
          -206.879
        ]
      },
      "properties": {
        "osm_id": 10312753599,
        "name": "Museo Nazionale Preistorico Etnografico \"Luigi Pigorini\"",
        "category": "information"
      }
    },
    {
      "type": "Feature",
      "id": 10312753600,
      "geometry": {
        "type": "Point",
        "coordinates": [
          70.901,
          -208.012
        ]
      },
      "properties": {
        "osm_id": 10312753600,
        "name": "Museo Nazionale dell'Alto Medioevo",
        "category": "information"
      }
    },
    {
      "type": "Feature",
      "id": 10312753601,
      "geometry": {
        "type": "Point",
        "coordinates": [
          133.578,
          -184.144
        ]
      },
      "properties": {
        "osm_id": 10312753601,
        "name": "Museo Nazionale Preistorico Etnografico \"Luigi Pigorini\"",
        "category": "information"
      }
    },
    {
      "type": "Feature",
      "id": 10312753602,
      "geometry": {
        "type": "Point",
        "coordinates": [
          126.899,
          -186.787
        ]
      },
      "properties": {
        "osm_id": 10312753602,
        "name": "Museo Nazionale delle Arti e Tradizioni Popolari",
        "category": "information"
      }
    },
    {
      "type": "Feature",
      "id": 10312835954,
      "geometry": {
        "type": "Point",
        "coordinates": [
          310.916,
          156.446
        ]
      },
      "properties": {
        "osm_id": 10312835954,
        "name": null,
        "category": "waste_basket"
      }
    },
    {
      "type": "Feature",
      "id": 10312835955,
      "geometry": {
        "type": "Point",
        "coordinates": [
          356.134,
          183.701
        ]
      },
      "properties": {
        "osm_id": 10312835955,
        "name": null,
        "category": "waste_basket"
      }
    },
    {
      "type": "Feature",
      "id": 10312835956,
      "geometry": {
        "type": "Point",
        "coordinates": [
          362.291,
          189.732
        ]
      },
      "properties": {
        "osm_id": 10312835956,
        "name": "Orchidea",
        "category": "artwork"
      }
    },
    {
      "type": "Feature",
      "id": 10312835957,
      "geometry": {
        "type": "Point",
        "coordinates": [
          334.834,
          175.061
        ]
      },
      "properties": {
        "osm_id": 10312835957,
        "name": null,
        "category": "bench"
      }
    },
    {
      "type": "Feature",
      "id": 10312835958,
      "geometry": {
        "type": "Point",
        "coordinates": [
          359.416,
          184.511
        ]
      },
      "properties": {
        "osm_id": 10312835958,
        "name": null,
        "category": "bench"
      }
    },
    {
      "type": "Feature",
      "id": 10312835959,
      "geometry": {
        "type": "Point",
        "coordinates": [
          384.256,
          194.018
        ]
      },
      "properties": {
        "osm_id": 10312835959,
        "name": null,
        "category": "bench"
      }
    },
    {
      "type": "Feature",
      "id": 10312835960,
      "geometry": {
        "type": "Point",
        "coordinates": [
          380.925,
          192.896
        ]
      },
      "properties": {
        "osm_id": 10312835960,
        "name": null,
        "category": "waste_basket"
      }
    },
    {
      "type": "Feature",
      "id": 10312835961,
      "geometry": {
        "type": "Point",
        "coordinates": [
          408.788,
          196.782
        ]
      },
      "properties": {
        "osm_id": 10312835961,
        "name": null,
        "category": "bench"
      }
    },
    {
      "type": "Feature",
      "id": 10312835962,
      "geometry": {
        "type": "Point",
        "coordinates": [
          405.249,
          196.782
        ]
      },
      "properties": {
        "osm_id": 10312835962,
        "name": null,
        "category": "waste_basket"
      }
    },
    {
      "type": "Feature",
      "id": 10312835963,
      "geometry": {
        "type": "Point",
        "coordinates": [
          412.842,
          187.73
        ]
      },
      "properties": {
        "osm_id": 10312835963,
        "name": null,
        "category": "waste_basket"
      }
    },
    {
      "type": "Feature",
      "id": 10312835966,
      "geometry": {
        "type": "Point",
        "coordinates": [
          301.901,
          123.137
        ]
      },
      "properties": {
        "osm_id": 10312835966,
        "name": null,
        "category": "bench"
      }
    },
    {
      "type": "Feature",
      "id": 10312835967,
      "geometry": {
        "type": "Point",
        "coordinates": [
          268.147,
          109.999
        ]
      },
      "properties": {
        "osm_id": 10312835967,
        "name": null,
        "category": "bench"
      }
    },
    {
      "type": "Feature",
      "id": 10312835968,
      "geometry": {
        "type": "Point",
        "coordinates": [
          252.961,
          115.875
        ]
      },
      "properties": {
        "osm_id": 10312835968,
        "name": null,
        "category": "bench"
      }
    },
    {
      "type": "Feature",
      "id": 10312835976,
      "geometry": {
        "type": "Point",
        "coordinates": [
          159.727,
          107.636
        ]
      },
      "properties": {
        "osm_id": 10312835976,
        "name": null,
        "category": "waste_basket"
      }
    },
    {
      "type": "Feature",
      "id": 10312835977,
      "geometry": {
        "type": "Point",
        "coordinates": [
          120.873,
          92.465
        ]
      },
      "properties": {
        "osm_id": 10312835977,
        "name": null,
        "category": "waste_basket"
      }
    },
    {
      "type": "Feature",
      "id": 10312835978,
      "geometry": {
        "type": "Point",
        "coordinates": [
          -11.132,
          10.052
        ]
      },
      "properties": {
        "osm_id": 10312835978,
        "name": null,
        "category": "waste_basket"
      }
    },
    {
      "type": "Feature",
      "id": 10312835979,
      "geometry": {
        "type": "Point",
        "coordinates": [
          7.659,
          8.175
        ]
      },
      "properties": {
        "osm_id": 10312835979,
        "name": null,
        "category": "bench"
      }
    },
    {
      "type": "Feature",
      "id": 10312835980,
      "geometry": {
        "type": "Point",
        "coordinates": [
          -5.674,
          3.054
        ]
      },
      "properties": {
        "osm_id": 10312835980,
        "name": null,
        "category": "bench"
      }
    },
    {
      "type": "Feature",
      "id": 10312835981,
      "geometry": {
        "type": "Point",
        "coordinates": [
          -19.996,
          22.758
        ]
      },
      "properties": {
        "osm_id": 10312835981,
        "name": null,
        "category": "bench"
      }
    },
    {
      "type": "Feature",
      "id": 10312835982,
      "geometry": {
        "type": "Point",
        "coordinates": [
          -64.93,
          22.136
        ]
      },
      "properties": {
        "osm_id": 10312835982,
        "name": null,
        "category": "bench"
      }
    },
    {
      "type": "Feature",
      "id": 10312835983,
      "geometry": {
        "type": "Point",
        "coordinates": [
          -79.933,
          16.182
        ]
      },
      "properties": {
        "osm_id": 10312835983,
        "name": null,
        "category": "waste_basket"
      }
    },
    {
      "type": "Feature",
      "id": 10313435009,
      "geometry": {
        "type": "Point",
        "coordinates": [
          363.045,
          -650.469
        ]
      },
      "properties": {
        "osm_id": 10313435009,
        "name": "Room26",
        "category": "nightclub"
      }
    },
    {
      "type": "Feature",
      "id": 10574351922,
      "geometry": {
        "type": "Point",
        "coordinates": [
          846.624,
          235.729
        ]
      },
      "properties": {
        "osm_id": 10574351922,
        "name": "'Na Tazzulella 'e caf\u00e8",
        "category": "cafe"
      }
    },
    {
      "type": "Feature",
      "id": 10589956434,
      "geometry": {
        "type": "Point",
        "coordinates": [
          -133.088,
          732.527
        ]
      },
      "properties": {
        "osm_id": 10589956434,
        "name": "Synergy",
        "category": "fuel"
      }
    },
    {
      "type": "Feature",
      "id": 10655460090,
      "geometry": {
        "type": "Point",
        "coordinates": [
          -78.57,
          9.074
        ]
      },
      "properties": {
        "osm_id": 10655460090,
        "name": null,
        "category": "fitness_station"
      }
    },
    {
      "type": "Feature",
      "id": 10829448379,
      "geometry": {
        "type": "Point",
        "coordinates": [
          967.615,
          -872.276
        ]
      },
      "properties": {
        "osm_id": 10829448379,
        "name": null,
        "category": "bench"
      }
    },
    {
      "type": "Feature",
      "id": 10829449912,
      "geometry": {
        "type": "Point",
        "coordinates": [
          986.499,
          -845.811
        ]
      },
      "properties": {
        "osm_id": 10829449912,
        "name": null,
        "category": "bench"
      }
    },
    {
      "type": "Feature",
      "id": 10829450036,
      "geometry": {
        "type": "Point",
        "coordinates": [
          991.056,
          -923.972
        ]
      },
      "properties": {
        "osm_id": 10829450036,
        "name": null,
        "category": "bench"
      }
    },
    {
      "type": "Feature",
      "id": 10856027435,
      "geometry": {
        "type": "Point",
        "coordinates": [
          385.717,
          11.93
        ]
      },
      "properties": {
        "osm_id": 10856027435,
        "name": null,
        "category": "bench"
      }
    },
    {
      "type": "Feature",
      "id": 10856036132,
      "geometry": {
        "type": "Point",
        "coordinates": [
          389.505,
          13.418
        ]
      },
      "properties": {
        "osm_id": 10856036132,
        "name": null,
        "category": "bench"
      }
    },
    {
      "type": "Feature",
      "id": 10929547582,
      "geometry": {
        "type": "Point",
        "coordinates": [
          717.477,
          -315.375
        ]
      },
      "properties": {
        "osm_id": 10929547582,
        "name": "Comando generale Guardia costiera",
        "category": "police"
      }
    },
    {
      "type": "Feature",
      "id": 10929589781,
      "geometry": {
        "type": "Point",
        "coordinates": [
          363.997,
          -243.541
        ]
      },
      "properties": {
        "osm_id": 10929589781,
        "name": null,
        "category": "parking_entrance"
      }
    },
    {
      "type": "Feature",
      "id": 10929589783,
      "geometry": {
        "type": "Point",
        "coordinates": [
          525.215,
          -180.053
        ]
      },
      "properties": {
        "osm_id": 10929589783,
        "name": null,
        "category": "parking_entrance"
      }
    },
    {
      "type": "Feature",
      "id": 10929589837,
      "geometry": {
        "type": "Point",
        "coordinates": [
          38.915,
          -827.427
        ]
      },
      "properties": {
        "osm_id": 10929589837,
        "name": "Istituto tecnico industriale Leon Battista Alberti",
        "category": "school"
      }
    },
    {
      "type": "Feature",
      "id": 10937770577,
      "geometry": {
        "type": "Point",
        "coordinates": [
          25.478,
          -148.223
        ]
      },
      "properties": {
        "osm_id": 10937770577,
        "name": null,
        "category": "vending_machine"
      }
    },
    {
      "type": "Feature",
      "id": 10937770578,
      "geometry": {
        "type": "Point",
        "coordinates": [
          -49.759,
          -178.156
        ]
      },
      "properties": {
        "osm_id": 10937770578,
        "name": null,
        "category": "vending_machine"
      }
    },
    {
      "type": "Feature",
      "id": 10937770586,
      "geometry": {
        "type": "Point",
        "coordinates": [
          -22.269,
          -861.515
        ]
      },
      "properties": {
        "osm_id": 10937770586,
        "name": null,
        "category": "artwork"
      }
    },
    {
      "type": "Feature",
      "id": 10937770587,
      "geometry": {
        "type": "Point",
        "coordinates": [
          5.681,
          -934.921
        ]
      },
      "properties": {
        "osm_id": 10937770587,
        "name": null,
        "category": "artwork"
      }
    },
    {
      "type": "Feature",
      "id": 10937770588,
      "geometry": {
        "type": "Point",
        "coordinates": [
          -86.226,
          -969.675
        ]
      },
      "properties": {
        "osm_id": 10937770588,
        "name": null,
        "category": "artwork"
      }
    },
    {
      "type": "Feature",
      "id": 10937770589,
      "geometry": {
        "type": "Point",
        "coordinates": [
          -113.596,
          -897.202
        ]
      },
      "properties": {
        "osm_id": 10937770589,
        "name": null,
        "category": "artwork"
      }
    },
    {
      "type": "Feature",
      "id": 10937793525,
      "geometry": {
        "type": "Point",
        "coordinates": [
          481.053,
          -455.37
        ]
      },
      "properties": {
        "osm_id": 10937793525,
        "name": "Museo delle Civilt\u00e0",
        "category": "museum"
      }
    },
    {
      "type": "Feature",
      "id": 10937793526,
      "geometry": {
        "type": "Point",
        "coordinates": [
          526.065,
          -594.488
        ]
      },
      "properties": {
        "osm_id": 10937793526,
        "name": "Museo delle Civilt\u00e0 - Sezione Arti e tradizioni popolari",
        "category": "museum"
      }
    },
    {
      "type": "Feature",
      "id": 10937793679,
      "geometry": {
        "type": "Point",
        "coordinates": [
          576.987,
          -569.302
        ]
      },
      "properties": {
        "osm_id": 10937793679,
        "name": "Tat\u00e0",
        "category": "restaurant"
      }
    },
    {
      "type": "Feature",
      "id": 10963300624,
      "geometry": {
        "type": "Point",
        "coordinates": [
          -70.943,
          711.68
        ]
      },
      "properties": {
        "osm_id": 10963300624,
        "name": null,
        "category": "bench"
      }
    },
    {
      "type": "Feature",
      "id": 10963300625,
      "geometry": {
        "type": "Point",
        "coordinates": [
          -63.549,
          693.387
        ]
      },
      "properties": {
        "osm_id": 10963300625,
        "name": null,
        "category": "bench"
      }
    },
    {
      "type": "Feature",
      "id": 10963300626,
      "geometry": {
        "type": "Point",
        "coordinates": [
          -71.317,
          727.685
        ]
      },
      "properties": {
        "osm_id": 10963300626,
        "name": null,
        "category": "bench"
      }
    },
    {
      "type": "Feature",
      "id": 10963300627,
      "geometry": {
        "type": "Point",
        "coordinates": [
          -39.065,
          663.998
        ]
      },
      "properties": {
        "osm_id": 10963300627,
        "name": null,
        "category": "bench"
      }
    },
    {
      "type": "Feature",
      "id": 10963300628,
      "geometry": {
        "type": "Point",
        "coordinates": [
          -22.349,
          652.425
        ]
      },
      "properties": {
        "osm_id": 10963300628,
        "name": null,
        "category": "bench"
      }
    },
    {
      "type": "Feature",
      "id": 10963300629,
      "geometry": {
        "type": "Point",
        "coordinates": [
          79.516,
          593.057
        ]
      },
      "properties": {
        "osm_id": 10963300629,
        "name": null,
        "category": "bench"
      }
    },
    {
      "type": "Feature",
      "id": 10963300630,
      "geometry": {
        "type": "Point",
        "coordinates": [
          137.172,
          542.031
        ]
      },
      "properties": {
        "osm_id": 10963300630,
        "name": null,
        "category": "bench"
      }
    },
    {
      "type": "Feature",
      "id": 10963300631,
      "geometry": {
        "type": "Point",
        "coordinates": [
          -99.59,
          782.631
        ]
      },
      "properties": {
        "osm_id": 10963300631,
        "name": null,
        "category": "bench"
      }
    },
    {
      "type": "Feature",
      "id": 10963300632,
      "geometry": {
        "type": "Point",
        "coordinates": [
          -107.758,
          803.19
        ]
      },
      "properties": {
        "osm_id": 10963300632,
        "name": null,
        "category": "bench"
      }
    },
    {
      "type": "Feature",
      "id": 10963300633,
      "geometry": {
        "type": "Point",
        "coordinates": [
          -129.235,
          855.148
        ]
      },
      "properties": {
        "osm_id": 10963300633,
        "name": null,
        "category": "bench"
      }
    },
    {
      "type": "Feature",
      "id": 10963300634,
      "geometry": {
        "type": "Point",
        "coordinates": [
          -115.028,
          821.005
        ]
      },
      "properties": {
        "osm_id": 10963300634,
        "name": null,
        "category": "bench"
      }
    },
    {
      "type": "Feature",
      "id": 10963300635,
      "geometry": {
        "type": "Point",
        "coordinates": [
          -166.758,
          953.055
        ]
      },
      "properties": {
        "osm_id": 10963300635,
        "name": null,
        "category": "bench"
      }
    },
    {
      "type": "Feature",
      "id": 10963300636,
      "geometry": {
        "type": "Point",
        "coordinates": [
          -153.805,
          963.041
        ]
      },
      "properties": {
        "osm_id": 10963300636,
        "name": null,
        "category": "bench"
      }
    },
    {
      "type": "Feature",
      "id": 10963300637,
      "geometry": {
        "type": "Point",
        "coordinates": [
          -169.849,
          976.369
        ]
      },
      "properties": {
        "osm_id": 10963300637,
        "name": null,
        "category": "bench"
      }
    },
    {
      "type": "Feature",
      "id": 10963300638,
      "geometry": {
        "type": "Point",
        "coordinates": [
          -157.902,
          980.612
        ]
      },
      "properties": {
        "osm_id": 10963300638,
        "name": null,
        "category": "bench"
      }
    },
    {
      "type": "Feature",
      "id": 10963300642,
      "geometry": {
        "type": "Point",
        "coordinates": [
          -146.12,
          945.392
        ]
      },
      "properties": {
        "osm_id": 10963300642,
        "name": null,
        "category": "bench"
      }
    },
    {
      "type": "Feature",
      "id": 10963300643,
      "geometry": {
        "type": "Point",
        "coordinates": [
          -143.444,
          935.573
        ]
      },
      "properties": {
        "osm_id": 10963300643,
        "name": null,
        "category": "bench"
      }
    },
    {
      "type": "Feature",
      "id": 10963300644,
      "geometry": {
        "type": "Point",
        "coordinates": [
          -109.343,
          669.817
        ]
      },
      "properties": {
        "osm_id": 10963300644,
        "name": null,
        "category": "bench"
      }
    },
    {
      "type": "Feature",
      "id": 10963300645,
      "geometry": {
        "type": "Point",
        "coordinates": [
          -167.76,
          830.334
        ]
      },
      "properties": {
        "osm_id": 10963300645,
        "name": null,
        "category": "bench"
      }
    },
    {
      "type": "Feature",
      "id": 10963300646,
      "geometry": {
        "type": "Point",
        "coordinates": [
          -173.693,
          845.484
        ]
      },
      "properties": {
        "osm_id": 10963300646,
        "name": null,
        "category": "bench"
      }
    },
    {
      "type": "Feature",
      "id": 10963300647,
      "geometry": {
        "type": "Point",
        "coordinates": [
          -186.896,
          880.871
        ]
      },
      "properties": {
        "osm_id": 10963300647,
        "name": null,
        "category": "bench"
      }
    },
    {
      "type": "Feature",
      "id": 10963300648,
      "geometry": {
        "type": "Point",
        "coordinates": [
          -220.405,
          935.816
        ]
      },
      "properties": {
        "osm_id": 10963300648,
        "name": null,
        "category": "bench"
      }
    },
    {
      "type": "Feature",
      "id": 10963300649,
      "geometry": {
        "type": "Point",
        "coordinates": [
          -217.563,
          941.392
        ]
      },
      "properties": {
        "osm_id": 10963300649,
        "name": null,
        "category": "bench"
      }
    },
    {
      "type": "Feature",
      "id": 10963300650,
      "geometry": {
        "type": "Point",
        "coordinates": [
          -224.003,
          950.555
        ]
      },
      "properties": {
        "osm_id": 10963300650,
        "name": null,
        "category": "bench"
      }
    },
    {
      "type": "Feature",
      "id": 10963300651,
      "geometry": {
        "type": "Point",
        "coordinates": [
          -223.081,
          974.113
        ]
      },
      "properties": {
        "osm_id": 10963300651,
        "name": null,
        "category": "bench"
      }
    },
    {
      "type": "Feature",
      "id": 10970827157,
      "geometry": {
        "type": "Point",
        "coordinates": [
          -22.664,
          424.565
        ]
      },
      "properties": {
        "osm_id": 10970827157,
        "name": "Tazio Nuvolari",
        "category": "artwork"
      }
    },
    {
      "type": "Feature",
      "id": 11028152537,
      "geometry": {
        "type": "Point",
        "coordinates": [
          184.125,
          -862.561
        ]
      },
      "properties": {
        "osm_id": 11028152537,
        "name": null,
        "category": "artwork"
      }
    },
    {
      "type": "Feature",
      "id": 11028152538,
      "geometry": {
        "type": "Point",
        "coordinates": [
          207.649,
          -853.554
        ]
      },
      "properties": {
        "osm_id": 11028152538,
        "name": null,
        "category": "artwork"
      }
    },
    {
      "type": "Feature",
      "id": 11028152559,
      "geometry": {
        "type": "Point",
        "coordinates": [
          276.426,
          -838.562
        ]
      },
      "properties": {
        "osm_id": 11028152559,
        "name": null,
        "category": "motorcycle_parking"
      }
    },
    {
      "type": "Feature",
      "id": 11028152576,
      "geometry": {
        "type": "Point",
        "coordinates": [
          249.154,
          -899.971
        ]
      },
      "properties": {
        "osm_id": 11028152576,
        "name": "Genio dello Sport",
        "category": "artwork"
      }
    },
    {
      "type": "Feature",
      "id": 11028152602,
      "geometry": {
        "type": "Point",
        "coordinates": [
          243.505,
          -911.611
        ]
      },
      "properties": {
        "osm_id": 11028152602,
        "name": "Guardia di Finanza - Primo nucleo operativo metropolitano di Roma",
        "category": "police"
      }
    },
    {
      "type": "Feature",
      "id": 11028152620,
      "geometry": {
        "type": "Point",
        "coordinates": [
          212.956,
          -899.693
        ]
      },
      "properties": {
        "osm_id": 11028152620,
        "name": null,
        "category": "fountain"
      }
    },
    {
      "type": "Feature",
      "id": 11033807162,
      "geometry": {
        "type": "Point",
        "coordinates": [
          888.935,
          -959.201
        ]
      },
      "properties": {
        "osm_id": 11033807162,
        "name": null,
        "category": "bench"
      }
    },
    {
      "type": "Feature",
      "id": 11033807163,
      "geometry": {
        "type": "Point",
        "coordinates": [
          888.213,
          -953.492
        ]
      },
      "properties": {
        "osm_id": 11033807163,
        "name": null,
        "category": "bench"
      }
    },
    {
      "type": "Feature",
      "id": 11033807164,
      "geometry": {
        "type": "Point",
        "coordinates": [
          887.508,
          -948.782
        ]
      },
      "properties": {
        "osm_id": 11033807164,
        "name": null,
        "category": "bench"
      }
    },
    {
      "type": "Feature",
      "id": 11033807165,
      "geometry": {
        "type": "Point",
        "coordinates": [
          886.395,
          -943.595
        ]
      },
      "properties": {
        "osm_id": 11033807165,
        "name": null,
        "category": "bench"
      }
    },
    {
      "type": "Feature",
      "id": 11033814417,
      "geometry": {
        "type": "Point",
        "coordinates": [
          855.16,
          -911.436
        ]
      },
      "properties": {
        "osm_id": 11033814417,
        "name": null,
        "category": "bench"
      }
    },
    {
      "type": "Feature",
      "id": 11033814418,
      "geometry": {
        "type": "Point",
        "coordinates": [
          854.82,
          -905.183
        ]
      },
      "properties": {
        "osm_id": 11033814418,
        "name": null,
        "category": "bench"
      }
    },
    {
      "type": "Feature",
      "id": 11033814419,
      "geometry": {
        "type": "Point",
        "coordinates": [
          844.189,
          -892.087
        ]
      },
      "properties": {
        "osm_id": 11033814419,
        "name": null,
        "category": "bench"
      }
    },
    {
      "type": "Feature",
      "id": 11033814420,
      "geometry": {
        "type": "Point",
        "coordinates": [
          847.728,
          -891.987
        ]
      },
      "properties": {
        "osm_id": 11033814420,
        "name": null,
        "category": "bench"
      }
    },
    {
      "type": "Feature",
      "id": 11033814421,
      "geometry": {
        "type": "Point",
        "coordinates": [
          829.485,
          -909.29
        ]
      },
      "properties": {
        "osm_id": 11033814421,
        "name": null,
        "category": "bench"
      }
    },
    {
      "type": "Feature",
      "id": 11033814422,
      "geometry": {
        "type": "Point",
        "coordinates": [
          829.851,
          -904.858
        ]
      },
      "properties": {
        "osm_id": 11033814422,
        "name": null,
        "category": "bench"
      }
    },
    {
      "type": "Feature",
      "id": 11078670960,
      "geometry": {
        "type": "Point",
        "coordinates": [
          -70.307,
          196.016
        ]
      },
      "properties": {
        "osm_id": 11078670960,
        "name": "Il vascello della Rivoluzione",
        "category": "artwork"
      }
    },
    {
      "type": "Feature",
      "id": 11078670961,
      "geometry": {
        "type": "Point",
        "coordinates": [
          -68.853,
          192.75
        ]
      },
      "properties": {
        "osm_id": 11078670961,
        "name": "Il vascello della Rivoluzione",
        "category": "artwork"
      }
    },
    {
      "type": "Feature",
      "id": 11078670962,
      "geometry": {
        "type": "Point",
        "coordinates": [
          -73.115,
          198.948
        ]
      },
      "properties": {
        "osm_id": 11078670962,
        "name": "Il vascello della Rivoluzione",
        "category": "artwork"
      }
    },
    {
      "type": "Feature",
      "id": 11409567803,
      "geometry": {
        "type": "Point",
        "coordinates": [
          -158.77,
          427.273
        ]
      },
      "properties": {
        "osm_id": 11409567803,
        "name": null,
        "category": "bench"
      }
    },
    {
      "type": "Feature",
      "id": 11565147527,
      "geometry": {
        "type": "Point",
        "coordinates": [
          237.776,
          -592.685
        ]
      },
      "properties": {
        "osm_id": 11565147527,
        "name": "Liszt",
        "category": "cafe"
      }
    },
    {
      "type": "Feature",
      "id": 12199498802,
      "geometry": {
        "type": "Point",
        "coordinates": [
          997.962,
          227.079
        ]
      },
      "properties": {
        "osm_id": 12199498802,
        "name": "Pizza Geg\u00e8 Eur",
        "category": "restaurant"
      }
    },
    {
      "type": "Feature",
      "id": 12203600601,
      "geometry": {
        "type": "Point",
        "coordinates": [
          994.331,
          227.391
        ]
      },
      "properties": {
        "osm_id": 12203600601,
        "name": "Ciccio's food Eur",
        "category": "restaurant"
      }
    },
    {
      "type": "Feature",
      "id": 12203619401,
      "geometry": {
        "type": "Point",
        "coordinates": [
          823.256,
          244.04
        ]
      },
      "properties": {
        "osm_id": 12203619401,
        "name": "Gelaterie GAE",
        "category": "ice_cream"
      }
    },
    {
      "type": "Feature",
      "id": 12330965314,
      "geometry": {
        "type": "Point",
        "coordinates": [
          363.966,
          -26.111
        ]
      },
      "properties": {
        "osm_id": 12330965314,
        "name": null,
        "category": "photo_booth"
      }
    },
    {
      "type": "Feature",
      "id": 12330966545,
      "geometry": {
        "type": "Point",
        "coordinates": [
          385.243,
          3.622
        ]
      },
      "properties": {
        "osm_id": 12330966545,
        "name": null,
        "category": "waste_basket"
      }
    },
    {
      "type": "Feature",
      "id": 12330971236,
      "geometry": {
        "type": "Point",
        "coordinates": [
          377.751,
          31.867
        ]
      },
      "properties": {
        "osm_id": 12330971236,
        "name": null,
        "category": "waste_basket"
      }
    },
    {
      "type": "Feature",
      "id": 12330972418,
      "geometry": {
        "type": "Point",
        "coordinates": [
          300.579,
          116.573
        ]
      },
      "properties": {
        "osm_id": 12330972418,
        "name": null,
        "category": "waste_basket"
      }
    },
    {
      "type": "Feature",
      "id": 12330973491,
      "geometry": {
        "type": "Point",
        "coordinates": [
          353.91,
          220.043
        ]
      },
      "properties": {
        "osm_id": 12330973491,
        "name": null,
        "category": "waste_basket"
      }
    },
    {
      "type": "Feature",
      "id": 12330977767,
      "geometry": {
        "type": "Point",
        "coordinates": [
          454.475,
          127.327
        ]
      },
      "properties": {
        "osm_id": 12330977767,
        "name": null,
        "category": "waste_basket"
      }
    },
    {
      "type": "Feature",
      "id": 12330989792,
      "geometry": {
        "type": "Point",
        "coordinates": [
          378.773,
          33.555
        ]
      },
      "properties": {
        "osm_id": 12330989792,
        "name": null,
        "category": "waste_basket"
      }
    },
    {
      "type": "Feature",
      "id": 12334051763,
      "geometry": {
        "type": "Point",
        "coordinates": [
          362.014,
          -19.491
        ]
      },
      "properties": {
        "osm_id": 12334051763,
        "name": null,
        "category": "drinking_water"
      }
    },
    {
      "type": "Feature",
      "id": 12645440522,
      "geometry": {
        "type": "Point",
        "coordinates": [
          791.349,
          -409.592
        ]
      },
      "properties": {
        "osm_id": 12645440522,
        "name": null,
        "category": "bench"
      }
    },
    {
      "type": "Feature",
      "id": 12645440523,
      "geometry": {
        "type": "Point",
        "coordinates": [
          793.973,
          -415.768
        ]
      },
      "properties": {
        "osm_id": 12645440523,
        "name": null,
        "category": "bench"
      }
    },
    {
      "type": "Feature",
      "id": 12670367224,
      "geometry": {
        "type": "Point",
        "coordinates": [
          854.207,
          -476.664
        ]
      },
      "properties": {
        "osm_id": 12670367224,
        "name": "Gelateria Torc\u00e8",
        "category": "ice_cream"
      }
    },
    {
      "type": "Feature",
      "id": 12670367229,
      "geometry": {
        "type": "Point",
        "coordinates": [
          848.567,
          -469.377
        ]
      },
      "properties": {
        "osm_id": 12670367229,
        "name": null,
        "category": "bench"
      }
    },
    {
      "type": "Feature",
      "id": 12670367230,
      "geometry": {
        "type": "Point",
        "coordinates": [
          847.454,
          -469.654
        ]
      },
      "properties": {
        "osm_id": 12670367230,
        "name": null,
        "category": "bench"
      }
    },
    {
      "type": "Feature",
      "id": 12670399739,
      "geometry": {
        "type": "Point",
        "coordinates": [
          856.289,
          -495.557
        ]
      },
      "properties": {
        "osm_id": 12670399739,
        "name": null,
        "category": "artwork"
      }
    },
    {
      "type": "Feature",
      "id": 12800004946,
      "geometry": {
        "type": "Point",
        "coordinates": [
          816.709,
          242.641
        ]
      },
      "properties": {
        "osm_id": 12800004946,
        "name": "Sam Beer",
        "category": "pub"
      }
    },
    {
      "type": "Feature",
      "id": 13230568301,
      "geometry": {
        "type": "Point",
        "coordinates": [
          607.743,
          77.345
        ]
      },
      "properties": {
        "osm_id": 13230568301,
        "name": null,
        "category": "charging_station"
      }
    },
    {
      "type": "Feature",
      "id": 13294610665,
      "geometry": {
        "type": "Point",
        "coordinates": [
          28.103,
          -117.734
        ]
      },
      "properties": {
        "osm_id": 13294610665,
        "name": null,
        "category": "waste_basket"
      }
    },
    {
      "type": "Feature",
      "id": 13339237964,
      "geometry": {
        "type": "Point",
        "coordinates": [
          -353.146,
          -109.99
        ]
      },
      "properties": {
        "osm_id": 13339237964,
        "name": null,
        "category": "bench"
      }
    },
    {
      "type": "Feature",
      "id": 13339237968,
      "geometry": {
        "type": "Point",
        "coordinates": [
          -319.61,
          -109.222
        ]
      },
      "properties": {
        "osm_id": 13339237968,
        "name": null,
        "category": "bench"
      }
    },
    {
      "type": "Feature",
      "id": 13339237970,
      "geometry": {
        "type": "Point",
        "coordinates": [
          -331.257,
          -106.102
        ]
      },
      "properties": {
        "osm_id": 13339237970,
        "name": null,
        "category": "bench"
      }
    },
    {
      "type": "Feature",
      "id": 13339237971,
      "geometry": {
        "type": "Point",
        "coordinates": [
          -322.17,
          -84.132
        ]
      },
      "properties": {
        "osm_id": 13339237971,
        "name": null,
        "category": "bench"
      }
    },
    {
      "type": "Feature",
      "id": 13339237972,
      "geometry": {
        "type": "Point",
        "coordinates": [
          -312.757,
          -86.741
        ]
      },
      "properties": {
        "osm_id": 13339237972,
        "name": null,
        "category": "bench"
      }
    },
    {
      "type": "Feature",
      "id": 13339237974,
      "geometry": {
        "type": "Point",
        "coordinates": [
          -299.44,
          -105.556
        ]
      },
      "properties": {
        "osm_id": 13339237974,
        "name": null,
        "category": "bench"
      }
    },
    {
      "type": "Feature",
      "id": 13339237989,
      "geometry": {
        "type": "Point",
        "coordinates": [
          -393.204,
          -93.41
        ]
      },
      "properties": {
        "osm_id": 13339237989,
        "name": null,
        "category": "bench"
      }
    },
    {
      "type": "Feature",
      "id": 13521568472,
      "geometry": {
        "type": "Point",
        "coordinates": [
          626.084,
          904.237
        ]
      },
      "properties": {
        "osm_id": 13521568472,
        "name": "Tamoil",
        "category": "fuel"
      }
    },
    {
      "type": "Feature",
      "id": 13614844037,
      "geometry": {
        "type": "Point",
        "coordinates": [
          444.626,
          -216.922
        ]
      },
      "properties": {
        "osm_id": 13614844037,
        "name": "The Green",
        "category": "restaurant"
      }
    },
    {
      "type": "Feature",
      "id": 13629626859,
      "geometry": {
        "type": "Point",
        "coordinates": [
          141.119,
          -665.622
        ]
      },
      "properties": {
        "osm_id": 13629626859,
        "name": "Mammina",
        "category": "restaurant"
      }
    },
    {
      "type": "Feature",
      "id": 14157415901,
      "geometry": {
        "type": "Point",
        "coordinates": [
          815.917,
          -294.949
        ]
      },
      "properties": {
        "osm_id": 14157415901,
        "name": "Anytime Fitness",
        "category": "fitness_centre"
      }
    }
  ]
}