{
  "type": "FeatureCollection",
  "crs": {
    "type": "local-meters",
    "note": "coordinate [x, z] in metri, vedi coords.py"
  },
  "features": [
    {
      "type": "Feature",
      "id": 23046780,
      "geometry": {
        "type": "LineString",
        "coordinates": [
          [
            482.799,
            -179.305
          ],
          [
            476.379,
            -162.889
          ],
          [
            471.736,
            -150.76
          ],
          [
            451.071,
            -97.889
          ],
          [
            447.807,
            -89.448
          ],
          [
            432.034,
            -48.04
          ],
          [
            429.318,
            -40.576
          ]
        ]
      },
      "properties": {
        "osm_id": 23046780,
        "name": "Viale Boston",
        "highway": "residential",
        "lanes": "2",
        "width_m": 6.5,
        "surface": "asphalt",
        "maxspeed": null
      }
    },
    {
      "type": "Feature",
      "id": 23199078,
      "geometry": {
        "type": "LineString",
        "coordinates": [
          [
            682.085,
            -103.028
          ],
          [
            672.864,
            -106.326
          ],
          [
            558.961,
            -149.689
          ],
          [
            552.373,
            -152.121
          ],
          [
            542.704,
            -155.796
          ],
          [
            533.059,
            -159.439
          ],
          [
            482.799,
            -179.305
          ]
        ]
      },
      "properties": {
        "osm_id": 23199078,
        "name": "Viale Europa",
        "highway": "tertiary",
        "lanes": "2",
        "width_m": 6.5,
        "surface": "asphalt",
        "maxspeed": "50"
      }
    },
    {
      "type": "Feature",
      "id": 23360168,
      "geometry": {
        "type": "LineString",
        "coordinates": [
          [
            370.411,
            -537.488
          ],
          [
            369.896,
            -529.214
          ],
          [
            369.523,
            -525.082
          ],
          [
            369.116,
            -521.028
          ],
          [
            368.468,
            -517.44
          ],
          [
            367.663,
            -513.242
          ],
          [
            366.882,
            -509.865
          ],
          [
            366.135,
            -506.911
          ],
          [
            364.905,
            -502.89
          ],
          [
            363.792,
            -499.524
          ],
          [
            327.297,
            -404.569
          ],
          [
            325.063,
            -399.304
          ]
        ]
      },
      "properties": {
        "osm_id": 23360168,
        "name": "Via Cristoforo Colombo",
        "highway": "primary",
        "lanes": "3",
        "width_m": 9.75,
        "surface": "asphalt",
        "maxspeed": "50"
      }
    },
    {
      "type": "Feature",
      "id": 23360333,
      "geometry": {
        "type": "LineString",
        "coordinates": [
          [
            284.887,
            117.928
          ],
          [
            306.517,
            64.047
          ],
          [
            307.638,
            61.36
          ],
          [
            308.718,
            58.238
          ],
          [
            309.615,
            55.073
          ],
          [
            310.745,
            50.908
          ],
          [
            311.874,
            46.398
          ]
        ]
      },
      "properties": {
        "osm_id": 23360333,
        "name": "Via Cristoforo Colombo",
        "highway": "primary",
        "lanes": "3",
        "width_m": 9.75,
        "surface": "asphalt",
        "maxspeed": "50"
      }
    },
    {
      "type": "Feature",
      "id": 23360335,
      "geometry": {
        "type": "LineString",
        "coordinates": [
          [
            57.245,
            -60.045
          ],
          [
            54.545,
            -56.379
          ],
          [
            52.593,
            -53.214
          ],
          [
            50.973,
            -50.27
          ],
          [
            48.83,
            -46.494
          ],
          [
            46.961,
            -42.518
          ],
          [
            45.333,
            -38.508
          ],
          [
            24.548,
            14.05
          ]
        ]
      },
      "properties": {
        "osm_id": 23360335,
        "name": "Via Cristoforo Colombo",
        "highway": "primary",
        "lanes": "3",
        "width_m": 9.75,
        "surface": "asphalt",
        "maxspeed": "50"
      }
    },
    {
      "type": "Feature",
      "id": 23360406,
      "geometry": {
        "type": "LineString",
        "coordinates": [
          [
            628.109,
            36.87
          ],
          [
            617.874,
            32.883
          ],
          [
            591.98,
            22.778
          ],
          [
            555.651,
            8.609
          ],
          [
            525.303,
            -3.218
          ],
          [
            518.981,
            -5.639
          ],
          [
            500.115,
            -13.046
          ],
          [
            492.92,
            -15.856
          ],
          [
            474.071,
            -23.207
          ]
        ]
      },
      "properties": {
        "osm_id": 23360406,
        "name": "Viale America",
        "highway": "tertiary",
        "lanes": "2",
        "width_m": 6.5,
        "surface": "asphalt",
        "maxspeed": "50"
      }
    },
    {
      "type": "Feature",
      "id": 27612683,
      "geometry": {
        "type": "LineString",
        "coordinates": [
          [
            474.247,
            507.863
          ],
          [
            469.761,
            506.119
          ],
          [
            345.29,
            457.866
          ],
          [
            340.421,
            455.934
          ],
          [
            335.262,
            453.879
          ],
          [
            216.268,
            407.223
          ]
        ]
      },
      "properties": {
        "osm_id": 27612683,
        "name": "Viale del Poggio Fiorito",
        "highway": "residential",
        "lanes": "2",
        "width_m": 6.5,
        "surface": null,
        "maxspeed": null
      }
    },
    {
      "type": "Feature",
      "id": 27612688,
      "geometry": {
        "type": "LineString",
        "coordinates": [
          [
            285.919,
            579.224
          ],
          [
            288.56,
            572.748
          ],
          [
            289.765,
            569.938
          ],
          [
            329.099,
            479.015
          ],
          [
            336.093,
            464.864
          ],
          [
            340.421,
            455.934
          ]
        ]
      },
      "properties": {
        "osm_id": 27612688,
        "name": "Via degli Urali",
        "highway": "residential",
        "lanes": "2",
        "width_m": 6.5,
        "surface": "asphalt",
        "maxspeed": null
      }
    },
    {
      "type": "Feature",
      "id": 27612692,
      "geometry": {
        "type": "LineString",
        "coordinates": [
          [
            329.099,
            479.015
          ],
          [
            369.891,
            494.907
          ],
          [
            373.862,
            496.928
          ],
          [
            375.557,
            498.416
          ],
          [
            376.754,
            500.338
          ],
          [
            378.025,
            502.315
          ],
          [
            379.545,
            503.592
          ],
          [
            380.991,
            504.725
          ],
          [
            383.176,
            505.902
          ],
          [
            386.125,
            507.113
          ],
          [
            460.101,
            534.998
          ],
          [
            465.335,
            539.618
          ]
        ]
      },
      "properties": {
        "osm_id": 27612692,
        "name": "Via del Tibet",
        "highway": "residential",
        "lanes": "1",
        "width_m": 3.25,
        "surface": null,
        "maxspeed": null
      }
    },
    {
      "type": "Feature",
      "id": 27612696,
      "geometry": {
        "type": "LineString",
        "coordinates": [
          [
            216.268,
            407.223
          ],
          [
            237.725,
            355.242
          ],
          [
            255.236,
            312.368
          ],
          [
            258.468,
            304.782
          ]
        ]
      },
      "properties": {
        "osm_id": 27612696,
        "name": "Via delle Ande",
        "highway": "residential",
        "lanes": "2",
        "width_m": 6.5,
        "surface": "asphalt",
        "maxspeed": null
      }
    },
    {
      "type": "Feature",
      "id": 27612702,
      "geometry": {
        "type": "LineString",
        "coordinates": [
          [
            340.421,
            455.934
          ],
          [
            344.907,
            446.559
          ],
          [
            345.738,
            444.749
          ],
          [
            346.735,
            442.705
          ],
          [
            348.031,
            440.328
          ],
          [
            349.011,
            438.862
          ],
          [
            350.207,
            437.396
          ],
          [
            352.517,
            435.163
          ],
          [
            355.0,
            433.142
          ],
          [
            357.742,
            431.176
          ],
          [
            369.057,
            424.244
          ],
          [
            375.321,
            420.279
          ],
          [
            378.752,
            417.924
          ],
          [
            381.859,
            415.88
          ],
          [
            383.811,
            414.436
          ],
          [
            385.78,
            412.803
          ],
          [
            387.965,
            410.726
          ],
          [
            390.041,
            408.227
          ],
          [
            392.06,
            405.583
          ],
          [
            393.597,
            403.34
          ],
          [
            395.267,
            400.618
          ],
          [
            397.21,
            397.342
          ],
          [
            399.229,
            393.387
          ],
          [
            400.591,
            390.488
          ],
          [
            401.696,
            386.967
          ],
          [
            402.543,
            384.002
          ],
          [
            403.44,
            379.548
          ],
          [
            403.988,
            375.383
          ],
          [
            404.088,
            371.762
          ],
          [
            403.946,
            368.507
          ],
          [
            403.531,
            364.042
          ],
          [
            402.924,
            360.599
          ],
          [
            401.595,
            355.557
          ],
          [
            400.273,
            350.925
          ],
          [
            398.894,
            347.416
          ],
          [
            397.673,
            344.372
          ],
          [
            395.72,
            341.163
          ],
          [
            393.211,
            337.231
          ],
          [
            390.785,
            334.021
          ],
          [
            388.126,
            331.022
          ],
          [
            385.459,
            328.534
          ],
          [
            382.801,
            326.258
          ],
          [
            379.943,
            324.159
          ],
          [
            376.62,
            321.904
          ],
          [
            372.715,
            319.872
          ],
          [
            369.085,
            318.228
          ],
          [
            364.947,
            316.795
          ],
          [
            360.644,
            315.474
          ],
          [
            357.213,
            314.563
          ],
          [
            354.064,
            314.219
          ],
          [
            349.586,
            313.931
          ],
          [
            345.64,
            313.853
          ],
          [
            340.672,
            313.964
          ],
          [
            333.27,
            314.664
          ],
          [
            325.801,
            315.331
          ],
          [
            316.671,
            316.198
          ],
          [
            309.851,
            316.709
          ],
          [
            304.335,
            317.276
          ],
          [
            299.616,
            317.62
          ],
          [
            295.404,
            317.643
          ],
          [
            291.773,
            317.332
          ],
          [
            288.467,
            316.677
          ],
          [
            285.061,
            315.977
          ],
          [
            281.804,
            315.3
          ],
          [
            277.767,
            314.256
          ],
          [
            275.175,
            313.134
          ],
          [
            269.16,
            310.091
          ],
          [
            258.468,
            304.782
          ]
        ]
      },
      "properties": {
        "osm_id": 27612702,
        "name": "Via degli Urali",
        "highway": "residential",
        "lanes": "2",
        "width_m": 6.5,
        "surface": "asphalt",
        "maxspeed": null
      }
    },
    {
      "type": "Feature",
      "id": 27612706,
      "geometry": {
        "type": "LineString",
        "coordinates": [
          [
            -133.207,
            420.354
          ],
          [
            -61.295,
            448.922
          ],
          [
            -55.397,
            451.232
          ],
          [
            -46.981,
            454.498
          ],
          [
            -26.951,
            462.451
          ],
          [
            -17.538,
            466.827
          ]
        ]
      },
      "properties": {
        "osm_id": 27612706,
        "name": "Piazzale Pier Luigi Nervi",
        "highway": "tertiary",
        "lanes": "4",
        "width_m": 13.0,
        "surface": "asphalt",
        "maxspeed": "50"
      }
    },
    {
      "type": "Feature",
      "id": 27721162,
      "geometry": {
        "type": "LineString",
        "coordinates": [
          [
            266.677,
            -106.055
          ],
          [
            273.438,
            -121.36
          ],
          [
            298.39,
            -186.004
          ],
          [
            313.997,
            -226.29
          ],
          [
            317.968,
            -236.109
          ],
          [
            320.194,
            -242.184
          ]
        ]
      },
      "properties": {
        "osm_id": 27721162,
        "name": "Via Cristoforo Colombo",
        "highway": "residential",
        "lanes": "2",
        "width_m": 6.5,
        "surface": "asphalt",
        "maxspeed": "50"
      }
    },
    {
      "type": "Feature",
      "id": 27721197,
      "geometry": {
        "type": "LineString",
        "coordinates": [
          [
            357.652,
            -528.702
          ],
          [
            355.459,
            -525.081
          ],
          [
            352.336,
            -519.927
          ],
          [
            348.516,
            -513.23
          ],
          [
            344.13,
            -505.865
          ],
          [
            337.145,
            -493.436
          ],
          [
            317.077,
            -458.793
          ],
          [
            313.182,
            -451.884
          ],
          [
            309.876,
            -445.864
          ]
        ]
      },
      "properties": {
        "osm_id": 27721197,
        "name": "Via Cristoforo Colombo",
        "highway": "residential",
        "lanes": "1",
        "width_m": 3.25,
        "surface": "asphalt",
        "maxspeed": "50"
      }
    },
    {
      "type": "Feature",
      "id": 27721293,
      "geometry": {
        "type": "LineString",
        "coordinates": [
          [
            -49.261,
            -226.572
          ],
          [
            -47.059,
            -231.903
          ],
          [
            -42.98,
            -242.444
          ],
          [
            -41.211,
            -247.031
          ]
        ]
      },
      "properties": {
        "osm_id": 27721293,
        "name": "Viale Beethoven",
        "highway": "tertiary",
        "lanes": "4",
        "width_m": 13.0,
        "surface": "asphalt",
        "maxspeed": null
      }
    },
    {
      "type": "Feature",
      "id": 27785459,
      "geometry": {
        "type": "LineString",
        "coordinates": [
          [
            187.5,
            -134.497
          ],
          [
            160.61,
            -144.826
          ]
        ]
      },
      "properties": {
        "osm_id": 27785459,
        "name": "Viale America",
        "highway": "tertiary",
        "lanes": "2",
        "width_m": 6.5,
        "surface": "asphalt",
        "maxspeed": "50"
      }
    },
    {
      "type": "Feature",
      "id": 27785495,
      "geometry": {
        "type": "LineString",
        "coordinates": [
          [
            -464.644,
            -120.371
          ],
          [
            -473.923,
            -116.695
          ],
          [
            -476.449,
            -115.584
          ],
          [
            -479.556,
            -114.063
          ],
          [
            -482.646,
            -112.53
          ],
          [
            -486.052,
            -110.72
          ],
          [
            -489.093,
            -108.943
          ],
          [
            -493.969,
            -106.144
          ],
          [
            -499.045,
            -102.979
          ]
        ]
      },
      "properties": {
        "osm_id": 27785495,
        "name": "Largo Mustafa Kemal Ataturk",
        "highway": "tertiary",
        "lanes": "4",
        "width_m": 13.0,
        "surface": "asphalt",
        "maxspeed": "50"
      }
    },
    {
      "type": "Feature",
      "id": 27785503,
      "geometry": {
        "type": "LineString",
        "coordinates": [
          [
            -464.644,
            -120.371
          ],
          [
            -459.91,
            -109.119
          ],
          [
            -456.953,
            -102.443
          ],
          [
            -455.582,
            -99.022
          ],
          [
            -454.137,
            -95.101
          ],
          [
            -453.34,
            -92.425
          ],
          [
            -452.31,
            -89.181
          ],
          [
            -451.346,
            -85.938
          ]
        ]
      },
      "properties": {
        "osm_id": 27785503,
        "name": "Largo Mustafa Kemal Ataturk",
        "highway": "tertiary",
        "lanes": "4",
        "width_m": 13.0,
        "surface": "asphalt",
        "maxspeed": "50"
      }
    },
    {
      "type": "Feature",
      "id": 27785506,
      "geometry": {
        "type": "LineString",
        "coordinates": [
          [
            -574.687,
            162.528
          ],
          [
            -567.493,
            165.316
          ],
          [
            -567.16,
            165.438
          ],
          [
            -563.812,
            166.66
          ],
          [
            -539.854,
            176.003
          ],
          [
            -531.514,
            179.491
          ],
          [
            -519.909,
            183.446
          ],
          [
            -516.528,
            184.635
          ],
          [
            -512.989,
            185.713
          ],
          [
            -509.225,
            186.79
          ],
          [
            -506.476,
            187.501
          ],
          [
            -503.269,
            188.235
          ],
          [
            -500.17,
            188.857
          ],
          [
            -497.113,
            189.279
          ],
          [
            -494.164,
            189.601
          ],
          [
            -491.664,
            189.779
          ],
          [
            -485.69,
            189.913
          ],
          [
            -480.174,
            189.28
          ],
          [
            -476.627,
            188.736
          ],
          [
            -473.138,
            188.092
          ],
          [
            -469.873,
            187.337
          ],
          [
            -465.893,
            186.194
          ],
          [
            -462.313,
            185.005
          ],
          [
            -458.757,
            183.717
          ]
        ]
      },
      "properties": {
        "osm_id": 27785506,
        "name": "Viale del Ciclismo",
        "highway": "residential",
        "lanes": null,
        "width_m": 6.0,
        "surface": "asphalt",
        "maxspeed": null
      }
    },
    {
      "type": "Feature",
      "id": 27785508,
      "geometry": {
        "type": "LineString",
        "coordinates": [
          [
            -19.223,
            125.742
          ],
          [
            -24.615,
            123.71
          ],
          [
            -35.763,
            119.489
          ],
          [
            -54.414,
            111.981
          ],
          [
            -91.498,
            96.475
          ],
          [
            -99.498,
            93.476
          ],
          [
            -111.942,
            88.822
          ],
          [
            -156.727,
            71.261
          ],
          [
            -158.447,
            70.15
          ],
          [
            -159.975,
            69.006
          ],
          [
            -161.121,
            68.073
          ],
          [
            -162.143,
            66.562
          ],
          [
            -162.658,
            65.396
          ],
          [
            -163.198,
            64.041
          ],
          [
            -163.572,
            62.708
          ],
          [
            -163.913,
            60.92
          ],
          [
            -163.913,
            59.521
          ],
          [
            -163.721,
            58.043
          ],
          [
            -162.01,
            53.078
          ],
          [
            -160.498,
            48.847
          ],
          [
            -158.911,
            44.926
          ],
          [
            -155.812,
            36.774
          ],
          [
            -155.198,
            35.252
          ],
          [
            -154.633,
            33.73
          ],
          [
            -154.184,
            32.331
          ],
          [
            -153.902,
            30.598
          ],
          [
            -154.284,
            28.932
          ],
          [
            -155.272,
            27.444
          ],
          [
            -156.377,
            26.2
          ],
          [
            -157.283,
            25.222
          ],
          [
            -158.155,
            24.323
          ],
          [
            -159.783,
            23.056
          ],
          [
            -163.106,
            21.013
          ],
          [
            -167.999,
            18.958
          ],
          [
            -177.951,
            15.003
          ],
          [
            -188.152,
            11.116
          ],
          [
            -198.968,
            6.861
          ],
          [
            -220.343,
            -1.314
          ],
          [
            -229.24,
            -4.658
          ],
          [
            -239.3,
            -8.523
          ],
          [
            -242.307,
            -9.689
          ],
          [
            -245.123,
            -10.745
          ],
          [
            -248.529,
            -11.878
          ],
          [
            -252.059,
            -12.766
          ],
          [
            -254.876,
            -13.511
          ],
          [
            -257.409,
            -14.166
          ],
          [
            -260.699,
            -14.844
          ],
          [
            -264.246,
            -15.566
          ],
          [
            -268.408,
            -16.355
          ],
          [
            -271.548,
            -16.71
          ],
          [
            -276.4,
            -17.321
          ],
          [
            -281.077,
            -17.632
          ],
          [
            -285.646,
            -17.744
          ],
          [
            -289.749,
            -17.699
          ],
          [
            -293.928,
            -17.588
          ],
          [
            -297.55,
            -17.422
          ],
          [
            -300.673,
            -17.267
          ],
          [
            -304.42,
            -16.956
          ],
          [
            -308.158,
            -16.634
          ],
          [
            -311.606,
            -16.19
          ],
          [
            -314.979,
            -15.69
          ],
          [
            -322.53,
            -14.48
          ],
          [
            -349.903,
            -10.449
          ],
          [
            -375.539,
            -6.563
          ],
          [
            -418.139,
            0.054
          ],
          [
            -427.203,
            1.62
          ]
        ]
      },
      "properties": {
        "osm_id": 27785508,
        "name": "Viale Oceania",
        "highway": "residential",
        "lanes": null,
        "width_m": 6.0,
        "surface": "asphalt",
        "maxspeed": null
      }
    },
    {
      "type": "Feature",
      "id": 27785539,
      "geometry": {
        "type": "LineString",
        "coordinates": [
          [
            -647.153,
            342.832
          ],
          [
            -638.43,
            346.399
          ],
          [
            -629.707,
            349.965
          ],
          [
            -601.769,
            360.563
          ],
          [
            -596.411,
            362.418
          ],
          [
            -591.509,
            363.941
          ],
          [
            -586.384,
            365.285
          ],
          [
            -581.715,
            366.296
          ],
          [
            -578.525,
            366.885
          ],
          [
            -574.919,
            367.33
          ],
          [
            -572.485,
            367.519
          ],
          [
            -569.893,
            367.619
          ],
          [
            -566.462,
            367.319
          ],
          [
            -563.903,
            367.03
          ],
          [
            -560.273,
            366.509
          ],
          [
            -555.977,
            365.765
          ],
          [
            -551.649,
            364.899
          ],
          [
            -547.769,
            364.044
          ],
          [
            -544.654,
            363.1
          ],
          [
            -541.987,
            362.145
          ],
          [
            -539.652,
            361.157
          ],
          [
            -537.376,
            360.024
          ],
          [
            -534.593,
            358.38
          ],
          [
            -531.801,
            356.592
          ],
          [
            -529.4,
            354.949
          ],
          [
            -526.75,
            353.005
          ],
          [
            -524.324,
            350.951
          ],
          [
            -521.399,
            348.241
          ],
          [
            -518.699,
            345.409
          ],
          [
            -516.763,
            343.254
          ],
          [
            -514.994,
            341.21
          ],
          [
            -512.501,
            338.012
          ],
          [
            -510.05,
            334.513
          ],
          [
            -508.231,
            331.748
          ],
          [
            -505.921,
            327.938
          ],
          [
            -504.6,
            325.417
          ],
          [
            -503.22,
            322.507
          ],
          [
            -501.625,
            318.709
          ],
          [
            -499.19,
            312.522
          ],
          [
            -496.681,
            306.258
          ],
          [
            -493.806,
            299.605
          ],
          [
            -492.261,
            295.651
          ],
          [
            -491.189,
            292.497
          ],
          [
            -489.793,
            288.054
          ],
          [
            -488.629,
            284.356
          ],
          [
            -487.732,
            281.468
          ],
          [
            -486.835,
            277.703
          ],
          [
            -486.012,
            274.049
          ],
          [
            -485.53,
            270.616
          ],
          [
            -485.33,
            265.929
          ],
          [
            -485.213,
            259.487
          ],
          [
            -485.612,
            253.19
          ],
          [
            -486.201,
            247.603
          ],
          [
            -486.982,
            243.093
          ],
          [
            -487.771,
            238.65
          ],
          [
            -488.601,
            234.241
          ],
          [
            -489.639,
            229.909
          ],
          [
            -490.644,
            225.688
          ],
          [
            -491.89,
            220.179
          ],
          [
            -493.343,
            212.782
          ],
          [
            -494.34,
            207.928
          ],
          [
            -495.735,
            202.119
          ],
          [
            -496.524,
            199.475
          ],
          [
            -500.17,
            188.857
          ]
        ]
      },
      "properties": {
        "osm_id": 27785539,
        "name": "Viale dei Campioni",
        "highway": "residential",
        "lanes": "1",
        "width_m": 3.25,
        "surface": "asphalt",
        "maxspeed": null
      }
    },
    {
      "type": "Feature",
      "id": 27785548,
      "geometry": {
        "type": "LineString",
        "coordinates": [
          [
            -648.015,
            601.581
          ],
          [
            -640.903,
            597.027
          ],
          [
            -631.548,
            591.042
          ],
          [
            -618.977,
            583.179
          ],
          [
            -615.188,
            580.702
          ],
          [
            -604.67,
            573.706
          ],
          [
            -595.198,
            568.042
          ],
          [
            -591.601,
            565.943
          ],
          [
            -586.832,
            563.311
          ],
          [
            -580.8,
            560.38
          ],
          [
            -574.062,
            557.57
          ],
          [
            -568.737,
            555.56
          ],
          [
            -564.799,
            554.305
          ],
          [
            -559.224,
            552.651
          ],
          [
            -554.696,
            551.485
          ],
          [
            -549.512,
            550.175
          ],
          [
            -543.48,
            548.542
          ],
          [
            -537.473,
            546.755
          ],
          [
            -532.447,
            545.322
          ],
          [
            -528.866,
            544.356
          ],
          [
            -488.148,
            533.863
          ],
          [
            -423.919,
            517.806
          ],
          [
            -419.906,
            516.729
          ],
          [
            -415.852,
            515.563
          ],
          [
            -411.905,
            514.275
          ],
          [
            -408.599,
            513.598
          ],
          [
            -404.677,
            512.421
          ],
          [
            -400.465,
            511.31
          ],
          [
            -396.843,
            510.0
          ],
          [
            -393.312,
            508.267
          ],
          [
            -389.623,
            506.646
          ],
          [
            -386.358,
            504.758
          ],
          [
            -382.761,
            502.414
          ],
          [
            -379.811,
            499.705
          ],
          [
            -377.111,
            497.272
          ],
          [
            -374.045,
            494.218
          ],
          [
            -371.411,
            491.286
          ],
          [
            -369.151,
            488.465
          ],
          [
            -367.232,
            485.333
          ],
          [
            -365.546,
            482.534
          ],
          [
            -363.601,
            478.358
          ],
          [
            -361.989,
            474.681
          ],
          [
            -360.668,
            470.838
          ],
          [
            -359.638,
            467.44
          ],
          [
            -358.757,
            464.441
          ],
          [
            -357.777,
            460.209
          ],
          [
            -357.286,
            457.488
          ],
          [
            -356.979,
            454.378
          ],
          [
            -356.729,
            451.046
          ],
          [
            -356.505,
            447.447
          ],
          [
            -356.447,
            443.393
          ],
          [
            -356.421,
            439.795
          ],
          [
            -356.953,
            435.418
          ],
          [
            -358.215,
            427.877
          ],
          [
            -359.586,
            419.302
          ],
          [
            -360.707,
            412.316
          ]
        ]
      },
      "properties": {
        "osm_id": 27785548,
        "name": "Via Australia",
        "highway": "residential",
        "lanes": "2",
        "width_m": 6.5,
        "surface": "asphalt",
        "maxspeed": "50"
      }
    },
    {
      "type": "Feature",
      "id": 27785572,
      "geometry": {
        "type": "LineString",
        "coordinates": [
          [
            24.548,
            14.05
          ],
          [
            -19.223,
            125.742
          ],
          [
            -85.61,
            297.056
          ],
          [
            -113.65,
            371.161
          ],
          [
            -126.261,
            402.827
          ],
          [
            -127.383,
            405.882
          ],
          [
            -131.836,
            416.989
          ],
          [
            -133.207,
            420.354
          ]
        ]
      },
      "properties": {
        "osm_id": 27785572,
        "name": "Via Cristoforo Colombo",
        "highway": "primary",
        "lanes": "3",
        "width_m": 9.75,
        "surface": "asphalt",
        "maxspeed": "50"
      }
    },
    {
      "type": "Feature",
      "id": 27785633,
      "geometry": {
        "type": "LineString",
        "coordinates": [
          [
            -191.532,
            580.371
          ],
          [
            -191.258,
            577.861
          ],
          [
            -186.579,
            534.399
          ],
          [
            -186.538,
            531.023
          ],
          [
            -186.529,
            525.869
          ],
          [
            -186.695,
            523.237
          ],
          [
            -186.969,
            520.938
          ],
          [
            -187.41,
            518.305
          ],
          [
            -187.966,
            516.006
          ],
          [
            -188.548,
            514.129
          ],
          [
            -189.262,
            512.085
          ],
          [
            -189.802,
            510.697
          ],
          [
            -190.5,
            508.709
          ],
          [
            -191.613,
            506.543
          ],
          [
            -193.191,
            504.033
          ],
          [
            -195.027,
            501.5
          ],
          [
            -197.528,
            498.501
          ],
          [
            -219.709,
            478.275
          ],
          [
            -231.922,
            466.668
          ]
        ]
      },
      "properties": {
        "osm_id": 27785633,
        "name": "Viale Iran",
        "highway": "residential",
        "lanes": "1",
        "width_m": 3.25,
        "surface": "asphalt",
        "maxspeed": "50"
      }
    },
    {
      "type": "Feature",
      "id": 27785635,
      "geometry": {
        "type": "LineString",
        "coordinates": [
          [
            -231.922,
            466.668
          ],
          [
            -231.631,
            464.457
          ],
          [
            -231.373,
            462.602
          ],
          [
            -231.099,
            461.181
          ],
          [
            -230.775,
            459.059
          ],
          [
            -230.268,
            457.216
          ],
          [
            -229.562,
            455.305
          ],
          [
            -228.814,
            453.506
          ],
          [
            -224.452,
            444.887
          ],
          [
            -218.354,
            431.648
          ],
          [
            -213.402,
            420.185
          ],
          [
            -210.685,
            414.321
          ],
          [
            -209.306,
            411.722
          ],
          [
            -207.628,
            408.268
          ],
          [
            -205.833,
            405.225
          ],
          [
            -204.462,
            403.181
          ],
          [
            -201.388,
            399.438
          ],
          [
            -197.808,
            395.862
          ]
        ]
      },
      "properties": {
        "osm_id": 27785635,
        "name": "Piazza Pakistan",
        "highway": "residential",
        "lanes": null,
        "width_m": 6.0,
        "surface": "asphalt",
        "maxspeed": "50"
      }
    },
    {
      "type": "Feature",
      "id": 30033014,
      "geometry": {
        "type": "LineString",
        "coordinates": [
          [
            -55.397,
            451.232
          ],
          [
            -55.405,
            442.58
          ],
          [
            -55.396,
            439.148
          ],
          [
            -55.479,
            435.249
          ]
        ]
      },
      "properties": {
        "osm_id": 30033014,
        "name": null,
        "highway": "service",
        "lanes": null,
        "width_m": 6.0,
        "surface": "asphalt",
        "maxspeed": null
      }
    },
    {
      "type": "Feature",
      "id": 30033023,
      "geometry": {
        "type": "LineString",
        "coordinates": [
          [
            -36.927,
            292.48
          ],
          [
            -51.607,
            311.995
          ],
          [
            -55.204,
            317.293
          ],
          [
            -102.933,
            398.463
          ],
          [
            -110.817,
            411.88
          ],
          [
            -110.676,
            414.579
          ],
          [
            -109.148,
            416.745
          ],
          [
            -106.68,
            418.422
          ],
          [
            -55.396,
            439.148
          ],
          [
            4.179,
            461.918
          ],
          [
            38.291,
            474.946
          ],
          [
            72.478,
            487.441
          ],
          [
            105.502,
            500.647
          ],
          [
            108.875,
            501.669
          ],
          [
            112.048,
            501.98
          ]
        ]
      },
      "properties": {
        "osm_id": 30033023,
        "name": "Piazzale dello Sport",
        "highway": "service",
        "lanes": null,
        "width_m": 6.0,
        "surface": "asphalt",
        "maxspeed": null
      }
    },
    {
      "type": "Feature",
      "id": 30033027,
      "geometry": {
        "type": "LineString",
        "coordinates": [
          [
            67.344,
            499.259
          ],
          [
            69.761,
            493.539
          ],
          [
            70.409,
            492.084
          ],
          [
            72.478,
            487.441
          ],
          [
            73.633,
            484.542
          ]
        ]
      },
      "properties": {
        "osm_id": 30033027,
        "name": null,
        "highway": "service",
        "lanes": null,
        "width_m": 6.0,
        "surface": "asphalt",
        "maxspeed": null
      }
    },
    {
      "type": "Feature",
      "id": 30278454,
      "geometry": {
        "type": "LineString",
        "coordinates": [
          [
            290.577,
            -95.959
          ],
          [
            288.683,
            -94.304
          ],
          [
            287.171,
            -92.849
          ],
          [
            285.859,
            -91.183
          ],
          [
            285.036,
            -89.617
          ],
          [
            284.579,
            -88.151
          ],
          [
            284.164,
            -86.518
          ],
          [
            284.156,
            -83.675
          ],
          [
            284.38,
            -82.197
          ],
          [
            285.153,
            -79.687
          ],
          [
            286.208,
            -77.188
          ],
          [
            287.487,
            -74.645
          ],
          [
            288.933,
            -72.19
          ],
          [
            290.545,
            -69.691
          ],
          [
            300.639,
            -56.763
          ],
          [
            300.838,
            -56.497
          ],
          [
            309.819,
            -41.991
          ],
          [
            312.128,
            -38.426
          ],
          [
            314.546,
            -34.694
          ],
          [
            317.703,
            -30.474
          ],
          [
            320.278,
            -28.152
          ],
          [
            323.717,
            -25.631
          ],
          [
            327.481,
            -23.51
          ],
          [
            332.839,
            -21.178
          ],
          [
            345.408,
            -16.269
          ],
          [
            350.858,
            -14.359
          ]
        ]
      },
      "properties": {
        "osm_id": 30278454,
        "name": "Via della Stazione Enrico Fermi",
        "highway": "service",
        "lanes": "2",
        "width_m": 6.5,
        "surface": null,
        "maxspeed": null
      }
    },
    {
      "type": "Feature",
      "id": 30278501,
      "geometry": {
        "type": "LineString",
        "coordinates": [
          [
            46.022,
            -134.328
          ],
          [
            47.99,
            -129.03
          ],
          [
            56.389,
            -128.053
          ]
        ]
      },
      "properties": {
        "osm_id": 30278501,
        "name": "Piazza Umberto Elia Terracini",
        "highway": "service",
        "lanes": null,
        "width_m": 6.0,
        "surface": "asphalt",
        "maxspeed": null
      }
    },
    {
      "type": "Feature",
      "id": 30278543,
      "geometry": {
        "type": "LineString",
        "coordinates": [
          [
            250.328,
            -101.667
          ],
          [
            220.704,
            -118.882
          ],
          [
            210.395,
            -124.546
          ]
        ]
      },
      "properties": {
        "osm_id": 30278543,
        "name": "Largo Giuseppe Pella",
        "highway": "tertiary",
        "lanes": "2",
        "width_m": 6.5,
        "surface": "asphalt",
        "maxspeed": "50"
      }
    },
    {
      "type": "Feature",
      "id": 34612832,
      "geometry": {
        "type": "LineString",
        "coordinates": [
          [
            -395.93,
            -361.122
          ],
          [
            -398.822,
            -353.536
          ],
          [
            -403.416,
            -340.996
          ],
          [
            -405.252,
            -335.199
          ],
          [
            -406.258,
            -331.433
          ],
          [
            -407.155,
            -327.568
          ],
          [
            -407.903,
            -322.27
          ],
          [
            -408.119,
            -318.994
          ],
          [
            -408.227,
            -316.039
          ],
          [
            -408.07,
            -309.131
          ],
          [
            -406.916,
            -289.371
          ],
          [
            -406.809,
            -284.34
          ],
          [
            -406.85,
            -279.897
          ],
          [
            -407.366,
            -274.954
          ],
          [
            -407.881,
            -270.745
          ],
          [
            -408.944,
            -265.513
          ],
          [
            -410.357,
            -260.749
          ],
          [
            -411.47,
            -257.45
          ],
          [
            -416.904,
            -242.089
          ],
          [
            -424.523,
            -222.308
          ],
          [
            -430.106,
            -208.658
          ],
          [
            -434.351,
            -197.407
          ],
          [
            -456.493,
            -140.529
          ]
        ]
      },
      "properties": {
        "osm_id": 34612832,
        "name": "Viale Umberto Tupini",
        "highway": "tertiary",
        "lanes": "2",
        "width_m": 6.5,
        "surface": "asphalt",
        "maxspeed": "50"
      }
    },
    {
      "type": "Feature",
      "id": 36832462,
      "geometry": {
        "type": "LineString",
        "coordinates": [
          [
            262.807,
            -79.553
          ],
          [
            262.873,
            -82.33
          ],
          [
            263.28,
            -85.107
          ],
          [
            264.285,
            -87.406
          ],
          [
            265.357,
            -89.016
          ],
          [
            267.101,
            -90.683
          ],
          [
            268.571,
            -91.649
          ],
          [
            270.789,
            -92.515
          ],
          [
            273.34,
            -93.26
          ],
          [
            276.106,
            -93.926
          ],
          [
            279.022,
            -94.448
          ],
          [
            290.577,
            -95.959
          ]
        ]
      },
      "properties": {
        "osm_id": 36832462,
        "name": "Viale America",
        "highway": "tertiary",
        "lanes": "1",
        "width_m": 3.25,
        "surface": "asphalt",
        "maxspeed": "50"
      }
    },
    {
      "type": "Feature",
      "id": 36832463,
      "geometry": {
        "type": "LineString",
        "coordinates": [
          [
            290.577,
            -95.959
          ],
          [
            266.677,
            -106.055
          ]
        ]
      },
      "properties": {
        "osm_id": 36832463,
        "name": "Viale America",
        "highway": "tertiary",
        "lanes": "1",
        "width_m": 3.25,
        "surface": "asphalt",
        "maxspeed": "50"
      }
    },
    {
      "type": "Feature",
      "id": 36832464,
      "geometry": {
        "type": "LineString",
        "coordinates": [
          [
            187.5,
            -134.497
          ],
          [
            187.392,
            -130.443
          ],
          [
            187.476,
            -127.911
          ],
          [
            187.509,
            -125.045
          ],
          [
            187.11,
            -122.901
          ],
          [
            186.255,
            -120.758
          ],
          [
            184.892,
            -119.058
          ],
          [
            183.181,
            -117.37
          ]
        ]
      },
      "properties": {
        "osm_id": 36832464,
        "name": "Via Cristoforo Colombo",
        "highway": "tertiary",
        "lanes": "2",
        "width_m": 6.5,
        "surface": "asphalt",
        "maxspeed": "50"
      }
    },
    {
      "type": "Feature",
      "id": 36832465,
      "geometry": {
        "type": "LineString",
        "coordinates": [
          [
            210.395,
            -124.546
          ],
          [
            187.5,
            -134.497
          ]
        ]
      },
      "properties": {
        "osm_id": 36832465,
        "name": "Via Cristoforo Colombo",
        "highway": "tertiary",
        "lanes": "2",
        "width_m": 6.5,
        "surface": "asphalt",
        "maxspeed": "50"
      }
    },
    {
      "type": "Feature",
      "id": 37601078,
      "geometry": {
        "type": "LineString",
        "coordinates": [
          [
            426.571,
            278.428
          ],
          [
            428.482,
            280.394
          ],
          [
            430.833,
            282.027
          ],
          [
            434.314,
            283.737
          ],
          [
            485.366,
            303.249
          ],
          [
            488.706,
            304.304
          ],
          [
            491.372,
            304.792
          ],
          [
            494.23,
            304.681
          ],
          [
            496.415,
            304.014
          ],
          [
            498.151,
            302.937
          ],
          [
            499.78,
            301.682
          ],
          [
            500.959,
            299.86
          ],
          [
            501.972,
            297.816
          ],
          [
            503.717,
            293.618
          ],
          [
            517.987,
            257.708
          ],
          [
            524.216,
            242.024
          ],
          [
            535.612,
            211.679
          ],
          [
            543.004,
            192.697
          ],
          [
            544.209,
            189.842
          ],
          [
            544.973,
            187.643
          ],
          [
            546.459,
            182.734
          ],
          [
            546.924,
            179.357
          ],
          [
            546.667,
            175.881
          ],
          [
            545.86,
            171.271
          ],
          [
            544.996,
            168.506
          ],
          [
            543.035,
            164.929
          ],
          [
            540.558,
            148.191
          ]
        ]
      },
      "properties": {
        "osm_id": 37601078,
        "name": "Piazzale Enrico Mattei",
        "highway": "service",
        "lanes": null,
        "width_m": 6.0,
        "surface": null,
        "maxspeed": null
      }
    },
    {
      "type": "Feature",
      "id": 43565198,
      "geometry": {
        "type": "LineString",
        "coordinates": [
          [
            -162.924,
            -647.407
          ],
          [
            -169.063,
            -631.657
          ],
          [
            -172.486,
            -622.883
          ],
          [
            -179.788,
            -604.134
          ],
          [
            -183.709,
            -593.883
          ],
          [
            -230.653,
            -473.34
          ],
          [
            -236.319,
            -459.156
          ]
        ]
      },
      "properties": {
        "osm_id": 43565198,
        "name": "Viale Pasteur",
        "highway": "residential",
        "lanes": "2",
        "width_m": 6.5,
        "surface": "asphalt",
        "maxspeed": null
      }
    },
    {
      "type": "Feature",
      "id": 43565201,
      "geometry": {
        "type": "LineString",
        "coordinates": [
          [
            -236.319,
            -459.156
          ],
          [
            -241.195,
            -447.161
          ]
        ]
      },
      "properties": {
        "osm_id": 43565201,
        "name": "Viale Pasteur",
        "highway": "residential",
        "lanes": "2",
        "width_m": 6.5,
        "surface": "asphalt",
        "maxspeed": null
      }
    },
    {
      "type": "Feature",
      "id": 43565202,
      "geometry": {
        "type": "LineString",
        "coordinates": [
          [
            -246.836,
            -432.344
          ],
          [
            -284.27,
            -337.17
          ],
          [
            -286.837,
            -331.005
          ],
          [
            -288.674,
            -326.329
          ],
          [
            -291.29,
            -320.154
          ]
        ]
      },
      "properties": {
        "osm_id": 43565202,
        "name": "Viale Pasteur",
        "highway": "residential",
        "lanes": "2",
        "width_m": 6.5,
        "surface": "asphalt",
        "maxspeed": null
      }
    },
    {
      "type": "Feature",
      "id": 43565203,
      "geometry": {
        "type": "LineString",
        "coordinates": [
          [
            -246.836,
            -432.344
          ],
          [
            -264.804,
            -439.431
          ],
          [
            -265.485,
            -440.253
          ],
          [
            -265.917,
            -441.408
          ],
          [
            -266.099,
            -443.874
          ],
          [
            -266.066,
            -446.395
          ],
          [
            -265.925,
            -447.995
          ],
          [
            -265.609,
            -449.761
          ],
          [
            -263.54,
            -455.036
          ]
        ]
      },
      "properties": {
        "osm_id": 43565203,
        "name": "Largo Apollinaire",
        "highway": "service",
        "lanes": null,
        "width_m": 6.0,
        "surface": "asphalt",
        "maxspeed": null
      }
    },
    {
      "type": "Feature",
      "id": 43565205,
      "geometry": {
        "type": "LineString",
        "coordinates": [
          [
            -15.276,
            -679.282
          ],
          [
            -20.575,
            -665.709
          ],
          [
            -56.776,
            -571.522
          ],
          [
            -65.631,
            -548.664
          ],
          [
            -70.806,
            -534.958
          ],
          [
            -112.441,
            -428.509
          ],
          [
            -118.297,
            -413.004
          ]
        ]
      },
      "properties": {
        "osm_id": 43565205,
        "name": "Via della Fisica",
        "highway": "residential",
        "lanes": "1",
        "width_m": 3.25,
        "surface": "asphalt",
        "maxspeed": null
      }
    },
    {
      "type": "Feature",
      "id": 44073107,
      "geometry": {
        "type": "LineString",
        "coordinates": [
          [
            261.737,
            -236.728
          ],
          [
            250.149,
            -229.786
          ],
          [
            243.321,
            -225.565
          ],
          [
            234.915,
            -221.211
          ],
          [
            233.087,
            -220.7
          ],
          [
            230.778,
            -220.544
          ],
          [
            228.07,
            -220.733
          ],
          [
            221.025,
            -221.966
          ]
        ]
      },
      "properties": {
        "osm_id": 44073107,
        "name": "Via Cristoforo Colombo",
        "highway": "unclassified",
        "lanes": null,
        "width_m": 6.0,
        "surface": "asphalt",
        "maxspeed": null
      }
    },
    {
      "type": "Feature",
      "id": 44073401,
      "geometry": {
        "type": "LineString",
        "coordinates": [
          [
            75.233,
            -548.02
          ],
          [
            66.711,
            -544.243
          ],
          [
            60.971,
            -541.533
          ],
          [
            56.328,
            -537.823
          ],
          [
            53.802,
            -533.147
          ],
          [
            43.211,
            -505.569
          ],
          [
            33.061,
            -479.101
          ],
          [
            31.275,
            -473.747
          ],
          [
            32.056,
            -460.585
          ]
        ]
      },
      "properties": {
        "osm_id": 44073401,
        "name": "Piazzale Asia",
        "highway": "service",
        "lanes": null,
        "width_m": 6.0,
        "surface": "asphalt",
        "maxspeed": null
      }
    },
    {
      "type": "Feature",
      "id": 44097003,
      "geometry": {
        "type": "LineString",
        "coordinates": [
          [
            -262.509,
            409.854
          ],
          [
            -209.306,
            411.722
          ]
        ]
      },
      "properties": {
        "osm_id": 44097003,
        "name": null,
        "highway": "service",
        "lanes": null,
        "width_m": 6.0,
        "surface": null,
        "maxspeed": null
      }
    },
    {
      "type": "Feature",
      "id": 44097004,
      "geometry": {
        "type": "LineString",
        "coordinates": [
          [
            -267.743,
            424.96
          ],
          [
            -223.629,
            430.814
          ],
          [
            -218.354,
            431.648
          ]
        ]
      },
      "properties": {
        "osm_id": 44097004,
        "name": null,
        "highway": "service",
        "lanes": null,
        "width_m": 6.0,
        "surface": null,
        "maxspeed": null
      }
    },
    {
      "type": "Feature",
      "id": 44179526,
      "geometry": {
        "type": "LineString",
        "coordinates": [
          [
            194.121,
            -154.901
          ],
          [
            119.531,
            -184.81
          ],
          [
            112.129,
            -187.731
          ],
          [
            105.458,
            -190.308
          ],
          [
            99.402,
            -192.64
          ],
          [
            91.685,
            -195.639
          ],
          [
            77.123,
            -201.07
          ],
          [
            51.786,
            -210.511
          ],
          [
            44.958,
            -213.021
          ],
          [
            38.021,
            -215.742
          ],
          [
            -28.46,
            -242.221
          ],
          [
            -41.211,
            -247.031
          ]
        ]
      },
      "properties": {
        "osm_id": 44179526,
        "name": "Viale America",
        "highway": "service",
        "lanes": null,
        "width_m": 6.0,
        "surface": "asphalt",
        "maxspeed": null
      }
    },
    {
      "type": "Feature",
      "id": 44179527,
      "geometry": {
        "type": "LineString",
        "coordinates": [
          [
            105.458,
            -190.308
          ],
          [
            107.277,
            -195.04
          ],
          [
            108.042,
            -196.939
          ]
        ]
      },
      "properties": {
        "osm_id": 44179527,
        "name": null,
        "highway": "service",
        "lanes": null,
        "width_m": 6.0,
        "surface": "sett",
        "maxspeed": null
      }
    },
    {
      "type": "Feature",
      "id": 44179528,
      "geometry": {
        "type": "LineString",
        "coordinates": [
          [
            36.942,
            -193.273
          ],
          [
            39.226,
            -198.893
          ],
          [
            41.037,
            -203.569
          ],
          [
            43.878,
            -210.311
          ],
          [
            44.958,
            -213.021
          ]
        ]
      },
      "properties": {
        "osm_id": 44179528,
        "name": null,
        "highway": "service",
        "lanes": null,
        "width_m": 6.0,
        "surface": "asphalt",
        "maxspeed": null
      }
    },
    {
      "type": "Feature",
      "id": 44179532,
      "geometry": {
        "type": "LineString",
        "coordinates": [
          [
            4.303,
            -364.765
          ],
          [
            11.439,
            -383.636
          ],
          [
            24.43,
            -416.99
          ],
          [
            36.874,
            -447.679
          ],
          [
            40.446,
            -456.698
          ],
          [
            58.056,
            -502.714
          ],
          [
            75.233,
            -548.02
          ],
          [
            77.7,
            -554.218
          ],
          [
            99.014,
            -608.642
          ],
          [
            102.852,
            -618.494
          ],
          [
            107.803,
            -631.201
          ],
          [
            124.157,
            -671.708
          ],
          [
            141.002,
            -715.348
          ],
          [
            144.242,
            -723.7
          ],
          [
            147.389,
            -731.897
          ],
          [
            175.638,
            -805.804
          ],
          [
            178.653,
            -813.535
          ]
        ]
      },
      "properties": {
        "osm_id": 44179532,
        "name": "Viale Beethoven",
        "highway": "tertiary",
        "lanes": "4",
        "width_m": 13.0,
        "surface": "asphalt",
        "maxspeed": "50"
      }
    },
    {
      "type": "Feature",
      "id": 44179533,
      "geometry": {
        "type": "LineString",
        "coordinates": [
          [
            -41.211,
            -247.031
          ],
          [
            -39.342,
            -251.84
          ],
          [
            -1.678,
            -349.504
          ],
          [
            4.303,
            -364.765
          ]
        ]
      },
      "properties": {
        "osm_id": 44179533,
        "name": "Viale Beethoven",
        "highway": "tertiary",
        "lanes": "4",
        "width_m": 13.0,
        "surface": "asphalt",
        "maxspeed": "50"
      }
    },
    {
      "type": "Feature",
      "id": 51080350,
      "geometry": {
        "type": "LineString",
        "coordinates": [
          [
            -17.538,
            466.827
          ],
          [
            -20.296,
            474.502
          ],
          [
            -38.316,
            525.094
          ],
          [
            -23.952,
            530.348
          ]
        ]
      },
      "properties": {
        "osm_id": 51080350,
        "name": "Piazzale Pier Luigi Nervi",
        "highway": "service",
        "lanes": null,
        "width_m": 6.0,
        "surface": null,
        "maxspeed": null
      }
    },
    {
      "type": "Feature",
      "id": 51080351,
      "geometry": {
        "type": "LineString",
        "coordinates": [
          [
            -133.207,
            420.354
          ],
          [
            -134.561,
            424.541
          ],
          [
            -135.774,
            429.417
          ],
          [
            -136.829,
            434.282
          ],
          [
            -137.768,
            439.469
          ],
          [
            -138.342,
            443.434
          ],
          [
            -138.799,
            447.721
          ],
          [
            -139.098,
            452.042
          ],
          [
            -139.181,
            455.463
          ],
          [
            -139.173,
            458.384
          ],
          [
            -138.998,
            462.038
          ],
          [
            -138.708,
            465.915
          ],
          [
            -138.292,
            469.813
          ],
          [
            -137.777,
            473.934
          ],
          [
            -137.262,
            477.022
          ],
          [
            -135.975,
            482.697
          ],
          [
            -134.479,
            488.584
          ],
          [
            -132.693,
            494.66
          ],
          [
            -130.691,
            500.957
          ],
          [
            -120.407,
            530.047
          ],
          [
            -93.847,
            605.752
          ],
          [
            -90.017,
            620.169
          ],
          [
            -89.112,
            624.068
          ],
          [
            -88.605,
            626.456
          ],
          [
            -87.891,
            630.91
          ],
          [
            -87.425,
            634.597
          ],
          [
            -87.093,
            639.784
          ],
          [
            -86.877,
            645.093
          ],
          [
            -86.985,
            649.958
          ],
          [
            -87.343,
            654.601
          ],
          [
            -87.808,
            659.01
          ],
          [
            -88.63,
            664.12
          ],
          [
            -89.561,
            668.996
          ],
          [
            -91.04,
            674.638
          ],
          [
            -92.444,
            678.77
          ],
          [
            -93.823,
            682.768
          ],
          [
            -95.618,
            687.489
          ],
          [
            -101.168,
            701.472
          ],
          [
            -109.917,
            723.942
          ],
          [
            -125.611,
            763.638
          ],
          [
            -189.298,
            927.897
          ],
          [
            -240.54,
            1060.58
          ]
        ]
      },
      "properties": {
        "osm_id": 51080351,
        "name": "Via Cristoforo Colombo",
        "highway": "primary",
        "lanes": "3",
        "width_m": 9.75,
        "surface": "asphalt",
        "maxspeed": "50"
      }
    },
    {
      "type": "Feature",
      "id": 51080352,
      "geometry": {
        "type": "LineString",
        "coordinates": [
          [
            -17.538,
            466.827
          ],
          [
            -0.598,
            472.869
          ]
        ]
      },
      "properties": {
        "osm_id": 51080352,
        "name": "Piazzale Pier Luigi Nervi",
        "highway": "tertiary",
        "lanes": "4",
        "width_m": 13.0,
        "surface": "asphalt",
        "maxspeed": "50"
      }
    },
    {
      "type": "Feature",
      "id": 51080353,
      "geometry": {
        "type": "LineString",
        "coordinates": [
          [
            12.969,
            478.034
          ],
          [
            34.129,
            486.32
          ],
          [
            40.509,
            488.852
          ],
          [
            51.725,
            493.072
          ],
          [
            67.344,
            499.259
          ],
          [
            117.042,
            518.729
          ],
          [
            120.132,
            519.728
          ],
          [
            126.762,
            522.127
          ]
        ]
      },
      "properties": {
        "osm_id": 51080353,
        "name": "Piazzale Pier Luigi Nervi",
        "highway": "tertiary",
        "lanes": "4",
        "width_m": 13.0,
        "surface": "asphalt",
        "maxspeed": "50"
      }
    },
    {
      "type": "Feature",
      "id": 51080522,
      "geometry": {
        "type": "LineString",
        "coordinates": [
          [
            126.762,
            522.127
          ],
          [
            129.686,
            514.986
          ],
          [
            158.729,
            440.601
          ],
          [
            187.979,
            365.318
          ],
          [
            200.93,
            332.074
          ],
          [
            213.689,
            299.153
          ],
          [
            241.7,
            227.201
          ]
        ]
      },
      "properties": {
        "osm_id": 51080522,
        "name": "Via Cristoforo Colombo",
        "highway": "primary",
        "lanes": "3",
        "width_m": 9.75,
        "surface": "asphalt",
        "maxspeed": "50"
      }
    },
    {
      "type": "Feature",
      "id": 83559977,
      "geometry": {
        "type": "LineString",
        "coordinates": [
          [
            -23.952,
            530.348
          ],
          [
            -3.747,
            480.555
          ]
        ]
      },
      "properties": {
        "osm_id": 83559977,
        "name": "Piazzale Pier Luigi Nervi",
        "highway": "service",
        "lanes": null,
        "width_m": 6.0,
        "surface": null,
        "maxspeed": null
      }
    },
    {
      "type": "Feature",
      "id": 103978100,
      "geometry": {
        "type": "LineString",
        "coordinates": [
          [
            491.714,
            325.029
          ],
          [
            490.818,
            333.082
          ],
          [
            489.697,
            343.489
          ],
          [
            488.651,
            350.409
          ]
        ]
      },
      "properties": {
        "osm_id": 103978100,
        "name": "Largo Sri Lanka",
        "highway": "residential",
        "lanes": "2",
        "width_m": 6.5,
        "surface": "asphalt",
        "maxspeed": null
      }
    },
    {
      "type": "Feature",
      "id": 103978119,
      "geometry": {
        "type": "LineString",
        "coordinates": [
          [
            511.861,
            332.447
          ],
          [
            503.171,
            329.249
          ],
          [
            491.714,
            325.029
          ]
        ]
      },
      "properties": {
        "osm_id": 103978119,
        "name": "Viale Africa",
        "highway": "residential",
        "lanes": "2",
        "width_m": 6.5,
        "surface": "asphalt",
        "maxspeed": "50"
      }
    },
    {
      "type": "Feature",
      "id": 107179049,
      "geometry": {
        "type": "LineString",
        "coordinates": [
          [
            -136.818,
            271.387
          ],
          [
            -136.137,
            276.019
          ],
          [
            -135.398,
            280.35
          ],
          [
            -134.957,
            282.605
          ],
          [
            -134.368,
            285.482
          ],
          [
            -133.936,
            287.881
          ],
          [
            -134.002,
            290.158
          ],
          [
            -134.467,
            293.901
          ],
          [
            -135.572,
            297.722
          ],
          [
            -137.176,
            302.387
          ],
          [
            -138.813,
            306.341
          ],
          [
            -140.424,
            310.317
          ],
          [
            -148.317,
            338.617
          ],
          [
            -150.785,
            345.259
          ],
          [
            -153.294,
            351.812
          ],
          [
            -156.617,
            359.187
          ],
          [
            -158.046,
            362.308
          ],
          [
            -159.525,
            364.963
          ],
          [
            -160.945,
            367.451
          ],
          [
            -162.009,
            368.995
          ],
          [
            -163.297,
            370.505
          ],
          [
            -164.792,
            371.871
          ],
          [
            -166.287,
            372.96
          ],
          [
            -168.115,
            374.048
          ],
          [
            -169.636,
            374.77
          ],
          [
            -177.171,
            376.092
          ],
          [
            -180.311,
            377.302
          ],
          [
            -182.504,
            378.402
          ],
          [
            -184.972,
            379.49
          ],
          [
            -187.215,
            380.823
          ],
          [
            -189.516,
            382.644
          ],
          [
            -191.244,
            384.777
          ],
          [
            -192.789,
            387.287
          ],
          [
            -193.786,
            389.075
          ],
          [
            -194.343,
            390.097
          ],
          [
            -195.955,
            392.841
          ],
          [
            -197.808,
            395.862
          ]
        ]
      },
      "properties": {
        "osm_id": 107179049,
        "name": "Via dell'Antartide",
        "highway": "residential",
        "lanes": null,
        "width_m": 6.0,
        "surface": "asphalt",
        "maxspeed": "50"
      }
    },
    {
      "type": "Feature",
      "id": 107562638,
      "geometry": {
        "type": "LineString",
        "coordinates": [
          [
            109.857,
            -482.422
          ],
          [
            120.364,
            -511.09
          ],
          [
            95.685,
            -520.508
          ],
          [
            85.044,
            -492.407
          ]
        ]
      },
      "properties": {
        "osm_id": 107562638,
        "name": "Piazzale Asia",
        "highway": "service",
        "lanes": "1",
        "width_m": 3.25,
        "surface": "asphalt",
        "maxspeed": null
      }
    },
    {
      "type": "Feature",
      "id": 107562649,
      "geometry": {
        "type": "LineString",
        "coordinates": [
          [
            40.446,
            -456.698
          ],
          [
            51.136,
            -452.088
          ],
          [
            98.867,
            -433.74
          ],
          [
            113.578,
            -471.382
          ],
          [
            116.926,
            -479.946
          ]
        ]
      },
      "properties": {
        "osm_id": 107562649,
        "name": "Piazzale Asia",
        "highway": "residential",
        "lanes": "1",
        "width_m": 3.25,
        "surface": "asphalt",
        "maxspeed": null
      }
    },
    {
      "type": "Feature",
      "id": 107562658,
      "geometry": {
        "type": "LineString",
        "coordinates": [
          [
            202.71,
            -447.004
          ],
          [
            205.775,
            -454.679
          ],
          [
            234.896,
            -529.108
          ]
        ]
      },
      "properties": {
        "osm_id": 107562658,
        "name": "Viale Tolstoj",
        "highway": "residential",
        "lanes": null,
        "width_m": 6.0,
        "surface": null,
        "maxspeed": null
      }
    },
    {
      "type": "Feature",
      "id": 107562690,
      "geometry": {
        "type": "LineString",
        "coordinates": [
          [
            -231.922,
            466.668
          ],
          [
            -231.963,
            470.488
          ],
          [
            -231.947,
            472.854
          ],
          [
            -231.432,
            474.131
          ],
          [
            -230.717,
            475.375
          ],
          [
            -229.463,
            476.653
          ],
          [
            -227.785,
            478.108
          ],
          [
            -225.691,
            479.818
          ],
          [
            -220.499,
            484.05
          ],
          [
            -215.024,
            488.804
          ],
          [
            -211.56,
            492.125
          ],
          [
            -207.231,
            496.035
          ],
          [
            -205.055,
            498.001
          ],
          [
            -203.294,
            499.723
          ],
          [
            -201.092,
            501.822
          ],
          [
            -199.406,
            503.744
          ],
          [
            -197.453,
            506.276
          ],
          [
            -196.016,
            508.997
          ],
          [
            -195.252,
            511.019
          ],
          [
            -194.488,
            513.174
          ],
          [
            -193.798,
            515.128
          ],
          [
            -193.001,
            517.905
          ],
          [
            -192.428,
            520.815
          ],
          [
            -191.987,
            523.803
          ],
          [
            -191.771,
            526.691
          ],
          [
            -191.738,
            528.235
          ],
          [
            -192.121,
            533.999
          ],
          [
            -194.589,
            560.634
          ],
          [
            -195.453,
            568.908
          ],
          [
            -196.367,
            577.683
          ]
        ]
      },
      "properties": {
        "osm_id": 107562690,
        "name": "Viale Iran",
        "highway": "residential",
        "lanes": "1",
        "width_m": 3.25,
        "surface": "asphalt",
        "maxspeed": "50"
      }
    },
    {
      "type": "Feature",
      "id": 121897319,
      "geometry": {
        "type": "LineString",
        "coordinates": [
          [
            288.17,
            -255.445
          ],
          [
            291.484,
            -264.097
          ],
          [
            339.326,
            -386.965
          ],
          [
            341.511,
            -392.985
          ]
        ]
      },
      "properties": {
        "osm_id": 121897319,
        "name": "Via Cristoforo Colombo",
        "highway": "primary",
        "lanes": "3",
        "width_m": 9.75,
        "surface": "asphalt",
        "maxspeed": "50"
      }
    },
    {
      "type": "Feature",
      "id": 121897332,
      "geometry": {
        "type": "LineString",
        "coordinates": [
          [
            4.303,
            -364.765
          ],
          [
            18.25,
            -359.378
          ],
          [
            53.862,
            -346.105
          ],
          [
            88.668,
            -332.755
          ],
          [
            155.772,
            -306.81
          ],
          [
            177.303,
            -298.392
          ],
          [
            198.187,
            -290.095
          ],
          [
            240.088,
            -274.08
          ]
        ]
      },
      "properties": {
        "osm_id": 121897332,
        "name": "Viale Europa",
        "highway": "tertiary",
        "lanes": "4",
        "width_m": 13.0,
        "surface": "asphalt",
        "maxspeed": "50"
      }
    },
    {
      "type": "Feature",
      "id": 121898323,
      "geometry": {
        "type": "LineString",
        "coordinates": [
          [
            -342.992,
            -500.634
          ],
          [
            -349.589,
            -483.33
          ],
          [
            -395.93,
            -361.122
          ]
        ]
      },
      "properties": {
        "osm_id": 121898323,
        "name": "Viale Umberto Tupini",
        "highway": "tertiary",
        "lanes": "2",
        "width_m": 6.5,
        "surface": "asphalt",
        "maxspeed": "50"
      }
    },
    {
      "type": "Feature",
      "id": 121898327,
      "geometry": {
        "type": "LineString",
        "coordinates": [
          [
            429.318,
            -40.576
          ],
          [
            421.518,
            -43.696
          ],
          [
            385.555,
            -57.722
          ]
        ]
      },
      "properties": {
        "osm_id": 121898327,
        "name": "Viale America",
        "highway": "tertiary",
        "lanes": "2",
        "width_m": 6.5,
        "surface": "asphalt",
        "maxspeed": "50"
      }
    },
    {
      "type": "Feature",
      "id": 121898328,
      "geometry": {
        "type": "LineString",
        "coordinates": [
          [
            482.799,
            -179.305
          ],
          [
            407.32,
            -208.457
          ],
          [
            345.215,
            -232.522
          ],
          [
            320.194,
            -242.184
          ]
        ]
      },
      "properties": {
        "osm_id": 121898328,
        "name": "Viale Europa",
        "highway": "tertiary",
        "lanes": "2",
        "width_m": 6.5,
        "surface": "asphalt",
        "maxspeed": "50"
      }
    },
    {
      "type": "Feature",
      "id": 122254005,
      "geometry": {
        "type": "LineString",
        "coordinates": [
          [
            271.672,
            -261.919
          ],
          [
            267.951,
            -252.323
          ],
          [
            261.737,
            -236.728
          ],
          [
            250.665,
            -207.694
          ],
          [
            224.035,
            -137.986
          ],
          [
            222.905,
            -135.431
          ],
          [
            221.535,
            -133.099
          ],
          [
            219.392,
            -130.488
          ],
          [
            217.024,
            -128.322
          ],
          [
            214.391,
            -126.345
          ],
          [
            211.708,
            -125.079
          ],
          [
            210.395,
            -124.546
          ]
        ]
      },
      "properties": {
        "osm_id": 122254005,
        "name": "Via Cristoforo Colombo",
        "highway": "primary",
        "lanes": "3",
        "width_m": 9.75,
        "surface": "asphalt",
        "maxspeed": "50"
      }
    },
    {
      "type": "Feature",
      "id": 122254006,
      "geometry": {
        "type": "LineString",
        "coordinates": [
          [
            250.328,
            -101.667
          ],
          [
            247.687,
            -106.676
          ],
          [
            246.216,
            -109.675
          ],
          [
            244.862,
            -112.74
          ],
          [
            242.718,
            -117.938
          ]
        ]
      },
      "properties": {
        "osm_id": 122254006,
        "name": "Via Cristoforo Colombo",
        "highway": "primary",
        "lanes": "3",
        "width_m": 9.75,
        "surface": "asphalt",
        "maxspeed": "50"
      }
    },
    {
      "type": "Feature",
      "id": 122254008,
      "geometry": {
        "type": "LineString",
        "coordinates": [
          [
            -49.261,
            -226.572
          ],
          [
            -60.567,
            -230.859
          ],
          [
            -82.713,
            -239.512
          ],
          [
            -136.168,
            -260.183
          ],
          [
            -187.081,
            -280.088
          ],
          [
            -226.506,
            -295.55
          ],
          [
            -291.29,
            -320.154
          ],
          [
            -380.58,
            -354.968
          ],
          [
            -391.237,
            -359.244
          ],
          [
            -395.93,
            -361.122
          ]
        ]
      },
      "properties": {
        "osm_id": 122254008,
        "name": "Viale America",
        "highway": "tertiary",
        "lanes": "2",
        "width_m": 6.5,
        "surface": "asphalt",
        "maxspeed": "50"
      }
    },
    {
      "type": "Feature",
      "id": 122254009,
      "geometry": {
        "type": "LineString",
        "coordinates": [
          [
            271.672,
            -261.919
          ],
          [
            288.17,
            -255.445
          ]
        ]
      },
      "properties": {
        "osm_id": 122254009,
        "name": "Viale Europa",
        "highway": "tertiary",
        "lanes": "2",
        "width_m": 6.5,
        "surface": "asphalt",
        "maxspeed": "50"
      }
    },
    {
      "type": "Feature",
      "id": 122254010,
      "geometry": {
        "type": "LineString",
        "coordinates": [
          [
            4.303,
            -364.765
          ],
          [
            -9.927,
            -370.085
          ],
          [
            -64.154,
            -391.8
          ],
          [
            -118.297,
            -413.004
          ],
          [
            -126.513,
            -416.125
          ],
          [
            -181.786,
            -437.829
          ],
          [
            -236.319,
            -459.156
          ],
          [
            -243.687,
            -461.911
          ],
          [
            -280.112,
            -475.718
          ],
          [
            -328.041,
            -494.758
          ],
          [
            -336.63,
            -498.179
          ],
          [
            -342.992,
            -500.634
          ]
        ]
      },
      "properties": {
        "osm_id": 122254010,
        "name": "Viale Europa",
        "highway": "tertiary",
        "lanes": "4",
        "width_m": 13.0,
        "surface": "asphalt",
        "maxspeed": "50"
      }
    },
    {
      "type": "Feature",
      "id": 122992790,
      "geometry": {
        "type": "LineString",
        "coordinates": [
          [
            3.464,
            501.07
          ],
          [
            9.895,
            485.786
          ],
          [
            12.969,
            478.034
          ]
        ]
      },
      "properties": {
        "osm_id": 122992790,
        "name": "Piazzale Pier Luigi Nervi",
        "highway": "service",
        "lanes": null,
        "width_m": 6.0,
        "surface": "asphalt",
        "maxspeed": null
      }
    },
    {
      "type": "Feature",
      "id": 127676288,
      "geometry": {
        "type": "LineString",
        "coordinates": [
          [
            183.181,
            -117.37
          ],
          [
            122.415,
            -100.564
          ],
          [
            118.743,
            -99.62
          ],
          [
            113.792,
            -98.253
          ],
          [
            109.115,
            -96.887
          ],
          [
            105.011,
            -95.377
          ],
          [
            100.575,
            -93.644
          ],
          [
            96.446,
            -91.633
          ],
          [
            92.908,
            -89.856
          ],
          [
            89.095,
            -87.946
          ],
          [
            85.165,
            -85.436
          ],
          [
            82.191,
            -83.47
          ],
          [
            78.711,
            -81.126
          ],
          [
            75.205,
            -78.549
          ],
          [
            72.422,
            -76.239
          ],
          [
            69.091,
            -73.162
          ],
          [
            65.552,
            -69.552
          ],
          [
            61.249,
            -64.821
          ],
          [
            57.245,
            -60.045
          ]
        ]
      },
      "properties": {
        "osm_id": 127676288,
        "name": "Via Cristoforo Colombo",
        "highway": "primary",
        "lanes": "3",
        "width_m": 9.75,
        "surface": "asphalt",
        "maxspeed": "50"
      }
    },
    {
      "type": "Feature",
      "id": 127737763,
      "geometry": {
        "type": "LineString",
        "coordinates": [
          [
            323.724,
            -251.381
          ],
          [
            365.561,
            -358.188
          ],
          [
            372.388,
            -375.837
          ],
          [
            374.431,
            -380.813
          ]
        ]
      },
      "properties": {
        "osm_id": 127737763,
        "name": "Via Cristoforo Colombo",
        "highway": "unclassified",
        "lanes": null,
        "width_m": 6.0,
        "surface": null,
        "maxspeed": "50"
      }
    },
    {
      "type": "Feature",
      "id": 127737771,
      "geometry": {
        "type": "LineString",
        "coordinates": [
          [
            347.25,
            -72.659
          ],
          [
            323.864,
            -81.777
          ],
          [
            301.484,
            -91.439
          ],
          [
            290.577,
            -95.959
          ]
        ]
      },
      "properties": {
        "osm_id": 127737771,
        "name": "Viale America",
        "highway": "tertiary",
        "lanes": "2",
        "width_m": 6.5,
        "surface": "asphalt",
        "maxspeed": "50"
      }
    },
    {
      "type": "Feature",
      "id": 127737772,
      "geometry": {
        "type": "LineString",
        "coordinates": [
          [
            266.677,
            -106.055
          ],
          [
            252.081,
            -111.996
          ],
          [
            249.132,
            -113.562
          ],
          [
            246.374,
            -115.273
          ],
          [
            242.718,
            -117.938
          ]
        ]
      },
      "properties": {
        "osm_id": 127737772,
        "name": "Viale America",
        "highway": "tertiary",
        "lanes": "1",
        "width_m": 3.25,
        "surface": "asphalt",
        "maxspeed": "50"
      }
    },
    {
      "type": "Feature",
      "id": 127737774,
      "geometry": {
        "type": "LineString",
        "coordinates": [
          [
            320.194,
            -242.184
          ],
          [
            296.061,
            -252.046
          ],
          [
            288.17,
            -255.445
          ]
        ]
      },
      "properties": {
        "osm_id": 127737774,
        "name": "Viale Europa",
        "highway": "tertiary",
        "lanes": "2",
        "width_m": 6.5,
        "surface": "asphalt",
        "maxspeed": "50"
      }
    },
    {
      "type": "Feature",
      "id": 128364000,
      "geometry": {
        "type": "LineString",
        "coordinates": [
          [
            350.858,
            -14.359
          ],
          [
            375.165,
            -2.953
          ],
          [
            400.271,
            7.075
          ]
        ]
      },
      "properties": {
        "osm_id": 128364000,
        "name": "Piazza della Stazione Enrico Fermi",
        "highway": "service",
        "lanes": "2",
        "width_m": 6.5,
        "surface": "asphalt",
        "maxspeed": null
      }
    },
    {
      "type": "Feature",
      "id": 128364001,
      "geometry": {
        "type": "LineString",
        "coordinates": [
          [
            262.807,
            -79.553
          ],
          [
            257.431,
            -88.938
          ],
          [
            255.163,
            -92.692
          ],
          [
            253.801,
            -95.169
          ],
          [
            250.328,
            -101.667
          ]
        ]
      },
      "properties": {
        "osm_id": 128364001,
        "name": "Via Cristoforo Colombo",
        "highway": "primary",
        "lanes": "3",
        "width_m": 9.75,
        "surface": "asphalt",
        "maxspeed": "50"
      }
    },
    {
      "type": "Feature",
      "id": 128382083,
      "geometry": {
        "type": "LineString",
        "coordinates": [
          [
            461.028,
            -28.293
          ],
          [
            429.318,
            -40.576
          ]
        ]
      },
      "properties": {
        "osm_id": 128382083,
        "name": "Viale America",
        "highway": "tertiary",
        "lanes": "2",
        "width_m": 6.5,
        "surface": "asphalt",
        "maxspeed": "50"
      }
    },
    {
      "type": "Feature",
      "id": 129310475,
      "geometry": {
        "type": "LineString",
        "coordinates": [
          [
            -464.644,
            -120.371
          ],
          [
            -479.907,
            -80.842
          ]
        ]
      },
      "properties": {
        "osm_id": 129310475,
        "name": "Largo Mustafa Kemal Ataturk",
        "highway": "tertiary",
        "lanes": "4",
        "width_m": 13.0,
        "surface": "asphalt",
        "maxspeed": "50"
      }
    },
    {
      "type": "Feature",
      "id": 150749512,
      "geometry": {
        "type": "LineString",
        "coordinates": [
          [
            6.746,
            475.746
          ],
          [
            12.969,
            478.034
          ]
        ]
      },
      "properties": {
        "osm_id": 150749512,
        "name": "Piazzale Pier Luigi Nervi",
        "highway": "tertiary",
        "lanes": "4",
        "width_m": 13.0,
        "surface": "asphalt",
        "maxspeed": "50"
      }
    },
    {
      "type": "Feature",
      "id": 150749514,
      "geometry": {
        "type": "LineString",
        "coordinates": [
          [
            -0.598,
            472.869
          ],
          [
            6.746,
            475.746
          ]
        ]
      },
      "properties": {
        "osm_id": 150749514,
        "name": "Piazzale Pier Luigi Nervi",
        "highway": "tertiary",
        "lanes": "4",
        "width_m": 13.0,
        "surface": "asphalt",
        "maxspeed": "50"
      }
    },
    {
      "type": "Feature",
      "id": 150749519,
      "geometry": {
        "type": "LineString",
        "coordinates": [
          [
            -2.542,
            499.259
          ],
          [
            3.739,
            483.487
          ],
          [
            6.746,
            475.746
          ]
        ]
      },
      "properties": {
        "osm_id": 150749519,
        "name": "Piazzale Pier Luigi Nervi",
        "highway": "service",
        "lanes": null,
        "width_m": 6.0,
        "surface": "asphalt",
        "maxspeed": null
      }
    },
    {
      "type": "Feature",
      "id": 150749522,
      "geometry": {
        "type": "LineString",
        "coordinates": [
          [
            -3.747,
            480.555
          ],
          [
            -0.598,
            472.869
          ]
        ]
      },
      "properties": {
        "osm_id": 150749522,
        "name": "Piazzale Pier Luigi Nervi",
        "highway": "service",
        "lanes": null,
        "width_m": 6.0,
        "surface": "asphalt",
        "maxspeed": null
      }
    },
    {
      "type": "Feature",
      "id": 150749523,
      "geometry": {
        "type": "LineString",
        "coordinates": [
          [
            -15.527,
            533.724
          ],
          [
            -2.542,
            499.259
          ]
        ]
      },
      "properties": {
        "osm_id": 150749523,
        "name": "Piazzale Pier Luigi Nervi",
        "highway": "service",
        "lanes": null,
        "width_m": 6.0,
        "surface": null,
        "maxspeed": null
      }
    },
    {
      "type": "Feature",
      "id": 156258636,
      "geometry": {
        "type": "LineString",
        "coordinates": [
          [
            241.7,
            227.201
          ],
          [
            284.887,
            117.928
          ]
        ]
      },
      "properties": {
        "osm_id": 156258636,
        "name": "Via Cristoforo Colombo",
        "highway": "primary",
        "lanes": "3",
        "width_m": 9.75,
        "surface": "asphalt",
        "maxspeed": "50"
      }
    },
    {
      "type": "Feature",
      "id": 163392764,
      "geometry": {
        "type": "LineString",
        "coordinates": [
          [
            21.625,
            497.582
          ],
          [
            14.987,
            514.442
          ],
          [
            8.881,
            529.959
          ],
          [
            3.091,
            544.665
          ],
          [
            31.711,
            556.471
          ],
          [
            62.933,
            569.333
          ],
          [
            68.491,
            568.6
          ],
          [
            85.364,
            559.359
          ],
          [
            96.854,
            548.285
          ],
          [
            102.786,
            539.055
          ],
          [
            104.264,
            532.035
          ],
          [
            94.253,
            526.126
          ],
          [
            46.076,
            507.189
          ],
          [
            34.901,
            502.68
          ],
          [
            21.625,
            497.582
          ]
        ]
      },
      "properties": {
        "osm_id": 163392764,
        "name": null,
        "highway": "service",
        "lanes": null,
        "width_m": 6.0,
        "surface": "asphalt",
        "maxspeed": null
      }
    },
    {
      "type": "Feature",
      "id": 163392765,
      "geometry": {
        "type": "LineString",
        "coordinates": [
          [
            -130.665,
            458.04
          ],
          [
            -50.661,
            488.607
          ]
        ]
      },
      "properties": {
        "osm_id": 163392765,
        "name": null,
        "highway": "service",
        "lanes": null,
        "width_m": 6.0,
        "surface": "asphalt",
        "maxspeed": null
      }
    },
    {
      "type": "Feature",
      "id": 163392766,
      "geometry": {
        "type": "LineString",
        "coordinates": [
          [
            -58.853,
            503.624
          ],
          [
            -126.894,
            478.955
          ]
        ]
      },
      "properties": {
        "osm_id": 163392766,
        "name": null,
        "highway": "service",
        "lanes": null,
        "width_m": 6.0,
        "surface": "asphalt",
        "maxspeed": null
      }
    },
    {
      "type": "Feature",
      "id": 163392768,
      "geometry": {
        "type": "LineString",
        "coordinates": [
          [
            46.076,
            507.189
          ],
          [
            48.942,
            500.059
          ],
          [
            51.725,
            493.072
          ]
        ]
      },
      "properties": {
        "osm_id": 163392768,
        "name": null,
        "highway": "service",
        "lanes": null,
        "width_m": 6.0,
        "surface": "asphalt",
        "maxspeed": null
      }
    },
    {
      "type": "Feature",
      "id": 163392769,
      "geometry": {
        "type": "LineString",
        "coordinates": [
          [
            -52.007,
            469.07
          ],
          [
            -49.49,
            461.784
          ],
          [
            -46.981,
            454.498
          ]
        ]
      },
      "properties": {
        "osm_id": 163392769,
        "name": null,
        "highway": "service",
        "lanes": null,
        "width_m": 6.0,
        "surface": "asphalt",
        "maxspeed": null
      }
    },
    {
      "type": "Feature",
      "id": 163392770,
      "geometry": {
        "type": "LineString",
        "coordinates": [
          [
            37.311,
            496.238
          ],
          [
            34.901,
            502.68
          ]
        ]
      },
      "properties": {
        "osm_id": 163392770,
        "name": null,
        "highway": "service",
        "lanes": null,
        "width_m": 6.0,
        "surface": "asphalt",
        "maxspeed": null
      }
    },
    {
      "type": "Feature",
      "id": 163392772,
      "geometry": {
        "type": "LineString",
        "coordinates": [
          [
            -61.295,
            448.922
          ],
          [
            -66.23,
            463.494
          ]
        ]
      },
      "properties": {
        "osm_id": 163392772,
        "name": null,
        "highway": "service",
        "lanes": null,
        "width_m": 6.0,
        "surface": "asphalt",
        "maxspeed": null
      }
    },
    {
      "type": "Feature",
      "id": 163392773,
      "geometry": {
        "type": "LineString",
        "coordinates": [
          [
            -66.23,
            463.494
          ],
          [
            -115.528,
            444.29
          ],
          [
            -123.122,
            440.958
          ],
          [
            -128.314,
            442.624
          ],
          [
            -130.906,
            448.721
          ],
          [
            -130.665,
            458.04
          ],
          [
            -129.428,
            467.925
          ],
          [
            -126.894,
            478.955
          ],
          [
            -123.314,
            494.504
          ],
          [
            -117.008,
            499.68
          ],
          [
            -60.108,
            520.918
          ],
          [
            -58.006,
            519.818
          ],
          [
            -56.22,
            518.885
          ],
          [
            -53.627,
            512.232
          ],
          [
            -56.219,
            507.623
          ],
          [
            -58.853,
            503.624
          ],
          [
            -60.107,
            501.714
          ],
          [
            -60.664,
            496.36
          ],
          [
            -58.629,
            492.106
          ],
          [
            -55.48,
            489.152
          ],
          [
            -50.661,
            488.607
          ],
          [
            -47.504,
            487.497
          ],
          [
            -42.686,
            483.243
          ],
          [
            -42.32,
            479.0
          ],
          [
            -43.99,
            474.202
          ],
          [
            -47.878,
            470.692
          ],
          [
            -52.007,
            469.07
          ],
          [
            -66.23,
            463.494
          ]
        ]
      },
      "properties": {
        "osm_id": 163392773,
        "name": null,
        "highway": "service",
        "lanes": null,
        "width_m": 6.0,
        "surface": "asphalt",
        "maxspeed": null
      }
    },
    {
      "type": "Feature",
      "id": 163392777,
      "geometry": {
        "type": "LineString",
        "coordinates": [
          [
            -123.314,
            494.504
          ],
          [
            -119.609,
            504.479
          ],
          [
            -118.861,
            509.188
          ],
          [
            -118.454,
            513.897
          ],
          [
            -118.844,
            518.973
          ],
          [
            -120.407,
            530.047
          ]
        ]
      },
      "properties": {
        "osm_id": 163392777,
        "name": null,
        "highway": "service",
        "lanes": null,
        "width_m": 6.0,
        "surface": "asphalt",
        "maxspeed": null
      }
    },
    {
      "type": "Feature",
      "id": 163592566,
      "geometry": {
        "type": "LineString",
        "coordinates": [
          [
            374.431,
            -380.813
          ],
          [
            458.283,
            -347.953
          ],
          [
            464.563,
            -345.498
          ],
          [
            505.799,
            -329.34
          ],
          [
            520.619,
            -323.71
          ],
          [
            530.97,
            -319.535
          ],
          [
            606.275,
            -290.774
          ]
        ]
      },
      "properties": {
        "osm_id": 163592566,
        "name": "Viale Asia",
        "highway": "residential",
        "lanes": "1",
        "width_m": 3.25,
        "surface": null,
        "maxspeed": null
      }
    },
    {
      "type": "Feature",
      "id": 171457672,
      "geometry": {
        "type": "LineString",
        "coordinates": [
          [
            -267.743,
            424.96
          ],
          [
            -262.509,
            409.854
          ],
          [
            -260.797,
            405.056
          ],
          [
            -260.44,
            400.014
          ],
          [
            -260.606,
            392.805
          ]
        ]
      },
      "properties": {
        "osm_id": 171457672,
        "name": "Piazza Pakistan",
        "highway": "service",
        "lanes": null,
        "width_m": 6.0,
        "surface": null,
        "maxspeed": "50"
      }
    },
    {
      "type": "Feature",
      "id": 171457673,
      "geometry": {
        "type": "LineString",
        "coordinates": [
          [
            374.431,
            -380.813
          ],
          [
            380.054,
            -394.275
          ],
          [
            382.338,
            -403.128
          ],
          [
            384.149,
            -410.681
          ],
          [
            385.344,
            -417.323
          ],
          [
            386.1,
            -423.642
          ],
          [
            388.384,
            -436.027
          ],
          [
            391.672,
            -450.822
          ],
          [
            397.843,
            -478.212
          ],
          [
            401.107,
            -491.54
          ],
          [
            404.287,
            -504.191
          ],
          [
            413.929,
            -540.079
          ]
        ]
      },
      "properties": {
        "osm_id": 171457673,
        "name": "Via Cristoforo Colombo",
        "highway": "residential",
        "lanes": "1",
        "width_m": 3.25,
        "surface": "asphalt",
        "maxspeed": "50"
      }
    },
    {
      "type": "Feature",
      "id": 171457674,
      "geometry": {
        "type": "LineString",
        "coordinates": [
          [
            325.063,
            -399.304
          ],
          [
            322.895,
            -393.428
          ],
          [
            276.614,
            -274.515
          ],
          [
            275.11,
            -270.55
          ],
          [
            271.672,
            -261.919
          ]
        ]
      },
      "properties": {
        "osm_id": 171457674,
        "name": "Via Cristoforo Colombo",
        "highway": "primary",
        "lanes": "3",
        "width_m": 9.75,
        "surface": "asphalt",
        "maxspeed": "50"
      }
    },
    {
      "type": "Feature",
      "id": 171457677,
      "geometry": {
        "type": "LineString",
        "coordinates": [
          [
            341.511,
            -392.985
          ],
          [
            343.371,
            -398.439
          ],
          [
            366.984,
            -457.54
          ],
          [
            378.238,
            -486.23
          ],
          [
            381.378,
            -493.55
          ],
          [
            383.596,
            -498.137
          ],
          [
            386.121,
            -502.658
          ],
          [
            388.089,
            -505.923
          ],
          [
            390.922,
            -510.144
          ],
          [
            393.513,
            -513.898
          ],
          [
            396.412,
            -517.997
          ],
          [
            402.758,
            -526.394
          ]
        ]
      },
      "properties": {
        "osm_id": 171457677,
        "name": "Via Cristoforo Colombo",
        "highway": "primary",
        "lanes": "3",
        "width_m": 9.75,
        "surface": "asphalt",
        "maxspeed": "50"
      }
    },
    {
      "type": "Feature",
      "id": 171457680,
      "geometry": {
        "type": "LineString",
        "coordinates": [
          [
            240.088,
            -274.08
          ],
          [
            234.315,
            -257.819
          ],
          [
            221.025,
            -221.966
          ],
          [
            194.121,
            -154.901
          ]
        ]
      },
      "properties": {
        "osm_id": 171457680,
        "name": "Via Cristoforo Colombo",
        "highway": "residential",
        "lanes": "2",
        "width_m": 6.5,
        "surface": "asphalt",
        "maxspeed": "50"
      }
    },
    {
      "type": "Feature",
      "id": 171457687,
      "geometry": {
        "type": "LineString",
        "coordinates": [
          [
            258.468,
            304.782
          ],
          [
            260.818,
            299.24
          ],
          [
            261.591,
            297.241
          ],
          [
            262.397,
            295.574
          ],
          [
            263.634,
            293.164
          ],
          [
            264.689,
            291.087
          ],
          [
            266.201,
            288.932
          ],
          [
            268.212,
            287.277
          ],
          [
            270.264,
            286.044
          ],
          [
            272.382,
            285.245
          ],
          [
            274.243,
            284.845
          ],
          [
            276.386,
            284.8
          ],
          [
            281.412,
            285.677
          ],
          [
            286.04,
            286.855
          ],
          [
            297.679,
            290.364
          ],
          [
            312.508,
            294.817
          ],
          [
            318.158,
            296.594
          ],
          [
            322.527,
            297.838
          ],
          [
            325.211,
            298.16
          ],
          [
            328.16,
            297.993
          ],
          [
            332.222,
            297.282
          ],
          [
            336.451,
            296.371
          ]
        ]
      },
      "properties": {
        "osm_id": 171457687,
        "name": "Via delle Ande",
        "highway": "residential",
        "lanes": null,
        "width_m": 6.0,
        "surface": null,
        "maxspeed": null
      }
    },
    {
      "type": "Feature",
      "id": 171457696,
      "geometry": {
        "type": "LineString",
        "coordinates": [
          [
            341.511,
            -392.985
          ],
          [
            349.61,
            -389.709
          ],
          [
            374.431,
            -380.813
          ]
        ]
      },
      "properties": {
        "osm_id": 171457696,
        "name": "Viale Asia",
        "highway": "residential",
        "lanes": "2",
        "width_m": 6.5,
        "surface": "asphalt",
        "maxspeed": null
      }
    },
    {
      "type": "Feature",
      "id": 171457697,
      "geometry": {
        "type": "LineString",
        "coordinates": [
          [
            293.33,
            -411.254
          ],
          [
            317.686,
            -402.014
          ],
          [
            325.063,
            -399.304
          ]
        ]
      },
      "properties": {
        "osm_id": 171457697,
        "name": "Viale Asia",
        "highway": "residential",
        "lanes": "2",
        "width_m": 6.5,
        "surface": "asphalt",
        "maxspeed": null
      }
    },
    {
      "type": "Feature",
      "id": 171457699,
      "geometry": {
        "type": "LineString",
        "coordinates": [
          [
            293.33,
            -411.254
          ],
          [
            286.568,
            -413.708
          ],
          [
            252.352,
            -427.646
          ],
          [
            202.71,
            -447.004
          ],
          [
            195.874,
            -449.725
          ],
          [
            116.926,
            -479.946
          ]
        ]
      },
      "properties": {
        "osm_id": 171457699,
        "name": "Viale Asia",
        "highway": "residential",
        "lanes": "2",
        "width_m": 6.5,
        "surface": "asphalt",
        "maxspeed": null
      }
    },
    {
      "type": "Feature",
      "id": 171457702,
      "geometry": {
        "type": "LineString",
        "coordinates": [
          [
            240.088,
            -274.08
          ],
          [
            259.194,
            -266.606
          ]
        ]
      },
      "properties": {
        "osm_id": 171457702,
        "name": "Viale Europa",
        "highway": "tertiary",
        "lanes": "4",
        "width_m": 13.0,
        "surface": "asphalt",
        "maxspeed": "50"
      }
    },
    {
      "type": "Feature",
      "id": 171457704,
      "geometry": {
        "type": "LineString",
        "coordinates": [
          [
            -241.195,
            -447.161
          ],
          [
            -243.796,
            -440.552
          ],
          [
            -246.836,
            -432.344
          ]
        ]
      },
      "properties": {
        "osm_id": 171457704,
        "name": "Viale Pasteur",
        "highway": "residential",
        "lanes": "2",
        "width_m": 6.5,
        "surface": "asphalt",
        "maxspeed": null
      }
    },
    {
      "type": "Feature",
      "id": 171457729,
      "geometry": {
        "type": "LineString",
        "coordinates": [
          [
            325.063,
            -399.304
          ],
          [
            341.511,
            -392.985
          ]
        ]
      },
      "properties": {
        "osm_id": 171457729,
        "name": "Viale Asia",
        "highway": "residential",
        "lanes": "2",
        "width_m": 6.5,
        "surface": "asphalt",
        "maxspeed": "50"
      }
    },
    {
      "type": "Feature",
      "id": 171457733,
      "geometry": {
        "type": "LineString",
        "coordinates": [
          [
            -280.112,
            -475.718
          ],
          [
            -276.864,
            -464.289
          ],
          [
            -276.449,
            -463.278
          ],
          [
            -275.826,
            -462.212
          ],
          [
            -275.078,
            -461.19
          ],
          [
            -273.774,
            -460.002
          ],
          [
            -272.212,
            -458.98
          ],
          [
            -267.876,
            -456.825
          ],
          [
            -263.54,
            -455.036
          ],
          [
            -248.281,
            -449.738
          ],
          [
            -241.195,
            -447.161
          ]
        ]
      },
      "properties": {
        "osm_id": 171457733,
        "name": "Largo Apollinaire",
        "highway": "residential",
        "lanes": null,
        "width_m": 6.0,
        "surface": "asphalt",
        "maxspeed": null
      }
    },
    {
      "type": "Feature",
      "id": 172269937,
      "geometry": {
        "type": "LineString",
        "coordinates": [
          [
            385.555,
            -57.722
          ],
          [
            376.824,
            -61.132
          ],
          [
            367.254,
            -65.019
          ],
          [
            347.25,
            -72.659
          ]
        ]
      },
      "properties": {
        "osm_id": 172269937,
        "name": "Viale America",
        "highway": "tertiary",
        "lanes": "2",
        "width_m": 6.5,
        "surface": "asphalt",
        "maxspeed": "50"
      }
    },
    {
      "type": "Feature",
      "id": 179637309,
      "geometry": {
        "type": "LineString",
        "coordinates": [
          [
            -382.789,
            -675.172
          ],
          [
            -378.952,
            -667.852
          ],
          [
            -377.224,
            -664.42
          ],
          [
            -375.488,
            -660.443
          ],
          [
            -374.425,
            -656.878
          ],
          [
            -373.819,
            -654.556
          ],
          [
            -373.47,
            -652.479
          ],
          [
            -373.03,
            -647.814
          ],
          [
            -372.864,
            -643.894
          ],
          [
            -372.814,
            -641.85
          ],
          [
            -373.039,
            -639.295
          ],
          [
            -373.396,
            -636.963
          ],
          [
            -373.687,
            -635.608
          ],
          [
            -374.277,
            -632.698
          ],
          [
            -374.775,
            -630.754
          ],
          [
            -375.573,
            -628.666
          ],
          [
            -376.304,
            -626.545
          ],
          [
            -377.808,
            -622.746
          ],
          [
            -379.311,
            -618.837
          ],
          [
            -381.081,
            -614.194
          ],
          [
            -387.195,
            -597.256
          ],
          [
            -408.513,
            -543.355
          ],
          [
            -414.761,
            -528.061
          ],
          [
            -420.892,
            -512.323
          ],
          [
            -434.143,
            -479.402
          ],
          [
            -467.035,
            -392.414
          ]
        ]
      },
      "properties": {
        "osm_id": 179637309,
        "name": "Via del Giordano",
        "highway": "residential",
        "lanes": "1",
        "width_m": 6.5,
        "surface": "asphalt",
        "maxspeed": null
      }
    },
    {
      "type": "Feature",
      "id": 182092038,
      "geometry": {
        "type": "LineString",
        "coordinates": [
          [
            311.874,
            46.398
          ],
          [
            312.522,
            40.867
          ],
          [
            313.236,
            35.18
          ],
          [
            313.294,
            29.071
          ],
          [
            313.119,
            22.018
          ],
          [
            312.072,
            15.065
          ],
          [
            310.377,
            7.257
          ],
          [
            307.652,
            -1.617
          ],
          [
            304.254,
            -9.825
          ],
          [
            301.92,
            -15.034
          ],
          [
            299.278,
            -20.51
          ],
          [
            296.328,
            -25.841
          ],
          [
            262.807,
            -79.553
          ]
        ]
      },
      "properties": {
        "osm_id": 182092038,
        "name": "Via Cristoforo Colombo",
        "highway": "primary",
        "lanes": "3",
        "width_m": 9.75,
        "surface": "asphalt",
        "maxspeed": "50"
      }
    },
    {
      "type": "Feature",
      "id": 182092101,
      "geometry": {
        "type": "LineString",
        "coordinates": [
          [
            -66.232,
            -195.883
          ],
          [
            -69.372,
            -196.328
          ],
          [
            -72.487,
            -195.695
          ],
          [
            -75.204,
            -194.062
          ],
          [
            -77.223,
            -191.607
          ],
          [
            -78.302,
            -188.631
          ],
          [
            -78.319,
            -185.465
          ],
          [
            -77.272,
            -182.477
          ],
          [
            -75.287,
            -180.011
          ],
          [
            -72.587,
            -178.345
          ],
          [
            -46.935,
            -167.971
          ],
          [
            -29.93,
            -161.096
          ],
          [
            -25.445,
            -156.164
          ],
          [
            15.36,
            -140.404
          ],
          [
            19.929,
            -141.947
          ],
          [
            30.147,
            -137.971
          ],
          [
            39.608,
            -134.284
          ],
          [
            42.815,
            -133.739
          ],
          [
            46.022,
            -134.328
          ],
          [
            48.829,
            -135.961
          ],
          [
            50.914,
            -138.46
          ],
          [
            52.019,
            -141.514
          ],
          [
            52.019,
            -144.758
          ],
          [
            50.906,
            -147.801
          ],
          [
            48.821,
            -150.289
          ],
          [
            46.005,
            -151.922
          ],
          [
            36.493,
            -155.62
          ],
          [
            26.317,
            -159.574
          ],
          [
            24.008,
            -163.795
          ],
          [
            -16.714,
            -179.778
          ],
          [
            -23.36,
            -179.178
          ],
          [
            -40.339,
            -185.787
          ],
          [
            -66.232,
            -195.883
          ]
        ]
      },
      "properties": {
        "osm_id": 182092101,
        "name": "Piazza Umberto Elia Terracini",
        "highway": "service",
        "lanes": null,
        "width_m": 6.0,
        "surface": "asphalt",
        "maxspeed": null
      }
    },
    {
      "type": "Feature",
      "id": 182092102,
      "geometry": {
        "type": "LineString",
        "coordinates": [
          [
            -349.903,
            -10.449
          ],
          [
            -350.01,
            -17.691
          ],
          [
            -349.96,
            -28.231
          ]
        ]
      },
      "properties": {
        "osm_id": 182092102,
        "name": null,
        "highway": "service",
        "lanes": null,
        "width_m": 6.0,
        "surface": null,
        "maxspeed": null
      }
    },
    {
      "type": "Feature",
      "id": 182092105,
      "geometry": {
        "type": "LineString",
        "coordinates": [
          [
            -21.457,
            -161.574
          ],
          [
            6.97,
            -150.589
          ],
          [
            17.063,
            -146.69
          ],
          [
            19.929,
            -141.947
          ]
        ]
      },
      "properties": {
        "osm_id": 182092105,
        "name": "Piazza Umberto Elia Terracini",
        "highway": "service",
        "lanes": null,
        "width_m": 6.0,
        "surface": "asphalt",
        "maxspeed": null
      }
    },
    {
      "type": "Feature",
      "id": 182092116,
      "geometry": {
        "type": "LineString",
        "coordinates": [
          [
            26.317,
            -159.574
          ],
          [
            22.595,
            -158.852
          ],
          [
            10.691,
            -163.462
          ],
          [
            -16.423,
            -173.98
          ]
        ]
      },
      "properties": {
        "osm_id": 182092116,
        "name": "Piazza Umberto Elia Terracini",
        "highway": "service",
        "lanes": null,
        "width_m": 6.0,
        "surface": "asphalt",
        "maxspeed": null
      }
    },
    {
      "type": "Feature",
      "id": 183798637,
      "geometry": {
        "type": "LineString",
        "coordinates": [
          [
            -451.187,
            146.232
          ],
          [
            -460.425,
            148.619
          ],
          [
            -462.452,
            149.13
          ],
          [
            -465.268,
            150.185
          ],
          [
            -471.017,
            148.274
          ],
          [
            -482.738,
            144.175
          ],
          [
            -488.852,
            141.808
          ],
          [
            -497.843,
            166.91
          ],
          [
            -477.88,
            174.619
          ],
          [
            -472.015,
            173.009
          ],
          [
            -470.943,
            169.921
          ],
          [
            -465.775,
            154.983
          ],
          [
            -465.268,
            150.185
          ]
        ]
      },
      "properties": {
        "osm_id": 183798637,
        "name": null,
        "highway": "service",
        "lanes": null,
        "width_m": 6.0,
        "surface": null,
        "maxspeed": null
      }
    },
    {
      "type": "Feature",
      "id": 183798638,
      "geometry": {
        "type": "LineString",
        "coordinates": [
          [
            -442.494,
            99.205
          ],
          [
            -452.214,
            95.628
          ],
          [
            -453.451,
            95.195
          ],
          [
            -455.005,
            94.373
          ],
          [
            -456.11,
            92.995
          ],
          [
            -456.325,
            91.263
          ],
          [
            -457.031,
            89.152
          ],
          [
            -458.884,
            87.486
          ],
          [
            -472.997,
            78.522
          ],
          [
            -476.744,
            77.311
          ],
          [
            -479.893,
            77.755
          ],
          [
            -481.371,
            79.132
          ],
          [
            -484.811,
            88.495
          ]
        ]
      },
      "properties": {
        "osm_id": 183798638,
        "name": null,
        "highway": "service",
        "lanes": null,
        "width_m": 6.0,
        "surface": null,
        "maxspeed": null
      }
    },
    {
      "type": "Feature",
      "id": 183798660,
      "geometry": {
        "type": "LineString",
        "coordinates": [
          [
            -479.907,
            -80.842
          ],
          [
            -474.05,
            -78.742
          ],
          [
            -455.875,
            -73.387
          ],
          [
            -448.356,
            -75.108
          ]
        ]
      },
      "properties": {
        "osm_id": 183798660,
        "name": null,
        "highway": "service",
        "lanes": null,
        "width_m": 6.0,
        "surface": null,
        "maxspeed": null
      }
    },
    {
      "type": "Feature",
      "id": 183798663,
      "geometry": {
        "type": "LineString",
        "coordinates": [
          [
            -423.425,
            33.275
          ],
          [
            -433.177,
            32.508
          ],
          [
            -435.038,
            32.019
          ],
          [
            -456.845,
            25.076
          ]
        ]
      },
      "properties": {
        "osm_id": 183798663,
        "name": null,
        "highway": "service",
        "lanes": null,
        "width_m": 6.0,
        "surface": null,
        "maxspeed": null
      }
    },
    {
      "type": "Feature",
      "id": 183798672,
      "geometry": {
        "type": "LineString",
        "coordinates": [
          [
            -523.993,
            31.791
          ],
          [
            -518.153,
            34.28
          ],
          [
            -515.404,
            35.457
          ],
          [
            -513.975,
            36.168
          ],
          [
            -482.765,
            48.466
          ],
          [
            -492.03,
            76.766
          ]
        ]
      },
      "properties": {
        "osm_id": 183798672,
        "name": null,
        "highway": "service",
        "lanes": null,
        "width_m": 6.0,
        "surface": null,
        "maxspeed": null
      }
    },
    {
      "type": "Feature",
      "id": 183798678,
      "geometry": {
        "type": "LineString",
        "coordinates": [
          [
            -497.438,
            -36.126
          ],
          [
            -492.662,
            -34.26
          ],
          [
            -489.048,
            -32.838
          ],
          [
            -487.644,
            -32.294
          ],
          [
            -460.497,
            -22.651
          ],
          [
            -458.669,
            -27.771
          ]
        ]
      },
      "properties": {
        "osm_id": 183798678,
        "name": null,
        "highway": "service",
        "lanes": null,
        "width_m": 6.0,
        "surface": null,
        "maxspeed": null
      }
    },
    {
      "type": "Feature",
      "id": 183798683,
      "geometry": {
        "type": "LineString",
        "coordinates": [
          [
            -424.838,
            47.37
          ],
          [
            -434.424,
            45.57
          ],
          [
            -436.269,
            45.125
          ],
          [
            -442.208,
            43.37
          ],
          [
            -445.381,
            41.349
          ],
          [
            -447.94,
            38.272
          ],
          [
            -450.673,
            36.161
          ],
          [
            -455.258,
            34.662
          ]
        ]
      },
      "properties": {
        "osm_id": 183798683,
        "name": null,
        "highway": "service",
        "lanes": null,
        "width_m": 6.0,
        "surface": null,
        "maxspeed": null
      }
    },
    {
      "type": "Feature",
      "id": 183798684,
      "geometry": {
        "type": "LineString",
        "coordinates": [
          [
            -507.567,
            -10.214
          ],
          [
            -502.308,
            -8.315
          ],
          [
            -498.969,
            -7.115
          ],
          [
            -497.606,
            -6.626
          ],
          [
            -485.071,
            -1.727
          ],
          [
            -482.596,
            0.117
          ],
          [
            -480.743,
            2.749
          ],
          [
            -480.303,
            4.949
          ],
          [
            -489.833,
            31.749
          ]
        ]
      },
      "properties": {
        "osm_id": 183798684,
        "name": null,
        "highway": "service",
        "lanes": null,
        "width_m": 6.0,
        "surface": null,
        "maxspeed": null
      }
    },
    {
      "type": "Feature",
      "id": 184424091,
      "geometry": {
        "type": "LineString",
        "coordinates": [
          [
            -270.252,
            197.066
          ],
          [
            -263.058,
            194.69
          ],
          [
            -256.594,
            190.658
          ],
          [
            -250.164,
            187.015
          ],
          [
            -220.381,
            170.933
          ],
          [
            -218.512,
            169.8
          ],
          [
            -216.576,
            168.545
          ],
          [
            -214.699,
            167.146
          ],
          [
            -212.813,
            165.336
          ],
          [
            -210.985,
            163.036
          ],
          [
            -209.83,
            160.715
          ],
          [
            -208.892,
            158.66
          ],
          [
            -208.725,
            155.739
          ],
          [
            -209.19,
            153.251
          ],
          [
            -209.896,
            150.119
          ],
          [
            -210.42,
            146.754
          ],
          [
            -211.009,
            141.767
          ],
          [
            -211.134,
            137.413
          ],
          [
            -210.561,
            133.958
          ],
          [
            -209.805,
            130.504
          ],
          [
            -208.483,
            126.417
          ],
          [
            -206.714,
            119.864
          ],
          [
            -205.983,
            116.798
          ],
          [
            -205.185,
            113.822
          ],
          [
            -204.67,
            109.979
          ],
          [
            -205.276,
            106.613
          ],
          [
            -206.888,
            103.37
          ],
          [
            -208.582,
            101.171
          ],
          [
            -210.543,
            99.227
          ],
          [
            -212.653,
            97.694
          ],
          [
            -214.29,
            96.728
          ],
          [
            -216.175,
            95.772
          ],
          [
            -222.024,
            94.039
          ],
          [
            -226.775,
            92.929
          ],
          [
            -231.353,
            91.618
          ],
          [
            -235.448,
            89.918
          ],
          [
            -238.763,
            88.208
          ],
          [
            -240.823,
            87.064
          ],
          [
            -242.759,
            85.531
          ],
          [
            -245.591,
            83.054
          ],
          [
            -247.053,
            81.721
          ],
          [
            -249.687,
            79.033
          ],
          [
            -251.523,
            76.845
          ],
          [
            -253.383,
            73.801
          ],
          [
            -255.335,
            70.403
          ],
          [
            -256.382,
            67.981
          ],
          [
            -257.611,
            65.116
          ],
          [
            -258.5,
            62.583
          ],
          [
            -259.331,
            59.784
          ],
          [
            -259.821,
            57.318
          ],
          [
            -260.203,
            55.075
          ],
          [
            -260.477,
            52.609
          ],
          [
            -260.643,
            50.077
          ],
          [
            -260.867,
            39.758
          ],
          [
            -261.141,
            37.248
          ],
          [
            -261.723,
            35.127
          ],
          [
            -262.537,
            33.005
          ],
          [
            -263.334,
            31.794
          ],
          [
            -264.464,
            30.473
          ],
          [
            -266.05,
            28.84
          ],
          [
            -267.504,
            27.707
          ],
          [
            -269.415,
            26.407
          ],
          [
            -271.649,
            25.563
          ],
          [
            -289.037,
            22.63
          ],
          [
            -293.473,
            21.93
          ],
          [
            -297.427,
            21.353
          ],
          [
            -300.974,
            20.853
          ],
          [
            -304.679,
            20.264
          ],
          [
            -308.642,
            19.986
          ],
          [
            -312.754,
            20.175
          ],
          [
            -315.877,
            20.397
          ],
          [
            -318.885,
            20.652
          ],
          [
            -321.867,
            21.218
          ],
          [
            -324.509,
            21.84
          ],
          [
            -327.433,
            22.806
          ],
          [
            -329.942,
            23.75
          ],
          [
            -332.201,
            25.005
          ],
          [
            -334.237,
            26.36
          ],
          [
            -336.372,
            27.771
          ],
          [
            -338.283,
            29.303
          ],
          [
            -340.949,
            31.58
          ],
          [
            -343.791,
            34.679
          ],
          [
            -345.56,
            36.667
          ],
          [
            -347.355,
            39.299
          ],
          [
            -348.717,
            41.843
          ],
          [
            -349.656,
            44.297
          ],
          [
            -350.853,
            47.696
          ],
          [
            -351.7,
            51.794
          ],
          [
            -352.066,
            56.326
          ],
          [
            -351.941,
            60.291
          ],
          [
            -351.518,
            64.445
          ],
          [
            -350.903,
            68.833
          ],
          [
            -350.555,
            72.853
          ],
          [
            -350.223,
            77.107
          ],
          [
            -350.339,
            81.928
          ],
          [
            -350.489,
            84.827
          ],
          [
            -350.655,
            87.881
          ],
          [
            -351.062,
            92.579
          ],
          [
            -351.727,
            96.622
          ],
          [
            -352.143,
            99.543
          ],
          [
            -352.724,
            102.631
          ],
          [
            -354.42,
            111.15
          ],
          [
            -356.032,
            118.792
          ],
          [
            -356.754,
            122.19
          ],
          [
            -357.793,
            126.322
          ]
        ]
      },
      "properties": {
        "osm_id": 184424091,
        "name": "Via Groenlandia",
        "highway": "residential",
        "lanes": null,
        "width_m": 6.0,
        "surface": null,
        "maxspeed": null
      }
    },
    {
      "type": "Feature",
      "id": 185140327,
      "geometry": {
        "type": "LineString",
        "coordinates": [
          [
            242.718,
            -117.938
          ],
          [
            241.954,
            -120.226
          ],
          [
            241.206,
            -122.87
          ],
          [
            240.957,
            -125.391
          ],
          [
            240.965,
            -127.623
          ],
          [
            241.198,
            -130.3
          ],
          [
            241.696,
            -133.044
          ],
          [
            242.801,
            -136.965
          ],
          [
            244.836,
            -142.962
          ],
          [
            265.328,
            -196.11
          ],
          [
            272.836,
            -215.003
          ],
          [
            283.36,
            -242.705
          ],
          [
            284.615,
            -246.126
          ],
          [
            288.17,
            -255.445
          ]
        ]
      },
      "properties": {
        "osm_id": 185140327,
        "name": "Via Cristoforo Colombo",
        "highway": "primary",
        "lanes": "3",
        "width_m": 9.75,
        "surface": "asphalt",
        "maxspeed": "50"
      }
    },
    {
      "type": "Feature",
      "id": 185168209,
      "geometry": {
        "type": "LineString",
        "coordinates": [
          [
            488.651,
            350.409
          ],
          [
            486.956,
            350.331
          ],
          [
            483.433,
            350.143
          ],
          [
            479.579,
            349.843
          ],
          [
            475.848,
            349.432
          ],
          [
            471.778,
            348.911
          ],
          [
            463.295,
            347.767
          ],
          [
            461.409,
            347.656
          ],
          [
            459.316,
            347.656
          ],
          [
            457.189,
            347.867
          ],
          [
            454.954,
            348.323
          ],
          [
            452.836,
            348.99
          ],
          [
            450.452,
            350.311
          ],
          [
            448.176,
            351.844
          ],
          [
            446.714,
            353.0
          ],
          [
            445.7,
            353.955
          ],
          [
            444.595,
            355.199
          ],
          [
            443.482,
            356.665
          ],
          [
            442.386,
            358.531
          ],
          [
            441.397,
            360.619
          ],
          [
            440.467,
            363.107
          ],
          [
            439.644,
            365.606
          ],
          [
            439.304,
            367.95
          ],
          [
            439.296,
            370.394
          ],
          [
            439.728,
            373.592
          ],
          [
            440.6,
            376.458
          ],
          [
            441.922,
            379.834
          ],
          [
            443.359,
            382.755
          ],
          [
            444.954,
            385.632
          ],
          [
            446.55,
            388.175
          ],
          [
            448.793,
            391.263
          ],
          [
            451.036,
            394.017
          ],
          [
            454.251,
            397.616
          ],
          [
            460.757,
            404.735
          ],
          [
            464.653,
            409.122
          ],
          [
            466.972,
            411.932
          ],
          [
            469.19,
            414.731
          ],
          [
            471.284,
            417.485
          ],
          [
            473.161,
            420.128
          ],
          [
            475.355,
            423.494
          ],
          [
            477.324,
            426.748
          ],
          [
            479.061,
            429.891
          ],
          [
            480.581,
            432.812
          ],
          [
            482.201,
            436.644
          ],
          [
            483.606,
            440.254
          ],
          [
            484.669,
            443.208
          ],
          [
            485.625,
            447.551
          ],
          [
            486.132,
            451.116
          ],
          [
            486.265,
            454.304
          ],
          [
            486.182,
            457.158
          ],
          [
            486.033,
            459.968
          ],
          [
            485.775,
            462.767
          ],
          [
            485.286,
            466.122
          ],
          [
            484.679,
            469.465
          ],
          [
            483.251,
            475.84
          ],
          [
            481.548,
            482.538
          ],
          [
            479.098,
            491.346
          ],
          [
            474.247,
            507.863
          ],
          [
            465.335,
            539.618
          ],
          [
            446.065,
            604.54
          ],
          [
            444.104,
            610.349
          ],
          [
            442.028,
            615.936
          ],
          [
            439.943,
            621.067
          ],
          [
            437.741,
            625.977
          ],
          [
            434.219,
            633.119
          ]
        ]
      },
      "properties": {
        "osm_id": 185168209,
        "name": "Via del Caucaso",
        "highway": "residential",
        "lanes": "2",
        "width_m": 6.5,
        "surface": "asphalt",
        "maxspeed": null
      }
    },
    {
      "type": "Feature",
      "id": 185168213,
      "geometry": {
        "type": "LineString",
        "coordinates": [
          [
            502.782,
            350.252
          ],
          [
            496.659,
            350.519
          ],
          [
            493.502,
            350.531
          ],
          [
            488.651,
            350.409
          ]
        ]
      },
      "properties": {
        "osm_id": 185168213,
        "name": "Largo Sri Lanka",
        "highway": "residential",
        "lanes": "2",
        "width_m": 6.5,
        "surface": "asphalt",
        "maxspeed": null
      }
    },
    {
      "type": "Feature",
      "id": 185168235,
      "geometry": {
        "type": "LineString",
        "coordinates": [
          [
            491.714,
            325.029
          ],
          [
            438.345,
            304.107
          ],
          [
            411.618,
            293.579
          ],
          [
            396.0,
            287.616
          ],
          [
            356.039,
            272.435
          ],
          [
            281.145,
            243.815
          ],
          [
            255.79,
            233.231
          ],
          [
            247.898,
            229.899
          ],
          [
            241.7,
            227.201
          ]
        ]
      },
      "properties": {
        "osm_id": 185168235,
        "name": "Viale Africa",
        "highway": "residential",
        "lanes": "2",
        "width_m": 6.5,
        "surface": "asphalt",
        "maxspeed": "50"
      }
    },
    {
      "type": "Feature",
      "id": 189465641,
      "geometry": {
        "type": "LineString",
        "coordinates": [
          [
            336.451,
            296.371
          ],
          [
            338.993,
            295.682
          ],
          [
            341.502,
            295.127
          ],
          [
            343.662,
            294.76
          ],
          [
            346.163,
            294.516
          ],
          [
            349.519,
            294.371
          ],
          [
            352.692,
            294.238
          ],
          [
            355.916,
            294.504
          ],
          [
            359.388,
            294.871
          ],
          [
            363.758,
            295.67
          ],
          [
            368.942,
            296.625
          ],
          [
            373.246,
            297.78
          ],
          [
            376.627,
            298.624
          ],
          [
            379.958,
            299.323
          ],
          [
            382.043,
            299.534
          ],
          [
            383.431,
            299.468
          ],
          [
            384.669,
            299.112
          ],
          [
            387.061,
            298.279
          ],
          [
            388.764,
            297.235
          ],
          [
            390.185,
            296.035
          ],
          [
            391.564,
            294.258
          ],
          [
            396.0,
            287.616
          ]
        ]
      },
      "properties": {
        "osm_id": 189465641,
        "name": "Largo Togo",
        "highway": "residential",
        "lanes": null,
        "width_m": 6.0,
        "surface": "asphalt",
        "maxspeed": null
      }
    },
    {
      "type": "Feature",
      "id": 190022901,
      "geometry": {
        "type": "LineString",
        "coordinates": [
          [
            -437.68,
            172.456
          ],
          [
            -430.569,
            168.413
          ]
        ]
      },
      "properties": {
        "osm_id": 190022901,
        "name": "Largo del Ciclismo",
        "highway": "residential",
        "lanes": null,
        "width_m": 6.0,
        "surface": "asphalt",
        "maxspeed": null
      }
    },
    {
      "type": "Feature",
      "id": 190022902,
      "geometry": {
        "type": "LineString",
        "coordinates": [
          [
            -446.842,
            156.55
          ],
          [
            -437.68,
            172.456
          ],
          [
            -433.344,
            179.776
          ]
        ]
      },
      "properties": {
        "osm_id": 190022902,
        "name": "Largo del Ciclismo",
        "highway": "tertiary",
        "lanes": "4",
        "width_m": 13.0,
        "surface": "asphalt",
        "maxspeed": "50"
      }
    },
    {
      "type": "Feature",
      "id": 190022903,
      "geometry": {
        "type": "LineString",
        "coordinates": [
          [
            -458.757,
            183.717
          ],
          [
            -455.617,
            182.362
          ],
          [
            -452.792,
            180.896
          ],
          [
            -449.477,
            179.242
          ],
          [
            -446.536,
            177.565
          ],
          [
            -442.881,
            175.399
          ],
          [
            -437.68,
            172.456
          ]
        ]
      },
      "properties": {
        "osm_id": 190022903,
        "name": "Largo del Ciclismo",
        "highway": "residential",
        "lanes": null,
        "width_m": 6.0,
        "surface": "asphalt",
        "maxspeed": null
      }
    },
    {
      "type": "Feature",
      "id": 190022908,
      "geometry": {
        "type": "LineString",
        "coordinates": [
          [
            -270.252,
            197.066
          ],
          [
            -267.104,
            201.531
          ],
          [
            -263.316,
            206.152
          ],
          [
            -239.656,
            228.889
          ]
        ]
      },
      "properties": {
        "osm_id": 190022908,
        "name": "Largo dell'Artide",
        "highway": "residential",
        "lanes": null,
        "width_m": 6.0,
        "surface": null,
        "maxspeed": null
      }
    },
    {
      "type": "Feature",
      "id": 190022909,
      "geometry": {
        "type": "LineString",
        "coordinates": [
          [
            -270.252,
            197.066
          ],
          [
            -285.09,
            212.316
          ],
          [
            -286.743,
            214.37
          ],
          [
            -287.466,
            216.481
          ],
          [
            -287.333,
            218.113
          ],
          [
            -286.369,
            219.846
          ],
          [
            -284.783,
            221.346
          ],
          [
            -282.739,
            223.056
          ],
          [
            -280.729,
            224.8
          ],
          [
            -278.195,
            227.099
          ],
          [
            -271.142,
            234.341
          ],
          [
            -264.987,
            240.861
          ],
          [
            -263.417,
            242.416
          ],
          [
            -261.68,
            243.938
          ],
          [
            -259.969,
            244.949
          ],
          [
            -258.05,
            245.538
          ],
          [
            -256.546,
            245.549
          ],
          [
            -255.259,
            245.071
          ],
          [
            -254.345,
            244.594
          ],
          [
            -252.683,
            243.361
          ],
          [
            -239.656,
            228.889
          ]
        ]
      },
      "properties": {
        "osm_id": 190022909,
        "name": "Largo dell'Artide",
        "highway": "residential",
        "lanes": null,
        "width_m": 6.0,
        "surface": null,
        "maxspeed": null
      }
    },
    {
      "type": "Feature",
      "id": 190022925,
      "geometry": {
        "type": "LineString",
        "coordinates": [
          [
            -430.569,
            168.413
          ],
          [
            -426.905,
            167.236
          ],
          [
            -423.939,
            166.115
          ],
          [
            -421.58,
            165.16
          ],
          [
            -419.279,
            164.116
          ],
          [
            -417.385,
            163.116
          ],
          [
            -416.163,
            162.228
          ],
          [
            -414.734,
            160.762
          ],
          [
            -413.272,
            158.929
          ],
          [
            -411.71,
            156.375
          ],
          [
            -410.306,
            153.665
          ],
          [
            -409.06,
            150.377
          ],
          [
            -407.822,
            147.045
          ],
          [
            -406.974,
            144.668
          ],
          [
            -405.886,
            142.313
          ],
          [
            -404.681,
            140.303
          ],
          [
            -403.119,
            137.804
          ],
          [
            -401.308,
            135.972
          ],
          [
            -399.231,
            134.184
          ],
          [
            -396.822,
            132.429
          ],
          [
            -394.089,
            130.663
          ],
          [
            -390.383,
            128.519
          ],
          [
            -386.595,
            127.02
          ],
          [
            -383.505,
            126.099
          ],
          [
            -380.672,
            125.599
          ],
          [
            -377.581,
            125.355
          ],
          [
            -374.989,
            125.355
          ],
          [
            -372.53,
            125.244
          ],
          [
            -369.797,
            125.377
          ],
          [
            -366.881,
            125.577
          ],
          [
            -364.256,
            125.7
          ],
          [
            -361.54,
            125.922
          ],
          [
            -359.671,
            126.044
          ],
          [
            -357.793,
            126.322
          ],
          [
            -354.121,
            127.189
          ],
          [
            -350.64,
            128.133
          ],
          [
            -347.434,
            129.266
          ],
          [
            -343.995,
            130.677
          ],
          [
            -341.17,
            132.254
          ],
          [
            -337.93,
            134.242
          ],
          [
            -335.197,
            135.864
          ],
          [
            -332.946,
            137.508
          ],
          [
            -327.38,
            141.573
          ],
          [
            -321.939,
            146.227
          ],
          [
            -318.791,
            148.604
          ],
          [
            -313.923,
            152.525
          ],
          [
            -309.836,
            156.002
          ],
          [
            -305.74,
            159.468
          ],
          [
            -302.06,
            163.022
          ],
          [
            -298.28,
            166.599
          ],
          [
            -279.141,
            185.815
          ],
          [
            -276.241,
            188.725
          ],
          [
            -273.018,
            192.157
          ],
          [
            -271.39,
            194.556
          ],
          [
            -270.252,
            197.066
          ]
        ]
      },
      "properties": {
        "osm_id": 190022925,
        "name": "Viale dell'Esperanto",
        "highway": "residential",
        "lanes": null,
        "width_m": 6.0,
        "surface": null,
        "maxspeed": null
      }
    },
    {
      "type": "Feature",
      "id": 190022926,
      "geometry": {
        "type": "LineString",
        "coordinates": [
          [
            -239.656,
            228.889
          ],
          [
            -237.114,
            228.078
          ],
          [
            -235.087,
            228.967
          ],
          [
            -232.446,
            231.355
          ],
          [
            -229.156,
            234.398
          ],
          [
            -225.517,
            237.631
          ],
          [
            -222.477,
            239.985
          ],
          [
            -219.469,
            242.062
          ],
          [
            -216.255,
            244.328
          ],
          [
            -211.461,
            247.727
          ],
          [
            -201.625,
            253.881
          ],
          [
            -191.407,
            259.357
          ],
          [
            -186.572,
            261.734
          ],
          [
            -182.676,
            263.567
          ],
          [
            -177.442,
            265.866
          ],
          [
            -171.153,
            268.476
          ],
          [
            -159.581,
            272.775
          ],
          [
            -156.133,
            273.73
          ],
          [
            -153.234,
            274.463
          ],
          [
            -148.648,
            275.185
          ],
          [
            -146.58,
            275.33
          ],
          [
            -143.464,
            275.185
          ],
          [
            -139.85,
            273.753
          ],
          [
            -136.818,
            271.387
          ],
          [
            -133.993,
            268.766
          ],
          [
            -130.479,
            264.567
          ],
          [
            -123.609,
            255.215
          ],
          [
            -121.291,
            251.817
          ],
          [
            -119.197,
            248.096
          ],
          [
            -117.519,
            244.586
          ],
          [
            -116.065,
            240.732
          ],
          [
            -115.035,
            237.511
          ],
          [
            -114.221,
            234.279
          ],
          [
            -113.722,
            230.936
          ],
          [
            -113.44,
            227.592
          ],
          [
            -113.232,
            224.394
          ],
          [
            -113.165,
            220.751
          ],
          [
            -113.323,
            216.996
          ],
          [
            -113.73,
            213.353
          ],
          [
            -114.362,
            209.588
          ],
          [
            -114.76,
            207.822
          ],
          [
            -115.525,
            204.89
          ],
          [
            -116.621,
            202.069
          ],
          [
            -117.252,
            200.058
          ],
          [
            -118.274,
            197.737
          ],
          [
            -120.11,
            194.893
          ],
          [
            -123.209,
            190.562
          ],
          [
            -127.304,
            185.83
          ],
          [
            -130.81,
            182.287
          ],
          [
            -159.636,
            156.973
          ],
          [
            -169.09,
            147.699
          ],
          [
            -172.679,
            143.767
          ],
          [
            -173.85,
            142.367
          ],
          [
            -175.561,
            140.068
          ],
          [
            -176.932,
            137.769
          ],
          [
            -177.58,
            135.448
          ],
          [
            -177.896,
            133.126
          ],
          [
            -177.97,
            131.349
          ],
          [
            -177.945,
            129.294
          ],
          [
            -177.646,
            126.529
          ],
          [
            -177.173,
            123.219
          ],
          [
            -176.475,
            120.231
          ],
          [
            -175.702,
            117.354
          ],
          [
            -174.705,
            114.811
          ],
          [
            -173.617,
            112.801
          ],
          [
            -172.271,
            110.935
          ],
          [
            -170.867,
            109.346
          ],
          [
            -169.131,
            107.758
          ],
          [
            -167.178,
            106.336
          ],
          [
            -164.886,
            105.137
          ],
          [
            -162.385,
            104.237
          ],
          [
            -159.544,
            103.56
          ],
          [
            -157.675,
            103.26
          ],
          [
            -155.764,
            103.016
          ],
          [
            -153.313,
            102.882
          ],
          [
            -151.245,
            102.882
          ],
          [
            -149.176,
            102.849
          ],
          [
            -146.95,
            102.76
          ],
          [
            -144.748,
            102.849
          ],
          [
            -142.057,
            102.894
          ],
          [
            -139.448,
            103.038
          ],
          [
            -136.815,
            103.083
          ],
          [
            -134.19,
            103.305
          ],
          [
            -131.29,
            103.827
          ],
          [
            -128.125,
            104.36
          ],
          [
            -125.766,
            104.993
          ],
          [
            -123.39,
            105.704
          ],
          [
            -120.532,
            106.693
          ],
          [
            -117.243,
            107.759
          ],
          [
            -115.324,
            108.259
          ],
          [
            -113.654,
            108.559
          ],
          [
            -111.27,
            108.503
          ],
          [
            -108.877,
            108.326
          ],
          [
            -107.141,
            108.126
          ],
          [
            -105.081,
            107.626
          ],
          [
            -102.663,
            106.815
          ],
          [
            -101.201,
            106.082
          ],
          [
            -99.531,
            104.972
          ],
          [
            -98.152,
            103.85
          ],
          [
            -91.498,
            96.475
          ]
        ]
      },
      "properties": {
        "osm_id": 190022926,
        "name": "Viale dell'Esperanto",
        "highway": "residential",
        "lanes": null,
        "width_m": 6.0,
        "surface": "asphalt",
        "maxspeed": null
      }
    },
    {
      "type": "Feature",
      "id": 190022927,
      "geometry": {
        "type": "LineString",
        "coordinates": [
          [
            -368.898,
            414.104
          ],
          [
            -360.707,
            412.316
          ],
          [
            -351.294,
            410.517
          ],
          [
            -317.98,
            403.688
          ],
          [
            -284.607,
            397.125
          ],
          [
            -271.007,
            394.449
          ],
          [
            -265.615,
            393.538
          ],
          [
            -260.606,
            392.805
          ],
          [
            -251.334,
            391.773
          ],
          [
            -244.838,
            391.428
          ],
          [
            -238.067,
            391.306
          ],
          [
            -233.182,
            391.384
          ],
          [
            -228.064,
            391.562
          ],
          [
            -223.603,
            391.862
          ],
          [
            -218.485,
            392.373
          ],
          [
            -214.033,
            392.995
          ],
          [
            -209.123,
            393.862
          ],
          [
            -203.847,
            394.928
          ],
          [
            -197.808,
            395.862
          ],
          [
            -192.532,
            397.394
          ],
          [
            -187.465,
            399.094
          ],
          [
            -176.905,
            403.093
          ],
          [
            -149.349,
            413.556
          ],
          [
            -147.405,
            414.3
          ],
          [
            -133.207,
            420.354
          ]
        ]
      },
      "properties": {
        "osm_id": 190022927,
        "name": "Viale dell'Umanesimo",
        "highway": "tertiary",
        "lanes": "4",
        "width_m": 13.0,
        "surface": "asphalt",
        "maxspeed": "50"
      }
    },
    {
      "type": "Feature",
      "id": 190022928,
      "geometry": {
        "type": "LineString",
        "coordinates": [
          [
            -420.633,
            313.771
          ],
          [
            -426.69,
            326.189
          ],
          [
            -428.053,
            329.287
          ],
          [
            -429.441,
            332.864
          ],
          [
            -431.036,
            337.317
          ],
          [
            -432.133,
            341.705
          ],
          [
            -432.781,
            345.537
          ],
          [
            -433.305,
            349.535
          ],
          [
            -433.779,
            355.522
          ],
          [
            -433.887,
            358.21
          ],
          [
            -433.962,
            362.486
          ],
          [
            -433.696,
            366.884
          ],
          [
            -433.007,
            371.871
          ],
          [
            -431.977,
            376.969
          ],
          [
            -431.055,
            380.701
          ],
          [
            -430.133,
            383.978
          ],
          [
            -429.145,
            386.766
          ],
          [
            -428.165,
            389.098
          ],
          [
            -427.018,
            391.275
          ],
          [
            -425.531,
            393.453
          ],
          [
            -423.546,
            396.24
          ],
          [
            -421.22,
            399.017
          ],
          [
            -419.525,
            400.761
          ],
          [
            -418.229,
            401.883
          ],
          [
            -416.402,
            403.238
          ],
          [
            -414.009,
            404.816
          ],
          [
            -411.517,
            406.071
          ],
          [
            -408.46,
            407.559
          ],
          [
            -405.884,
            408.726
          ],
          [
            -402.453,
            410.159
          ],
          [
            -399.737,
            411.103
          ],
          [
            -396.239,
            412.181
          ],
          [
            -391.628,
            413.403
          ],
          [
            -387.358,
            414.391
          ],
          [
            -383.479,
            415.014
          ],
          [
            -379.931,
            415.414
          ],
          [
            -377.489,
            415.525
          ],
          [
            -374.656,
            415.436
          ],
          [
            -368.898,
            414.104
          ]
        ]
      },
      "properties": {
        "osm_id": 190022928,
        "name": "Viale dell'Umanesimo",
        "highway": "tertiary",
        "lanes": "1",
        "width_m": 3.25,
        "surface": "asphalt",
        "maxspeed": "50"
      }
    },
    {
      "type": "Feature",
      "id": 190022929,
      "geometry": {
        "type": "LineString",
        "coordinates": [
          [
            -433.344,
            179.776
          ],
          [
            -431.832,
            182.175
          ],
          [
            -417.03,
            207.7
          ],
          [
            -413.848,
            213.409
          ],
          [
            -411.664,
            217.685
          ],
          [
            -409.961,
            222.05
          ],
          [
            -408.707,
            225.371
          ],
          [
            -407.768,
            228.448
          ],
          [
            -406.771,
            232.358
          ],
          [
            -406.099,
            235.923
          ],
          [
            -405.368,
            240.621
          ],
          [
            -404.936,
            244.82
          ],
          [
            -404.745,
            248.219
          ],
          [
            -404.704,
            252.128
          ],
          [
            -404.721,
            255.183
          ],
          [
            -404.804,
            258.082
          ],
          [
            -405.062,
            262.169
          ],
          [
            -405.361,
            265.812
          ],
          [
            -406.2,
            270.133
          ],
          [
            -407.148,
            274.242
          ],
          [
            -407.821,
            276.519
          ],
          [
            -410.405,
            283.705
          ],
          [
            -417.119,
            303.153
          ],
          [
            -420.633,
            313.771
          ]
        ]
      },
      "properties": {
        "osm_id": 190022929,
        "name": "Viale dell'Umanesimo",
        "highway": "tertiary",
        "lanes": "4",
        "width_m": 13.0,
        "surface": "asphalt",
        "maxspeed": "50"
      }
    },
    {
      "type": "Feature",
      "id": 190296525,
      "geometry": {
        "type": "LineString",
        "coordinates": [
          [
            112.048,
            501.98
          ],
          [
            113.378,
            501.524
          ],
          [
            114.524,
            500.602
          ],
          [
            115.363,
            498.581
          ],
          [
            132.385,
            422.72
          ],
          [
            142.453,
            382.679
          ],
          [
            147.537,
            361.053
          ]
        ]
      },
      "properties": {
        "osm_id": 190296525,
        "name": "Rampa Davide Ancilotto",
        "highway": "service",
        "lanes": null,
        "width_m": 6.0,
        "surface": "asphalt",
        "maxspeed": null
      }
    },
    {
      "type": "Feature",
      "id": 190344613,
      "geometry": {
        "type": "LineString",
        "coordinates": [
          [
            478.895,
            196.778
          ],
          [
            468.919,
            205.475
          ],
          [
            462.564,
            210.862
          ],
          [
            452.379,
            219.493
          ],
          [
            442.593,
            227.78
          ],
          [
            432.7,
            235.544
          ],
          [
            430.822,
            237.199
          ],
          [
            429.119,
            238.943
          ],
          [
            427.641,
            240.809
          ],
          [
            426.569,
            242.931
          ],
          [
            425.73,
            245.152
          ],
          [
            424.991,
            247.984
          ],
          [
            424.692,
            249.761
          ],
          [
            424.152,
            253.904
          ],
          [
            424.069,
            255.681
          ],
          [
            423.903,
            259.624
          ],
          [
            423.92,
            263.201
          ],
          [
            424.294,
            270.476
          ],
          [
            424.619,
            273.231
          ],
          [
            425.375,
            275.996
          ],
          [
            426.571,
            278.428
          ]
        ]
      },
      "properties": {
        "osm_id": 190344613,
        "name": "Piazzale Enrico Mattei",
        "highway": "service",
        "lanes": null,
        "width_m": 6.0,
        "surface": null,
        "maxspeed": null
      }
    },
    {
      "type": "Feature",
      "id": 190344615,
      "geometry": {
        "type": "LineString",
        "coordinates": [
          [
            485.275,
            190.024
          ],
          [
            478.895,
            196.778
          ],
          [
            487.942,
            191.535
          ],
          [
            492.345,
            188.869
          ],
          [
            496.531,
            186.08
          ],
          [
            499.19,
            184.248
          ],
          [
            500.793,
            183.137
          ],
          [
            504.83,
            180.082
          ],
          [
            514.666,
            172.284
          ],
          [
            520.73,
            167.219
          ],
          [
            527.758,
            161.165
          ],
          [
            540.558,
            148.191
          ]
        ]
      },
      "properties": {
        "osm_id": 190344615,
        "name": "Piazzale Enrico Mattei",
        "highway": "service",
        "lanes": null,
        "width_m": 6.0,
        "surface": null,
        "maxspeed": null
      }
    },
    {
      "type": "Feature",
      "id": 191824277,
      "geometry": {
        "type": "LineString",
        "coordinates": [
          [
            285.505,
            -198.221
          ],
          [
            292.343,
            -188.525
          ],
          [
            298.39,
            -186.004
          ]
        ]
      },
      "properties": {
        "osm_id": 191824277,
        "name": "Via Cristoforo Colombo",
        "highway": "residential",
        "lanes": null,
        "width_m": 6.0,
        "surface": "asphalt",
        "maxspeed": null
      }
    },
    {
      "type": "Feature",
      "id": 191824278,
      "geometry": {
        "type": "LineString",
        "coordinates": [
          [
            265.328,
            -196.11
          ],
          [
            267.77,
            -197.976
          ],
          [
            270.154,
            -199.62
          ],
          [
            272.106,
            -200.509
          ],
          [
            274.274,
            -200.742
          ],
          [
            279.798,
            -199.809
          ],
          [
            285.505,
            -198.221
          ],
          [
            272.836,
            -215.003
          ]
        ]
      },
      "properties": {
        "osm_id": 191824278,
        "name": "Via Cristoforo Colombo",
        "highway": "residential",
        "lanes": null,
        "width_m": 6.0,
        "surface": "asphalt",
        "maxspeed": null
      }
    },
    {
      "type": "Feature",
      "id": 195977783,
      "geometry": {
        "type": "LineString",
        "coordinates": [
          [
            496.755,
            -426.548
          ],
          [
            476.224,
            -374.622
          ],
          [
            470.85,
            -361.026
          ],
          [
            469.563,
            -357.75
          ],
          [
            467.536,
            -352.696
          ],
          [
            465.659,
            -348.153
          ],
          [
            464.563,
            -345.498
          ]
        ]
      },
      "properties": {
        "osm_id": 195977783,
        "name": "Viale Lincoln",
        "highway": "residential",
        "lanes": "2",
        "width_m": 6.5,
        "surface": null,
        "maxspeed": null
      }
    },
    {
      "type": "Feature",
      "id": 196031166,
      "geometry": {
        "type": "LineString",
        "coordinates": [
          [
            -456.493,
            -140.529
          ],
          [
            -464.644,
            -120.371
          ]
        ]
      },
      "properties": {
        "osm_id": 196031166,
        "name": "Largo Mustafa Kemal Ataturk",
        "highway": "tertiary",
        "lanes": "2",
        "width_m": 6.5,
        "surface": "asphalt",
        "maxspeed": "50"
      }
    },
    {
      "type": "Feature",
      "id": 196031167,
      "geometry": {
        "type": "LineString",
        "coordinates": [
          [
            -499.045,
            -102.979
          ],
          [
            -509.089,
            -96.527
          ],
          [
            -536.105,
            -79.18
          ],
          [
            -562.64,
            -62.366
          ],
          [
            -593.262,
            -42.953
          ],
          [
            -608.847,
            -32.892
          ],
          [
            -622.845,
            -24.041
          ],
          [
            -645.708,
            -9.537
          ],
          [
            -652.105,
            -5.428
          ],
          [
            -668.937,
            5.289
          ],
          [
            -683.068,
            14.318
          ],
          [
            -715.801,
            35.107
          ],
          [
            -722.946,
            39.46
          ]
        ]
      },
      "properties": {
        "osm_id": 196031167,
        "name": "Viale dei Primati Sportivi",
        "highway": "tertiary",
        "lanes": "4",
        "width_m": 13.0,
        "surface": "asphalt",
        "maxspeed": "50"
      }
    },
    {
      "type": "Feature",
      "id": 196031168,
      "geometry": {
        "type": "LineString",
        "coordinates": [
          [
            -451.346,
            -85.938
          ],
          [
            -448.356,
            -75.108
          ],
          [
            -446.322,
            -67.278
          ],
          [
            -442.011,
            -50.395
          ],
          [
            -439.196,
            -40.454
          ],
          [
            -432.095,
            -15.874
          ],
          [
            -429.088,
            -5.478
          ],
          [
            -427.203,
            1.62
          ],
          [
            -425.459,
            9.306
          ],
          [
            -424.57,
            13.949
          ],
          [
            -424.097,
            18.758
          ],
          [
            -423.549,
            23.457
          ],
          [
            -423.316,
            28.121
          ],
          [
            -423.425,
            33.275
          ],
          [
            -423.458,
            36.463
          ],
          [
            -423.815,
            39.862
          ],
          [
            -424.397,
            44.315
          ],
          [
            -424.838,
            47.37
          ],
          [
            -425.719,
            51.657
          ],
          [
            -427.173,
            56.977
          ],
          [
            -428.901,
            62.053
          ],
          [
            -434.252,
            77.48
          ],
          [
            -440.242,
            92.974
          ],
          [
            -442.494,
            99.205
          ],
          [
            -444.488,
            104.292
          ],
          [
            -446.2,
            109.201
          ],
          [
            -448.061,
            113.833
          ],
          [
            -449.64,
            118.442
          ],
          [
            -450.736,
            122.029
          ],
          [
            -451.484,
            124.895
          ],
          [
            -452.049,
            128.349
          ],
          [
            -452.365,
            131.881
          ],
          [
            -452.523,
            134.891
          ],
          [
            -452.399,
            138.756
          ],
          [
            -451.976,
            142.766
          ],
          [
            -451.187,
            146.232
          ],
          [
            -449.833,
            150.208
          ],
          [
            -448.695,
            152.796
          ],
          [
            -447.656,
            155.006
          ],
          [
            -446.842,
            156.55
          ]
        ]
      },
      "properties": {
        "osm_id": 196031168,
        "name": "Viale dell'Umanesimo",
        "highway": "tertiary",
        "lanes": "4",
        "width_m": 13.0,
        "surface": "asphalt",
        "maxspeed": "50"
      }
    },
    {
      "type": "Feature",
      "id": 196031169,
      "geometry": {
        "type": "LineString",
        "coordinates": [
          [
            -479.907,
            -80.842
          ],
          [
            -484.85,
            -68.436
          ],
          [
            -485.224,
            -67.48
          ],
          [
            -497.438,
            -36.126
          ],
          [
            -498.095,
            -34.46
          ],
          [
            -507.567,
            -10.214
          ],
          [
            -516.839,
            13.498
          ],
          [
            -519.814,
            21.107
          ],
          [
            -523.993,
            31.791
          ],
          [
            -533.889,
            57.092
          ],
          [
            -538.218,
            68.166
          ],
          [
            -549.219,
            96.288
          ],
          [
            -551.33,
            101.685
          ],
          [
            -553.016,
            106.017
          ],
          [
            -571.247,
            153.92
          ],
          [
            -574.687,
            162.528
          ]
        ]
      },
      "properties": {
        "osm_id": 196031169,
        "name": "Viale della Tecnica",
        "highway": "tertiary",
        "lanes": "4",
        "width_m": 13.0,
        "surface": "asphalt",
        "maxspeed": "50"
      }
    },
    {
      "type": "Feature",
      "id": 196795653,
      "geometry": {
        "type": "LineString",
        "coordinates": [
          [
            474.071,
            -23.207
          ],
          [
            461.028,
            -28.293
          ]
        ]
      },
      "properties": {
        "osm_id": 196795653,
        "name": "Viale America",
        "highway": "tertiary",
        "lanes": "2",
        "width_m": 6.5,
        "surface": "asphalt",
        "maxspeed": "50"
      }
    },
    {
      "type": "Feature",
      "id": 203040996,
      "geometry": {
        "type": "LineString",
        "coordinates": [
          [
            309.876,
            -445.864
          ],
          [
            306.703,
            -440.11
          ],
          [
            303.364,
            -434.346
          ],
          [
            299.693,
            -427.226
          ],
          [
            295.913,
            -417.696
          ],
          [
            293.33,
            -411.254
          ],
          [
            290.49,
            -404.212
          ],
          [
            246.135,
            -290.163
          ],
          [
            242.721,
            -281.333
          ],
          [
            240.088,
            -274.08
          ]
        ]
      },
      "properties": {
        "osm_id": 203040996,
        "name": "Via Cristoforo Colombo",
        "highway": "residential",
        "lanes": "2",
        "width_m": 6.5,
        "surface": "asphalt",
        "maxspeed": "50"
      }
    },
    {
      "type": "Feature",
      "id": 218706524,
      "geometry": {
        "type": "LineString",
        "coordinates": [
          [
            194.121,
            -154.901
          ],
          [
            188.58,
            -141.061
          ],
          [
            187.907,
            -137.452
          ],
          [
            187.5,
            -134.497
          ]
        ]
      },
      "properties": {
        "osm_id": 218706524,
        "name": "Via Cristoforo Colombo",
        "highway": "residential",
        "lanes": "2",
        "width_m": 6.5,
        "surface": "asphalt",
        "maxspeed": "50"
      }
    },
    {
      "type": "Feature",
      "id": 218706525,
      "geometry": {
        "type": "LineString",
        "coordinates": [
          [
            -42.98,
            -242.444
          ],
          [
            -54.436,
            -246.742
          ],
          [
            -76.682,
            -255.35
          ],
          [
            -103.405,
            -265.936
          ],
          [
            -129.929,
            -276.399
          ],
          [
            -180.676,
            -296.059
          ],
          [
            -218.481,
            -310.655
          ],
          [
            -220.258,
            -311.355
          ],
          [
            -284.27,
            -337.17
          ]
        ]
      },
      "properties": {
        "osm_id": 218706525,
        "name": "Viale America",
        "highway": "service",
        "lanes": null,
        "width_m": 6.0,
        "surface": "asphalt",
        "maxspeed": null
      }
    },
    {
      "type": "Feature",
      "id": 218706526,
      "geometry": {
        "type": "LineString",
        "coordinates": [
          [
            160.61,
            -144.826
          ],
          [
            108.889,
            -164.895
          ],
          [
            103.972,
            -166.917
          ],
          [
            97.442,
            -169.538
          ],
          [
            42.532,
            -191.074
          ],
          [
            36.942,
            -193.273
          ],
          [
            -49.261,
            -226.572
          ]
        ]
      },
      "properties": {
        "osm_id": 218706526,
        "name": "Viale America",
        "highway": "tertiary",
        "lanes": "2",
        "width_m": 6.5,
        "surface": "asphalt",
        "maxspeed": "50"
      }
    },
    {
      "type": "Feature",
      "id": 218706527,
      "geometry": {
        "type": "LineString",
        "coordinates": [
          [
            -180.676,
            -296.059
          ],
          [
            -187.081,
            -280.088
          ]
        ]
      },
      "properties": {
        "osm_id": 218706527,
        "name": null,
        "highway": "service",
        "lanes": null,
        "width_m": 6.0,
        "surface": "asphalt",
        "maxspeed": null
      }
    },
    {
      "type": "Feature",
      "id": 220186448,
      "geometry": {
        "type": "LineString",
        "coordinates": [
          [
            259.194,
            -266.606
          ],
          [
            264.054,
            -264.629
          ],
          [
            271.672,
            -261.919
          ]
        ]
      },
      "properties": {
        "osm_id": 220186448,
        "name": "Viale Europa",
        "highway": "tertiary",
        "lanes": "4",
        "width_m": 13.0,
        "surface": "asphalt",
        "maxspeed": "50"
      }
    },
    {
      "type": "Feature",
      "id": 222115116,
      "geometry": {
        "type": "LineString",
        "coordinates": [
          [
            56.389,
            -128.053
          ],
          [
            68.742,
            -122.821
          ],
          [
            87.117,
            -116.257
          ],
          [
            89.518,
            -115.624
          ],
          [
            92.7,
            -115.158
          ],
          [
            95.948,
            -115.169
          ],
          [
            99.885,
            -115.425
          ],
          [
            102.103,
            -115.68
          ],
          [
            104.654,
            -116.169
          ],
          [
            117.613,
            -119.634
          ],
          [
            130.048,
            -123.167
          ],
          [
            134.543,
            -124.6
          ],
          [
            138.223,
            -126.221
          ],
          [
            141.113,
            -127.843
          ],
          [
            144.428,
            -129.798
          ],
          [
            148.042,
            -132.452
          ],
          [
            150.7,
            -134.952
          ],
          [
            160.61,
            -144.826
          ]
        ]
      },
      "properties": {
        "osm_id": 222115116,
        "name": "Via Ettore Majorana",
        "highway": "service",
        "lanes": null,
        "width_m": 6.0,
        "surface": "asphalt",
        "maxspeed": null
      }
    },
    {
      "type": "Feature",
      "id": 232425312,
      "geometry": {
        "type": "LineString",
        "coordinates": [
          [
            116.926,
            -479.946
          ],
          [
            109.857,
            -482.422
          ],
          [
            105.902,
            -484.233
          ],
          [
            85.044,
            -492.407
          ],
          [
            68.979,
            -498.471
          ],
          [
            63.671,
            -500.537
          ],
          [
            58.056,
            -502.714
          ]
        ]
      },
      "properties": {
        "osm_id": 232425312,
        "name": "Piazzale Asia",
        "highway": "residential",
        "lanes": "4",
        "width_m": 13.0,
        "surface": "asphalt",
        "maxspeed": null
      }
    },
    {
      "type": "Feature",
      "id": 263564267,
      "geometry": {
        "type": "LineString",
        "coordinates": [
          [
            500.189,
            94.159
          ],
          [
            490.695,
            119.183
          ]
        ]
      },
      "properties": {
        "osm_id": 263564267,
        "name": null,
        "highway": "service",
        "lanes": null,
        "width_m": 6.0,
        "surface": null,
        "maxspeed": null
      }
    },
    {
      "type": "Feature",
      "id": 263564280,
      "geometry": {
        "type": "LineString",
        "coordinates": [
          [
            476.999,
            164.69
          ],
          [
            485.87,
            142.486
          ],
          [
            486.402,
            141.209
          ],
          [
            487.257,
            139.521
          ],
          [
            488.561,
            138.088
          ],
          [
            489.658,
            137.066
          ],
          [
            490.638,
            136.055
          ],
          [
            491.95,
            134.378
          ],
          [
            492.931,
            132.567
          ],
          [
            494.019,
            130.301
          ],
          [
            502.881,
            107.964
          ]
        ]
      },
      "properties": {
        "osm_id": 263564280,
        "name": null,
        "highway": "service",
        "lanes": null,
        "width_m": 6.0,
        "surface": null,
        "maxspeed": null
      }
    },
    {
      "type": "Feature",
      "id": 339565212,
      "geometry": {
        "type": "LineString",
        "coordinates": [
          [
            478.299,
            217.559
          ],
          [
            468.919,
            205.475
          ]
        ]
      },
      "properties": {
        "osm_id": 339565212,
        "name": null,
        "highway": "service",
        "lanes": null,
        "width_m": 6.0,
        "surface": "asphalt",
        "maxspeed": null
      }
    },
    {
      "type": "Feature",
      "id": 339565213,
      "geometry": {
        "type": "LineString",
        "coordinates": [
          [
            435.792,
            268.565
          ],
          [
            503.717,
            293.618
          ]
        ]
      },
      "properties": {
        "osm_id": 339565213,
        "name": null,
        "highway": "service",
        "lanes": null,
        "width_m": 6.0,
        "surface": "asphalt",
        "maxspeed": null
      }
    },
    {
      "type": "Feature",
      "id": 339565214,
      "geometry": {
        "type": "LineString",
        "coordinates": [
          [
            424.069,
            255.681
          ],
          [
            426.337,
            255.537
          ],
          [
            428.19,
            255.337
          ],
          [
            431.114,
            254.47
          ],
          [
            433.332,
            253.226
          ],
          [
            435.725,
            251.393
          ],
          [
            462.067,
            230.899
          ],
          [
            470.681,
            223.824
          ],
          [
            478.299,
            217.559
          ],
          [
            489.505,
            209.361
          ]
        ]
      },
      "properties": {
        "osm_id": 339565214,
        "name": null,
        "highway": "service",
        "lanes": null,
        "width_m": 6.0,
        "surface": "asphalt",
        "maxspeed": null
      }
    },
    {
      "type": "Feature",
      "id": 350349560,
      "geometry": {
        "type": "LineString",
        "coordinates": [
          [
            188.487,
            -531.095
          ],
          [
            175.928,
            -497.618
          ],
          [
            136.778,
            -512.612
          ]
        ]
      },
      "properties": {
        "osm_id": 350349560,
        "name": null,
        "highway": "service",
        "lanes": null,
        "width_m": 6.0,
        "surface": null,
        "maxspeed": null
      }
    },
    {
      "type": "Feature",
      "id": 353239589,
      "geometry": {
        "type": "LineString",
        "coordinates": [
          [
            -500.233,
            -218.903
          ],
          [
            -477.58,
            -210.494
          ]
        ]
      },
      "properties": {
        "osm_id": 353239589,
        "name": null,
        "highway": "service",
        "lanes": null,
        "width_m": 6.0,
        "surface": null,
        "maxspeed": null
      }
    },
    {
      "type": "Feature",
      "id": 353239590,
      "geometry": {
        "type": "LineString",
        "coordinates": [
          [
            -471.524,
            -226.92
          ],
          [
            -493.296,
            -235.208
          ]
        ]
      },
      "properties": {
        "osm_id": 353239590,
        "name": null,
        "highway": "service",
        "lanes": null,
        "width_m": 6.0,
        "surface": null,
        "maxspeed": null
      }
    },
    {
      "type": "Feature",
      "id": 353239596,
      "geometry": {
        "type": "LineString",
        "coordinates": [
          [
            -482.141,
            -216.725
          ],
          [
            -504.054,
            -224.968
          ]
        ]
      },
      "properties": {
        "osm_id": 353239596,
        "name": null,
        "highway": "service",
        "lanes": null,
        "width_m": 6.0,
        "surface": null,
        "maxspeed": null
      }
    },
    {
      "type": "Feature",
      "id": 353239601,
      "geometry": {
        "type": "LineString",
        "coordinates": [
          [
            -500.681,
            -233.687
          ],
          [
            -478.194,
            -225.266
          ]
        ]
      },
      "properties": {
        "osm_id": 353239601,
        "name": null,
        "highway": "service",
        "lanes": null,
        "width_m": 6.0,
        "surface": null,
        "maxspeed": null
      }
    },
    {
      "type": "Feature",
      "id": 353239605,
      "geometry": {
        "type": "LineString",
        "coordinates": [
          [
            -430.106,
            -208.658
          ],
          [
            -441.951,
            -211.569
          ],
          [
            -446.952,
            -212.891
          ],
          [
            -448.099,
            -213.268
          ]
        ]
      },
      "properties": {
        "osm_id": 353239605,
        "name": null,
        "highway": "service",
        "lanes": null,
        "width_m": 6.0,
        "surface": "asphalt",
        "maxspeed": null
      }
    },
    {
      "type": "Feature",
      "id": 353239607,
      "geometry": {
        "type": "LineString",
        "coordinates": [
          [
            -451.223,
            -204.627
          ],
          [
            -450.284,
            -204.216
          ],
          [
            -445.732,
            -202.195
          ],
          [
            -434.351,
            -197.407
          ]
        ]
      },
      "properties": {
        "osm_id": 353239607,
        "name": null,
        "highway": "service",
        "lanes": null,
        "width_m": 6.0,
        "surface": "asphalt",
        "maxspeed": null
      }
    },
    {
      "type": "Feature",
      "id": 353239610,
      "geometry": {
        "type": "LineString",
        "coordinates": [
          [
            -448.099,
            -213.268
          ],
          [
            -451.762,
            -214.524
          ],
          [
            -453.041,
            -215.69
          ],
          [
            -453.988,
            -217.501
          ],
          [
            -454.76,
            -219.533
          ],
          [
            -455.092,
            -222.665
          ],
          [
            -454.37,
            -226.02
          ],
          [
            -443.328,
            -257.818
          ],
          [
            -442.929,
            -261.917
          ],
          [
            -444.656,
            -264.971
          ],
          [
            -455.92,
            -269.237
          ],
          [
            -479.42,
            -278.146
          ],
          [
            -482.427,
            -277.78
          ],
          [
            -484.496,
            -275.526
          ],
          [
            -497.274,
            -242.383
          ],
          [
            -500.681,
            -233.687
          ],
          [
            -502.45,
            -229.111
          ],
          [
            -504.054,
            -224.968
          ],
          [
            -507.502,
            -216.194
          ],
          [
            -519.034,
            -186.217
          ],
          [
            -519.699,
            -182.64
          ],
          [
            -518.769,
            -180.252
          ],
          [
            -515.845,
            -177.475
          ],
          [
            -493.176,
            -168.177
          ],
          [
            -485.209,
            -165.389
          ],
          [
            -481.945,
            -165.81
          ],
          [
            -479.286,
            -167.399
          ],
          [
            -476.752,
            -171.241
          ],
          [
            -464.024,
            -199.286
          ],
          [
            -462.927,
            -201.707
          ],
          [
            -458.142,
            -205.416
          ],
          [
            -455.077,
            -205.683
          ],
          [
            -451.223,
            -204.627
          ]
        ]
      },
      "properties": {
        "osm_id": 353239610,
        "name": null,
        "highway": "service",
        "lanes": null,
        "width_m": 6.0,
        "surface": "asphalt",
        "maxspeed": null
      }
    },
    {
      "type": "Feature",
      "id": 353239617,
      "geometry": {
        "type": "LineString",
        "coordinates": [
          [
            -493.176,
            -168.177
          ],
          [
            -479.433,
            -205.473
          ],
          [
            -477.58,
            -210.494
          ],
          [
            -474.614,
            -218.524
          ],
          [
            -471.524,
            -226.92
          ],
          [
            -469.737,
            -231.752
          ],
          [
            -455.92,
            -269.237
          ]
        ]
      },
      "properties": {
        "osm_id": 353239617,
        "name": null,
        "highway": "service",
        "lanes": null,
        "width_m": 6.0,
        "surface": "asphalt",
        "maxspeed": null
      }
    },
    {
      "type": "Feature",
      "id": 353239618,
      "geometry": {
        "type": "LineString",
        "coordinates": [
          [
            -451.762,
            -214.524
          ],
          [
            -428.698,
            -276.188
          ],
          [
            -428.058,
            -279.854
          ],
          [
            -428.315,
            -282.308
          ],
          [
            -429.461,
            -286.707
          ],
          [
            -432.535,
            -289.584
          ],
          [
            -436.763,
            -291.117
          ],
          [
            -456.932,
            -291.684
          ],
          [
            -463.902,
            -290.541
          ],
          [
            -468.454,
            -285.932
          ],
          [
            -470.831,
            -280.567
          ]
        ]
      },
      "properties": {
        "osm_id": 353239618,
        "name": null,
        "highway": "service",
        "lanes": "2",
        "width_m": 6.5,
        "surface": null,
        "maxspeed": null
      }
    },
    {
      "type": "Feature",
      "id": 353239619,
      "geometry": {
        "type": "LineString",
        "coordinates": [
          [
            -455.077,
            -205.683
          ],
          [
            -465.138,
            -181.737
          ],
          [
            -473.821,
            -161.067
          ],
          [
            -478.714,
            -152.948
          ],
          [
            -485.643,
            -143.608
          ],
          [
            -499.359,
            -129.669
          ],
          [
            -511.995,
            -120.607
          ],
          [
            -515.849,
            -117.942
          ],
          [
            -558.492,
            -91.677
          ]
        ]
      },
      "properties": {
        "osm_id": 353239619,
        "name": null,
        "highway": "service",
        "lanes": null,
        "width_m": 6.0,
        "surface": null,
        "maxspeed": null
      }
    },
    {
      "type": "Feature",
      "id": 378903516,
      "geometry": {
        "type": "LineString",
        "coordinates": [
          [
            -344.411,
            159.122
          ],
          [
            -349.213,
            163.331
          ],
          [
            -351.54,
            165.141
          ],
          [
            -353.65,
            166.618
          ],
          [
            -356.192,
            168.306
          ],
          [
            -362.032,
            171.738
          ],
          [
            -364.093,
            173.093
          ],
          [
            -366.045,
            174.892
          ],
          [
            -367.441,
            176.57
          ],
          [
            -368.504,
            178.702
          ],
          [
            -369.119,
            180.957
          ],
          [
            -369.385,
            182.478
          ],
          [
            -369.011,
            184.833
          ],
          [
            -368.347,
            187.166
          ],
          [
            -366.71,
            188.887
          ],
          [
            -364.069,
            190.742
          ],
          [
            -362.158,
            191.475
          ],
          [
            -358.494,
            192.442
          ],
          [
            -355.138,
            192.786
          ],
          [
            -352.496,
            192.998
          ],
          [
            -349.223,
            192.376
          ],
          [
            -347.08,
            191.521
          ],
          [
            -345.418,
            190.599
          ],
          [
            -344.097,
            189.377
          ],
          [
            -342.876,
            187.922
          ],
          [
            -341.679,
            185.356
          ],
          [
            -341.173,
            183.235
          ],
          [
            -341.006,
            180.658
          ],
          [
            -340.956,
            177.97
          ],
          [
            -341.38,
            175.727
          ],
          [
            -341.92,
            173.383
          ],
          [
            -342.9,
            169.54
          ],
          [
            -343.888,
            165.697
          ],
          [
            -344.37,
            162.298
          ],
          [
            -344.411,
            159.122
          ],
          [
            -342.368,
            155.201
          ]
        ]
      },
      "properties": {
        "osm_id": 378903516,
        "name": null,
        "highway": "service",
        "lanes": null,
        "width_m": 6.0,
        "surface": null,
        "maxspeed": null
      }
    },
    {
      "type": "Feature",
      "id": 378903517,
      "geometry": {
        "type": "LineString",
        "coordinates": [
          [
            -365.782,
            233.993
          ],
          [
            -356.933,
            206.714
          ]
        ]
      },
      "properties": {
        "osm_id": 378903517,
        "name": null,
        "highway": "service",
        "lanes": null,
        "width_m": 6.0,
        "surface": null,
        "maxspeed": null
      }
    },
    {
      "type": "Feature",
      "id": 378903518,
      "geometry": {
        "type": "LineString",
        "coordinates": [
          [
            -332.946,
            137.508
          ],
          [
            -342.368,
            155.201
          ]
        ]
      },
      "properties": {
        "osm_id": 378903518,
        "name": null,
        "highway": "service",
        "lanes": null,
        "width_m": 6.0,
        "surface": null,
        "maxspeed": null
      }
    },
    {
      "type": "Feature",
      "id": 378903520,
      "geometry": {
        "type": "LineString",
        "coordinates": [
          [
            -346.841,
            235.049
          ],
          [
            -345.329,
            230.095
          ],
          [
            -344.357,
            227.563
          ],
          [
            -343.16,
            225.031
          ],
          [
            -341.482,
            222.509
          ],
          [
            -339.579,
            219.977
          ],
          [
            -335.334,
            214.812
          ]
        ]
      },
      "properties": {
        "osm_id": 378903520,
        "name": null,
        "highway": "service",
        "lanes": null,
        "width_m": 6.0,
        "surface": null,
        "maxspeed": null
      }
    },
    {
      "type": "Feature",
      "id": 378903522,
      "geometry": {
        "type": "LineString",
        "coordinates": [
          [
            -342.368,
            155.201
          ],
          [
            -339.161,
            153.602
          ],
          [
            -328.967,
            149.104
          ],
          [
            -321.939,
            146.227
          ]
        ]
      },
      "properties": {
        "osm_id": 378903522,
        "name": null,
        "highway": "service",
        "lanes": null,
        "width_m": 6.0,
        "surface": null,
        "maxspeed": null
      }
    },
    {
      "type": "Feature",
      "id": 378903523,
      "geometry": {
        "type": "LineString",
        "coordinates": [
          [
            -267.743,
            424.96
          ],
          [
            -271.391,
            426.414
          ],
          [
            -274.813,
            428.769
          ],
          [
            -277.879,
            431.679
          ],
          [
            -280.289,
            435.122
          ],
          [
            -281.585,
            437.643
          ],
          [
            -282.656,
            440.276
          ],
          [
            -283.371,
            444.107
          ],
          [
            -283.537,
            448.173
          ],
          [
            -283.022,
            452.005
          ],
          [
            -282.184,
            455.959
          ],
          [
            -280.962,
            458.68
          ],
          [
            -279.575,
            460.59
          ],
          [
            -277.739,
            462.068
          ],
          [
            -274.466,
            463.589
          ],
          [
            -271.134,
            464.489
          ],
          [
            -265.834,
            465.522
          ],
          [
            -260.891,
            466.078
          ],
          [
            -241.293,
            465.068
          ],
          [
            -231.631,
            464.457
          ]
        ]
      },
      "properties": {
        "osm_id": 378903523,
        "name": null,
        "highway": "service",
        "lanes": null,
        "width_m": 6.0,
        "surface": null,
        "maxspeed": null
      }
    },
    {
      "type": "Feature",
      "id": 378903524,
      "geometry": {
        "type": "LineString",
        "coordinates": [
          [
            -323.588,
            224.698
          ],
          [
            -327.343,
            229.929
          ],
          [
            -329.054,
            231.629
          ],
          [
            -331.53,
            232.806
          ],
          [
            -334.346,
            233.761
          ],
          [
            -336.598,
            234.139
          ],
          [
            -346.841,
            235.049
          ],
          [
            -349.931,
            235.326
          ],
          [
            -353.744,
            235.393
          ],
          [
            -357.217,
            235.348
          ],
          [
            -360.249,
            235.082
          ],
          [
            -362.941,
            234.704
          ],
          [
            -365.782,
            233.993
          ],
          [
            -372.81,
            232.249
          ]
        ]
      },
      "properties": {
        "osm_id": 378903524,
        "name": null,
        "highway": "service",
        "lanes": null,
        "width_m": 6.0,
        "surface": null,
        "maxspeed": null
      }
    },
    {
      "type": "Feature",
      "id": 378903525,
      "geometry": {
        "type": "LineString",
        "coordinates": [
          [
            -349.223,
            192.376
          ],
          [
            -348.974,
            196.241
          ],
          [
            -348.625,
            198.807
          ],
          [
            -348.052,
            200.95
          ],
          [
            -347.147,
            203.105
          ],
          [
            -346.125,
            205.06
          ],
          [
            -344.763,
            207.026
          ],
          [
            -343.674,
            208.292
          ],
          [
            -341.739,
            210.158
          ],
          [
            -335.334,
            214.812
          ],
          [
            -332.908,
            216.579
          ],
          [
            -323.588,
            224.698
          ],
          [
            -292.416,
            194.811
          ]
        ]
      },
      "properties": {
        "osm_id": 378903525,
        "name": null,
        "highway": "service",
        "lanes": null,
        "width_m": 6.0,
        "surface": null,
        "maxspeed": null
      }
    },
    {
      "type": "Feature",
      "id": 398311202,
      "geometry": {
        "type": "LineString",
        "coordinates": [
          [
            -498.095,
            -34.46
          ],
          [
            -503.801,
            -36.738
          ],
          [
            -506.069,
            -37.648
          ],
          [
            -507.241,
            -38.115
          ],
          [
            -519.452,
            -42.792
          ]
        ]
      },
      "properties": {
        "osm_id": 398311202,
        "name": null,
        "highway": "service",
        "lanes": null,
        "width_m": 6.0,
        "surface": null,
        "maxspeed": null
      }
    },
    {
      "type": "Feature",
      "id": 408556968,
      "geometry": {
        "type": "LineString",
        "coordinates": [
          [
            -76.682,
            -255.35
          ],
          [
            -80.129,
            -246.376
          ],
          [
            -80.453,
            -245.532
          ],
          [
            -82.713,
            -239.512
          ]
        ]
      },
      "properties": {
        "osm_id": 408556968,
        "name": null,
        "highway": "service",
        "lanes": null,
        "width_m": 6.0,
        "surface": null,
        "maxspeed": null
      }
    },
    {
      "type": "Feature",
      "id": 408556969,
      "geometry": {
        "type": "LineString",
        "coordinates": [
          [
            -76.682,
            -255.35
          ],
          [
            -73.5,
            -263.192
          ],
          [
            -72.877,
            -264.836
          ]
        ]
      },
      "properties": {
        "osm_id": 408556969,
        "name": null,
        "highway": "service",
        "lanes": null,
        "width_m": 6.0,
        "surface": null,
        "maxspeed": null
      }
    },
    {
      "type": "Feature",
      "id": 408556970,
      "geometry": {
        "type": "LineString",
        "coordinates": [
          [
            -72.877,
            -264.836
          ],
          [
            -60.566,
            -297.546
          ]
        ]
      },
      "properties": {
        "osm_id": 408556970,
        "name": null,
        "highway": "service",
        "lanes": null,
        "width_m": 6.0,
        "surface": null,
        "maxspeed": null
      }
    },
    {
      "type": "Feature",
      "id": 441629836,
      "geometry": {
        "type": "LineString",
        "coordinates": [
          [
            -368.898,
            414.104
          ],
          [
            -374.913,
            412.193
          ],
          [
            -387.807,
            406.961
          ],
          [
            -392.284,
            404.628
          ],
          [
            -396.064,
            402.173
          ],
          [
            -399.736,
            399.652
          ],
          [
            -402.793,
            397.252
          ],
          [
            -405.668,
            394.764
          ],
          [
            -408.658,
            392.076
          ],
          [
            -411.682,
            389.022
          ],
          [
            -414.398,
            385.745
          ],
          [
            -415.495,
            384.134
          ],
          [
            -416.583,
            382.146
          ],
          [
            -418.236,
            378.658
          ],
          [
            -419.864,
            374.96
          ],
          [
            -421.193,
            370.761
          ],
          [
            -422.655,
            366.074
          ],
          [
            -423.295,
            363.641
          ],
          [
            -423.768,
            361.453
          ],
          [
            -424.308,
            358.043
          ],
          [
            -424.457,
            353.423
          ],
          [
            -424.54,
            349.869
          ],
          [
            -424.407,
            345.881
          ],
          [
            -424.249,
            343.338
          ],
          [
            -420.633,
            313.771
          ]
        ]
      },
      "properties": {
        "osm_id": 441629836,
        "name": "Viale dell'Umanesimo",
        "highway": "tertiary",
        "lanes": "1",
        "width_m": 3.25,
        "surface": "asphalt",
        "maxspeed": "50"
      }
    },
    {
      "type": "Feature",
      "id": 461142313,
      "geometry": {
        "type": "LineString",
        "coordinates": [
          [
            -180.676,
            -296.059
          ],
          [
            -180.867,
            -305.211
          ],
          [
            -182.312,
            -316.352
          ],
          [
            -203.893,
            -324.649
          ],
          [
            -211.827,
            -316.841
          ],
          [
            -218.481,
            -310.655
          ]
        ]
      },
      "properties": {
        "osm_id": 461142313,
        "name": null,
        "highway": "service",
        "lanes": null,
        "width_m": 6.0,
        "surface": "asphalt",
        "maxspeed": null
      }
    },
    {
      "type": "Feature",
      "id": 469411198,
      "geometry": {
        "type": "LineString",
        "coordinates": [
          [
            -467.035,
            -392.414
          ],
          [
            -469.661,
            -386.195
          ],
          [
            -473.125,
            -378.576
          ],
          [
            -474.064,
            -376.854
          ],
          [
            -475.443,
            -374.377
          ],
          [
            -476.98,
            -372.0
          ],
          [
            -478.475,
            -369.735
          ],
          [
            -480.062,
            -367.702
          ],
          [
            -481.865,
            -365.67
          ],
          [
            -483.609,
            -363.759
          ],
          [
            -486.226,
            -361.272
          ],
          [
            -488.104,
            -359.65
          ],
          [
            -490.039,
            -358.218
          ],
          [
            -493.429,
            -355.73
          ],
          [
            -497.541,
            -352.92
          ],
          [
            -502.716,
            -349.422
          ],
          [
            -506.155,
            -347.245
          ],
          [
            -521.839,
            -337.405
          ],
          [
            -523.21,
            -336.583
          ],
          [
            -524.996,
            -335.762
          ],
          [
            -526.815,
            -335.306
          ],
          [
            -528.876,
            -335.184
          ],
          [
            -530.537,
            -335.34
          ],
          [
            -531.916,
            -335.684
          ],
          [
            -534.134,
            -336.873
          ],
          [
            -536.244,
            -338.395
          ],
          [
            -538.345,
            -340.239
          ],
          [
            -540.339,
            -342.416
          ],
          [
            -541.991,
            -344.449
          ],
          [
            -543.038,
            -345.748
          ],
          [
            -544.458,
            -347.281
          ],
          [
            -546.427,
            -349.214
          ],
          [
            -548.387,
            -350.924
          ],
          [
            -550.439,
            -352.413
          ],
          [
            -552.499,
            -353.69
          ],
          [
            -554.26,
            -354.635
          ],
          [
            -556.461,
            -355.657
          ],
          [
            -564.876,
            -359.278
          ],
          [
            -568.157,
            -360.689
          ]
        ]
      },
      "properties": {
        "osm_id": 469411198,
        "name": "Via del Giordano",
        "highway": "residential",
        "lanes": null,
        "width_m": 6.0,
        "surface": "asphalt",
        "maxspeed": null
      }
    },
    {
      "type": "Feature",
      "id": 587931725,
      "geometry": {
        "type": "LineString",
        "coordinates": [
          [
            -34.822,
            -487.697
          ],
          [
            -16.763,
            -480.333
          ],
          [
            26.773,
            -462.94
          ],
          [
            32.056,
            -460.585
          ],
          [
            40.446,
            -456.698
          ]
        ]
      },
      "properties": {
        "osm_id": 587931725,
        "name": "Via della Chimica",
        "highway": "residential",
        "lanes": "1",
        "width_m": 3.25,
        "surface": "asphalt",
        "maxspeed": null
      }
    },
    {
      "type": "Feature",
      "id": 588485340,
      "geometry": {
        "type": "LineString",
        "coordinates": [
          [
            97.442,
            -169.538
          ],
          [
            99.685,
            -175.436
          ],
          [
            101.097,
            -179.179
          ],
          [
            104.154,
            -186.965
          ],
          [
            105.458,
            -190.308
          ]
        ]
      },
      "properties": {
        "osm_id": 588485340,
        "name": null,
        "highway": "service",
        "lanes": null,
        "width_m": 6.0,
        "surface": null,
        "maxspeed": null
      }
    },
    {
      "type": "Feature",
      "id": 588485351,
      "geometry": {
        "type": "LineString",
        "coordinates": [
          [
            121.948,
            -191.23
          ],
          [
            134.109,
            -223.219
          ],
          [
            116.938,
            -229.549
          ]
        ]
      },
      "properties": {
        "osm_id": 588485351,
        "name": null,
        "highway": "service",
        "lanes": null,
        "width_m": 6.0,
        "surface": null,
        "maxspeed": null
      }
    },
    {
      "type": "Feature",
      "id": 588485352,
      "geometry": {
        "type": "LineString",
        "coordinates": [
          [
            114.679,
            -194.318
          ],
          [
            122.354,
            -214.955
          ]
        ]
      },
      "properties": {
        "osm_id": 588485352,
        "name": null,
        "highway": "service",
        "lanes": null,
        "width_m": 6.0,
        "surface": null,
        "maxspeed": null
      }
    },
    {
      "type": "Feature",
      "id": 588485353,
      "geometry": {
        "type": "LineString",
        "coordinates": [
          [
            108.042,
            -196.939
          ],
          [
            116.373,
            -219.397
          ]
        ]
      },
      "properties": {
        "osm_id": 588485353,
        "name": null,
        "highway": "service",
        "lanes": null,
        "width_m": 6.0,
        "surface": null,
        "maxspeed": null
      }
    },
    {
      "type": "Feature",
      "id": 588485354,
      "geometry": {
        "type": "LineString",
        "coordinates": [
          [
            101.645,
            -199.138
          ],
          [
            110.176,
            -221.952
          ]
        ]
      },
      "properties": {
        "osm_id": 588485354,
        "name": null,
        "highway": "service",
        "lanes": null,
        "width_m": 6.0,
        "surface": null,
        "maxspeed": null
      }
    },
    {
      "type": "Feature",
      "id": 588485355,
      "geometry": {
        "type": "LineString",
        "coordinates": [
          [
            94.011,
            -201.893
          ],
          [
            106.272,
            -233.614
          ],
          [
            115.284,
            -257.183
          ]
        ]
      },
      "properties": {
        "osm_id": 588485355,
        "name": null,
        "highway": "service",
        "lanes": null,
        "width_m": 6.0,
        "surface": null,
        "maxspeed": null
      }
    },
    {
      "type": "Feature",
      "id": 588485356,
      "geometry": {
        "type": "LineString",
        "coordinates": [
          [
            119.531,
            -184.81
          ],
          [
            121.358,
            -189.542
          ],
          [
            121.948,
            -191.23
          ]
        ]
      },
      "properties": {
        "osm_id": 588485356,
        "name": null,
        "highway": "service",
        "lanes": null,
        "width_m": 6.0,
        "surface": "sett",
        "maxspeed": null
      }
    },
    {
      "type": "Feature",
      "id": 588485357,
      "geometry": {
        "type": "LineString",
        "coordinates": [
          [
            112.129,
            -187.731
          ],
          [
            113.956,
            -192.43
          ],
          [
            114.679,
            -194.318
          ]
        ]
      },
      "properties": {
        "osm_id": 588485357,
        "name": null,
        "highway": "service",
        "lanes": null,
        "width_m": 6.0,
        "surface": "sett",
        "maxspeed": null
      }
    },
    {
      "type": "Feature",
      "id": 588485358,
      "geometry": {
        "type": "LineString",
        "coordinates": [
          [
            99.402,
            -192.64
          ],
          [
            101.039,
            -197.328
          ],
          [
            101.645,
            -199.138
          ]
        ]
      },
      "properties": {
        "osm_id": 588485358,
        "name": null,
        "highway": "service",
        "lanes": null,
        "width_m": 6.0,
        "surface": "sett",
        "maxspeed": null
      }
    },
    {
      "type": "Feature",
      "id": 588485359,
      "geometry": {
        "type": "LineString",
        "coordinates": [
          [
            91.685,
            -195.639
          ],
          [
            93.454,
            -200.193
          ],
          [
            94.011,
            -201.893
          ]
        ]
      },
      "properties": {
        "osm_id": 588485359,
        "name": null,
        "highway": "service",
        "lanes": null,
        "width_m": 6.0,
        "surface": "sett",
        "maxspeed": null
      }
    },
    {
      "type": "Feature",
      "id": 589349847,
      "geometry": {
        "type": "LineString",
        "coordinates": [
          [
            24.43,
            -416.99
          ],
          [
            13.125,
            -421.433
          ],
          [
            -33.111,
            -440.204
          ],
          [
            -20.036,
            -472.025
          ],
          [
            -19.263,
            -473.913
          ],
          [
            -16.763,
            -480.333
          ]
        ]
      },
      "properties": {
        "osm_id": 589349847,
        "name": null,
        "highway": "service",
        "lanes": null,
        "width_m": 6.0,
        "surface": null,
        "maxspeed": null
      }
    },
    {
      "type": "Feature",
      "id": 590600543,
      "geometry": {
        "type": "LineString",
        "coordinates": [
          [
            -26.199,
            -509.878
          ],
          [
            -34.822,
            -487.697
          ]
        ]
      },
      "properties": {
        "osm_id": 590600543,
        "name": "Via della Chimica",
        "highway": "residential",
        "lanes": "2",
        "width_m": 6.5,
        "surface": "asphalt",
        "maxspeed": null
      }
    },
    {
      "type": "Feature",
      "id": 682402634,
      "geometry": {
        "type": "LineString",
        "coordinates": [
          [
            -368.898,
            414.104
          ],
          [
            -369.737,
            404.64
          ],
          [
            -370.235,
            399.476
          ],
          [
            -370.551,
            397.987
          ],
          [
            -376.457,
            395.121
          ],
          [
            -387.939,
            390.078
          ],
          [
            -395.706,
            385.535
          ],
          [
            -402.128,
            379.981
          ],
          [
            -406.514,
            372.584
          ],
          [
            -408.881,
            364.509
          ],
          [
            -408.881,
            359.122
          ],
          [
            -404.659,
            345.66
          ]
        ]
      },
      "properties": {
        "osm_id": 682402634,
        "name": null,
        "highway": "service",
        "lanes": null,
        "width_m": 6.0,
        "surface": null,
        "maxspeed": null
      }
    },
    {
      "type": "Feature",
      "id": 830629126,
      "geometry": {
        "type": "LineString",
        "coordinates": [
          [
            164.09,
            535.399
          ],
          [
            166.839,
            528.646
          ],
          [
            167.853,
            526.07
          ],
          [
            216.268,
            407.223
          ]
        ]
      },
      "properties": {
        "osm_id": 830629126,
        "name": "Via delle Ande",
        "highway": "residential",
        "lanes": "2",
        "width_m": 6.5,
        "surface": "asphalt",
        "maxspeed": null
      }
    },
    {
      "type": "Feature",
      "id": 1059179702,
      "geometry": {
        "type": "LineString",
        "coordinates": [
          [
            534.329,
            47.185
          ],
          [
            494.264,
            77.11
          ],
          [
            493.774,
            79.242
          ],
          [
            494.024,
            81.464
          ],
          [
            495.951,
            82.952
          ],
          [
            497.721,
            83.796
          ],
          [
            506.95,
            87.072
          ]
        ]
      },
      "properties": {
        "osm_id": 1059179702,
        "name": null,
        "highway": "service",
        "lanes": null,
        "width_m": 6.0,
        "surface": null,
        "maxspeed": null
      }
    },
    {
      "type": "Feature",
      "id": 1097700431,
      "geometry": {
        "type": "LineString",
        "coordinates": [
          [
            320.194,
            -242.184
          ],
          [
            323.724,
            -251.381
          ]
        ]
      },
      "properties": {
        "osm_id": 1097700431,
        "name": "Via Cristoforo Colombo",
        "highway": "unclassified",
        "lanes": null,
        "width_m": 6.0,
        "surface": "asphalt",
        "maxspeed": "50"
      }
    },
    {
      "type": "Feature",
      "id": 1176327570,
      "geometry": {
        "type": "LineString",
        "coordinates": [
          [
            250.328,
            -101.667
          ],
          [
            239.853,
            -97.579
          ],
          [
            201.415,
            -112.85
          ],
          [
            196.315,
            -115.36
          ],
          [
            189.254,
            -118.725
          ]
        ]
      },
      "properties": {
        "osm_id": 1176327570,
        "name": "Largo Giuseppe Pella",
        "highway": "tertiary",
        "lanes": null,
        "width_m": 6.0,
        "surface": "asphalt",
        "maxspeed": null
      }
    },
    {
      "type": "Feature",
      "id": 1176327571,
      "geometry": {
        "type": "LineString",
        "coordinates": [
          [
            189.254,
            -118.725
          ],
          [
            183.181,
            -117.37
          ]
        ]
      },
      "properties": {
        "osm_id": 1176327571,
        "name": "Via Cristoforo Colombo",
        "highway": "primary",
        "lanes": "3",
        "width_m": 9.75,
        "surface": "asphalt",
        "maxspeed": "50"
      }
    },
    {
      "type": "Feature",
      "id": 1176327572,
      "geometry": {
        "type": "LineString",
        "coordinates": [
          [
            210.395,
            -124.546
          ],
          [
            206.075,
            -122.869
          ],
          [
            189.254,
            -118.725
          ]
        ]
      },
      "properties": {
        "osm_id": 1176327572,
        "name": "Via Cristoforo Colombo",
        "highway": "primary",
        "lanes": "3",
        "width_m": 9.75,
        "surface": "asphalt",
        "maxspeed": "50"
      }
    },
    {
      "type": "Feature",
      "id": 1176327583,
      "geometry": {
        "type": "LineString",
        "coordinates": [
          [
            540.558,
            148.191
          ],
          [
            524.16,
            159.222
          ],
          [
            521.344,
            161.055
          ],
          [
            517.124,
            163.887
          ],
          [
            513.104,
            166.742
          ],
          [
            509.199,
            169.597
          ],
          [
            498.533,
            177.906
          ],
          [
            497.179,
            179.016
          ],
          [
            495.268,
            180.583
          ],
          [
            492.22,
            183.26
          ],
          [
            488.639,
            186.636
          ],
          [
            485.275,
            190.024
          ]
        ]
      },
      "properties": {
        "osm_id": 1176327583,
        "name": "Piazzale Enrico Mattei",
        "highway": "service",
        "lanes": null,
        "width_m": 6.0,
        "surface": null,
        "maxspeed": null
      }
    },
    {
      "type": "Feature",
      "id": 1176327613,
      "geometry": {
        "type": "LineString",
        "coordinates": [
          [
            345.215,
            -232.522
          ],
          [
            356.853,
            -236.233
          ],
          [
            365.459,
            -238.688
          ],
          [
            369.205,
            -239.61
          ],
          [
            374.131,
            -240.676
          ],
          [
            378.65,
            -240.588
          ],
          [
            381.649,
            -239.988
          ],
          [
            512.006,
            -188.637
          ],
          [
            514.399,
            -187.094
          ],
          [
            516.019,
            -185.417
          ],
          [
            518.81,
            -181.752
          ],
          [
            521.743,
            -177.931
          ],
          [
            526.961,
            -169.945
          ],
          [
            533.059,
            -159.439
          ]
        ]
      },
      "properties": {
        "osm_id": 1176327613,
        "name": null,
        "highway": "service",
        "lanes": null,
        "width_m": 6.0,
        "surface": null,
        "maxspeed": null
      }
    },
    {
      "type": "Feature",
      "id": 1176327614,
      "geometry": {
        "type": "LineString",
        "coordinates": [
          [
            365.459,
            -238.688
          ],
          [
            363.997,
            -243.541
          ]
        ]
      },
      "properties": {
        "osm_id": 1176327614,
        "name": null,
        "highway": "service",
        "lanes": null,
        "width_m": 6.0,
        "surface": null,
        "maxspeed": null
      }
    },
    {
      "type": "Feature",
      "id": 1177320326,
      "geometry": {
        "type": "LineString",
        "coordinates": [
          [
            380.054,
            -394.275
          ],
          [
            469.563,
            -357.75
          ]
        ]
      },
      "properties": {
        "osm_id": 1177320326,
        "name": null,
        "highway": "service",
        "lanes": null,
        "width_m": 6.0,
        "surface": null,
        "maxspeed": null
      }
    },
    {
      "type": "Feature",
      "id": 1177320332,
      "geometry": {
        "type": "LineString",
        "coordinates": [
          [
            404.723,
            1.532
          ],
          [
            377.516,
            -9.173
          ],
          [
            366.451,
            -12.827
          ]
        ]
      },
      "properties": {
        "osm_id": 1177320332,
        "name": null,
        "highway": "service",
        "lanes": null,
        "width_m": 6.0,
        "surface": null,
        "maxspeed": null
      }
    },
    {
      "type": "Feature",
      "id": 1177320333,
      "geometry": {
        "type": "LineString",
        "coordinates": [
          [
            455.124,
            10.493
          ],
          [
            442.845,
            5.806
          ],
          [
            408.61,
            -7.176
          ]
        ]
      },
      "properties": {
        "osm_id": 1177320333,
        "name": null,
        "highway": "service",
        "lanes": null,
        "width_m": 6.0,
        "surface": null,
        "maxspeed": null
      }
    },
    {
      "type": "Feature",
      "id": 1177320372,
      "geometry": {
        "type": "LineString",
        "coordinates": [
          [
            470.85,
            -361.026
          ],
          [
            512.211,
            -345.368
          ]
        ]
      },
      "properties": {
        "osm_id": 1177320372,
        "name": null,
        "highway": "service",
        "lanes": null,
        "width_m": 6.0,
        "surface": null,
        "maxspeed": null
      }
    },
    {
      "type": "Feature",
      "id": 1177320373,
      "geometry": {
        "type": "LineString",
        "coordinates": [
          [
            517.684,
            -359.175
          ],
          [
            476.224,
            -374.622
          ]
        ]
      },
      "properties": {
        "osm_id": 1177320373,
        "name": null,
        "highway": "service",
        "lanes": null,
        "width_m": 6.0,
        "surface": null,
        "maxspeed": null
      }
    },
    {
      "type": "Feature",
      "id": 1181329898,
      "geometry": {
        "type": "LineString",
        "coordinates": [
          [
            147.537,
            361.053
          ],
          [
            140.691,
            334.186
          ],
          [
            139.536,
            328.699
          ],
          [
            143.888,
            297.466
          ],
          [
            140.05,
            286.626
          ],
          [
            130.646,
            278.229
          ]
        ]
      },
      "properties": {
        "osm_id": 1181329898,
        "name": null,
        "highway": "service",
        "lanes": null,
        "width_m": 6.0,
        "surface": "asphalt",
        "maxspeed": null
      }
    },
    {
      "type": "Feature",
      "id": 1181329907,
      "geometry": {
        "type": "LineString",
        "coordinates": [
          [
            22.223,
            242.977
          ],
          [
            4.611,
            242.31
          ],
          [
            -2.891,
            248.597
          ],
          [
            -7.734,
            253.917
          ],
          [
            -16.491,
            265.479
          ],
          [
            -30.63,
            284.117
          ],
          [
            -36.927,
            292.48
          ]
        ]
      },
      "properties": {
        "osm_id": 1181329907,
        "name": "Piazzale dello Sport",
        "highway": "service",
        "lanes": null,
        "width_m": 6.0,
        "surface": "asphalt",
        "maxspeed": null
      }
    },
    {
      "type": "Feature",
      "id": 1312431873,
      "geometry": {
        "type": "LineString",
        "coordinates": [
          [
            366.451,
            -12.827
          ],
          [
            363.485,
            -12.616
          ],
          [
            361.541,
            -12.527
          ],
          [
            359.356,
            -12.615
          ],
          [
            350.858,
            -14.359
          ]
        ]
      },
      "properties": {
        "osm_id": 1312431873,
        "name": "Piazza della Stazione Enrico Fermi",
        "highway": "service",
        "lanes": "2",
        "width_m": 6.5,
        "surface": "asphalt",
        "maxspeed": null
      }
    },
    {
      "type": "Feature",
      "id": 1312431874,
      "geometry": {
        "type": "LineString",
        "coordinates": [
          [
            373.005,
            -20.702
          ],
          [
            371.443,
            -17.848
          ],
          [
            369.773,
            -15.804
          ],
          [
            368.112,
            -14.071
          ],
          [
            366.451,
            -12.827
          ]
        ]
      },
      "properties": {
        "osm_id": 1312431874,
        "name": "Piazza della Stazione Enrico Fermi",
        "highway": "service",
        "lanes": "2",
        "width_m": 6.5,
        "surface": "asphalt",
        "maxspeed": null
      }
    },
    {
      "type": "Feature",
      "id": 1312434784,
      "geometry": {
        "type": "LineString",
        "coordinates": [
          [
            408.61,
            -17.416
          ],
          [
            384.261,
            -26.967
          ],
          [
            382.391,
            -27.556
          ],
          [
            379.924,
            -27.866
          ],
          [
            378.77,
            -27.766
          ],
          [
            377.407,
            -27.267
          ],
          [
            376.244,
            -26.345
          ],
          [
            375.272,
            -25.323
          ],
          [
            373.005,
            -20.702
          ]
        ]
      },
      "properties": {
        "osm_id": 1312434784,
        "name": "Piazza della Stazione Enrico Fermi",
        "highway": "service",
        "lanes": "2",
        "width_m": 6.5,
        "surface": "asphalt",
        "maxspeed": null
      }
    },
    {
      "type": "Feature",
      "id": 1313527819,
      "geometry": {
        "type": "LineString",
        "coordinates": [
          [
            455.124,
            10.493
          ],
          [
            458.405,
            1.818
          ],
          [
            446.376,
            -2.891
          ],
          [
            408.61,
            -17.416
          ]
        ]
      },
      "properties": {
        "osm_id": 1313527819,
        "name": "Piazza della Stazione Enrico Fermi",
        "highway": "service",
        "lanes": "2",
        "width_m": 6.5,
        "surface": "asphalt",
        "maxspeed": null
      }
    },
    {
      "type": "Feature",
      "id": 1313527820,
      "geometry": {
        "type": "LineString",
        "coordinates": [
          [
            451.793,
            19.745
          ],
          [
            455.124,
            10.493
          ]
        ]
      },
      "properties": {
        "osm_id": 1313527820,
        "name": "Piazza della Stazione Enrico Fermi",
        "highway": "service",
        "lanes": "2",
        "width_m": 6.5,
        "surface": "asphalt",
        "maxspeed": null
      }
    },
    {
      "type": "Feature",
      "id": 1318292468,
      "geometry": {
        "type": "LineString",
        "coordinates": [
          [
            105.902,
            -484.233
          ],
          [
            95.445,
            -456.076
          ],
          [
            92.213,
            -455.188
          ],
          [
            76.397,
            -461.341
          ],
          [
            76.115,
            -467.672
          ],
          [
            85.044,
            -492.407
          ]
        ]
      },
      "properties": {
        "osm_id": 1318292468,
        "name": "Piazzale Asia",
        "highway": "service",
        "lanes": null,
        "width_m": 6.0,
        "surface": "asphalt",
        "maxspeed": null
      }
    },
    {
      "type": "Feature",
      "id": 1318326320,
      "geometry": {
        "type": "LineString",
        "coordinates": [
          [
            486.265,
            454.304
          ],
          [
            532.822,
            451.224
          ],
          [
            538.23,
            452.112
          ],
          [
            542.468,
            455.333
          ],
          [
            548.093,
            465.484
          ],
          [
            550.154,
            474.092
          ],
          [
            549.657,
            491.074
          ],
          [
            546.428,
            530.427
          ],
          [
            543.471,
            537.191
          ],
          [
            540.463,
            539.302
          ],
          [
            516.903,
            546.023
          ],
          [
            501.915,
            546.413
          ],
          [
            484.801,
            544.248
          ],
          [
            465.335,
            539.618
          ]
        ]
      },
      "properties": {
        "osm_id": 1318326320,
        "name": null,
        "highway": "residential",
        "lanes": null,
        "width_m": 6.0,
        "surface": null,
        "maxspeed": null
      }
    },
    {
      "type": "Feature",
      "id": 1383958482,
      "geometry": {
        "type": "LineString",
        "coordinates": [
          [
            447.807,
            -89.448
          ],
          [
            457.859,
            -85.527
          ],
          [
            471.508,
            -80.053
          ]
        ]
      },
      "properties": {
        "osm_id": 1383958482,
        "name": null,
        "highway": "service",
        "lanes": null,
        "width_m": 6.0,
        "surface": null,
        "maxspeed": null
      }
    },
    {
      "type": "Feature",
      "id": 1383958485,
      "geometry": {
        "type": "LineString",
        "coordinates": [
          [
            471.736,
            -150.76
          ],
          [
            482.312,
            -145.429
          ],
          [
            463.1,
            -97.312
          ]
        ]
      },
      "properties": {
        "osm_id": 1383958485,
        "name": null,
        "highway": "service",
        "lanes": null,
        "width_m": 6.0,
        "surface": null,
        "maxspeed": null
      }
    },
    {
      "type": "Feature",
      "id": 1383958490,
      "geometry": {
        "type": "LineString",
        "coordinates": [
          [
            376.824,
            -61.132
          ],
          [
            379.507,
            -68.118
          ],
          [
            383.145,
            -77.371
          ],
          [
            387.09,
            -88.267
          ]
        ]
      },
      "properties": {
        "osm_id": 1383958490,
        "name": null,
        "highway": "service",
        "lanes": null,
        "width_m": 6.0,
        "surface": null,
        "maxspeed": null
      }
    },
    {
      "type": "Feature",
      "id": 1383958491,
      "geometry": {
        "type": "LineString",
        "coordinates": [
          [
            387.09,
            -88.267
          ],
          [
            394.582,
            -108.026
          ],
          [
            394.025,
            -112.68
          ],
          [
            391.682,
            -119.344
          ],
          [
            391.242,
            -122.121
          ]
        ]
      },
      "properties": {
        "osm_id": 1383958491,
        "name": null,
        "highway": "service",
        "lanes": null,
        "width_m": 6.0,
        "surface": null,
        "maxspeed": null
      }
    },
    {
      "type": "Feature",
      "id": 1383958492,
      "geometry": {
        "type": "LineString",
        "coordinates": [
          [
            323.864,
            -81.777
          ],
          [
            326.921,
            -88.552
          ],
          [
            330.925,
            -98.038
          ],
          [
            331.863,
            -103.914
          ],
          [
            333.724,
            -108.834
          ]
        ]
      },
      "properties": {
        "osm_id": 1383958492,
        "name": null,
        "highway": "service",
        "lanes": null,
        "width_m": 6.0,
        "surface": null,
        "maxspeed": null
      }
    },
    {
      "type": "Feature",
      "id": 1383958493,
      "geometry": {
        "type": "LineString",
        "coordinates": [
          [
            333.724,
            -108.834
          ],
          [
            356.475,
            -158.739
          ],
          [
            363.835,
            -162.071
          ],
          [
            373.521,
            -163.96
          ],
          [
            381.653,
            -166.293
          ],
          [
            388.008,
            -169.181
          ],
          [
            394.687,
            -169.737
          ],
          [
            434.686,
            -154.645
          ]
        ]
      },
      "properties": {
        "osm_id": 1383958493,
        "name": null,
        "highway": "service",
        "lanes": null,
        "width_m": 6.0,
        "surface": null,
        "maxspeed": null
      }
    },
    {
      "type": "Feature",
      "id": 1395097803,
      "geometry": {
        "type": "LineString",
        "coordinates": [
          [
            408.61,
            -7.176
          ],
          [
            380.855,
            -17.97
          ],
          [
            373.005,
            -20.702
          ]
        ]
      },
      "properties": {
        "osm_id": 1395097803,
        "name": null,
        "highway": "service",
        "lanes": null,
        "width_m": 6.0,
        "surface": null,
        "maxspeed": null
      }
    },
    {
      "type": "Feature",
      "id": 1418622565,
      "geometry": {
        "type": "LineString",
        "coordinates": [
          [
            451.793,
            19.745
          ],
          [
            404.723,
            1.532
          ]
        ]
      },
      "properties": {
        "osm_id": 1418622565,
        "name": null,
        "highway": "service",
        "lanes": null,
        "width_m": 6.0,
        "surface": null,
        "maxspeed": null
      }
    },
    {
      "type": "Feature",
      "id": 1418712859,
      "geometry": {
        "type": "LineString",
        "coordinates": [
          [
            400.271,
            7.075
          ],
          [
            449.667,
            25.898
          ],
          [
            451.793,
            19.745
          ]
        ]
      },
      "properties": {
        "osm_id": 1418712859,
        "name": "Piazza della Stazione Enrico Fermi",
        "highway": "service",
        "lanes": "2",
        "width_m": 6.5,
        "surface": "asphalt",
        "maxspeed": null
      }
    },
    {
      "type": "Feature",
      "id": 1453574306,
      "geometry": {
        "type": "LineString",
        "coordinates": [
          [
            300.639,
            -56.763
          ],
          [
            299.608,
            -61.25
          ],
          [
            298.935,
            -65.315
          ],
          [
            298.594,
            -67.637
          ],
          [
            298.345,
            -70.202
          ],
          [
            298.387,
            -72.924
          ],
          [
            298.495,
            -74.601
          ],
          [
            298.769,
            -76.278
          ],
          [
            299.167,
            -79.299
          ],
          [
            299.94,
            -83.175
          ],
          [
            301.484,
            -91.439
          ]
        ]
      },
      "properties": {
        "osm_id": 1453574306,
        "name": null,
        "highway": "service",
        "lanes": null,
        "width_m": 6.0,
        "surface": null,
        "maxspeed": null
      }
    },
    {
      "type": "Feature",
      "id": 1454151928,
      "geometry": {
        "type": "LineString",
        "coordinates": [
          [
            -129.929,
            -276.399
          ],
          [
            -134.523,
            -264.448
          ],
          [
            -136.168,
            -260.183
          ]
        ]
      },
      "properties": {
        "osm_id": 1454151928,
        "name": null,
        "highway": "service",
        "lanes": null,
        "width_m": 6.0,
        "surface": null,
        "maxspeed": null
      }
    },
    {
      "type": "Feature",
      "id": 1455938821,
      "geometry": {
        "type": "LineString",
        "coordinates": [
          [
            40.509,
            488.852
          ],
          [
            37.311,
            496.238
          ]
        ]
      },
      "properties": {
        "osm_id": 1455938821,
        "name": null,
        "highway": "service",
        "lanes": null,
        "width_m": 6.0,
        "surface": "asphalt",
        "maxspeed": null
      }
    }
  ]
}